date,rainfall_imd_mm,temp_max_c,temp_min_c,pressure_hpa,wind_speed_kmh,relative_humidity_pct,station_name,river_basin,upstream_dam_outflow_cumec,discharge_cumec,water_level_m,warning_level_m,danger_level_m,highest_flood_level_m,api_soil_moisture,rain_lag1_mm,rain_lag2_mm,rain_cum_3d_mm,rain_cum_7d_mm,water_level_lag1_m,water_level_delta_24h,discharge_rolling_3d,dam_outflow_rolling_2d,pressure_drop_hpa,storm_wind_flag,next_day_water_level_m,hazard_tier
2019-01-01,0.0,35.69,28.75,1008.48,18.74,58.84,Mundali_Barrage_Cuttack,Mahanadi,449.05,1490.0,21.2,26.5,27.5,29.2,0.0,0.0,0.0,0.0,0.0,21.2,0.0,1490.0,449.05,4.769999999999982,0,21.42,0
2019-01-02,8.76,36.89,29.8,1008.29,14.48,53.01,Mundali_Barrage_Cuttack,Mahanadi,825.53,2574.06,21.42,26.5,27.5,29.2,8.76,0.0,0.0,8.76,8.76,21.2,0.22000000000000242,2032.03,637.29,4.960000000000036,0,21.39,0
2019-01-03,0.0,34.29,24.62,1007.16,12.72,51.29,Mundali_Barrage_Cuttack,Mahanadi,540.97,1567.18,21.39,26.5,27.5,29.2,7.446,8.76,0.0,8.76,8.76,21.42,-0.030000000000001137,1877.08,683.25,6.090000000000032,0,21.32,0
2019-01-04,0.0,40.59,33.39,1007.66,21.68,56.97,Mundali_Barrage_Cuttack,Mahanadi,416.82,1326.67,21.32,26.5,27.5,29.2,6.3290999999999995,0.0,8.76,8.76,8.76,21.39,-0.07000000000000028,1822.6366666666665,478.895,5.590000000000032,0,21.38,0
2019-01-05,2.34,36.37,29.78,1009.28,12.78,64.96,Mundali_Barrage_Cuttack,Mahanadi,600.91,1722.15,21.38,26.5,27.5,29.2,7.719734999999999,0.0,0.0,2.34,11.1,21.32,0.05999999999999872,1538.6666666666667,508.865,3.9700000000000273,0,21.37,0
2019-01-06,1.71,39.13,31.26,1006.07,22.76,61.48,Mundali_Barrage_Cuttack,Mahanadi,492.19,1462.05,21.37,26.5,27.5,29.2,8.271774749999999,2.34,0.0,4.05,12.809999999999999,21.38,-0.00999999999999801,1503.6233333333332,546.5500000000001,7.17999999999995,0,21.62,0
2019-01-07,8.73,37.84,26.3,1008.8,15.84,56.11,Mundali_Barrage_Cuttack,Mahanadi,740.93,2343.81,21.62,26.5,27.5,29.2,15.7610085375,1.71,2.34,12.780000000000001,21.54,21.37,0.25,1842.67,616.56,4.4500000000000455,0,21.58,0
2019-01-08,0.0,38.86,30.72,1007.19,15.03,46.18,Mundali_Barrage_Cuttack,Mahanadi,555.19,1423.69,21.58,26.5,27.5,29.2,13.396857256875,8.73,1.71,10.440000000000001,21.54,21.62,-0.0400000000000027,1743.1833333333334,648.06,6.059999999999945,0,21.7,0
2019-01-09,4.05,35.87,29.84,1008.67,16.76,60.65,Mundali_Barrage_Cuttack,Mahanadi,531.27,1991.23,21.7,26.5,27.5,29.2,15.43732866834375,0.0,8.73,12.780000000000001,16.83,21.58,0.120000000000001,1919.5766666666666,543.23,4.580000000000041,0,21.67,0
2019-01-10,0.0,35.47,24.29,1007.54,9.48,60.5,Mundali_Barrage_Cuttack,Mahanadi,597.38,1544.26,21.67,26.5,27.5,29.2,13.121729368092186,4.05,0.0,4.05,16.83,21.7,-0.029999999999997584,1653.0600000000002,564.325,5.710000000000036,0,21.56,0
2019-01-11,0.93,39.42,29.59,1006.6,14.02,60.3,Mundali_Barrage_Cuttack,Mahanadi,502.22,1406.72,21.56,26.5,27.5,29.2,12.083469962878358,0.0,4.05,4.9799999999999995,17.759999999999998,21.67,-0.11000000000000298,1647.4033333333334,549.8,6.649999999999977,0,21.49,0
2019-01-12,3.12,37.7,27.07,1010.12,24.9,51.33,Mundali_Barrage_Cuttack,Mahanadi,521.22,1608.95,21.49,26.5,27.5,29.2,13.390949468446603,0.93,0.0,4.050000000000001,18.54,21.56,-0.07000000000000028,1519.9766666666667,511.72,3.1299999999999955,0,21.49,0
2019-01-13,0.0,37.06,29.18,1007.55,16.71,55.1,Mundali_Barrage_Cuttack,Mahanadi,592.32,1602.91,21.49,26.5,27.5,29.2,11.382307048179612,3.12,0.93,4.050000000000001,16.83,21.49,0.0,1539.5266666666666,556.77,5.7000000000000455,0,21.41,0
2019-01-14,0.0,39.76,32.39,1007.22,13.36,52.87,Mundali_Barrage_Cuttack,Mahanadi,474.49,1122.46,21.41,26.5,27.5,29.2,9.67496099095267,0.0,3.12,3.12,8.099999999999998,21.49,-0.0799999999999983,1444.7733333333333,533.405,6.029999999999973,0,21.46,0
2019-01-15,6.64,37.73,26.5,1009.34,14.07,59.56,Mundali_Barrage_Cuttack,Mahanadi,635.78,2120.65,21.46,26.5,27.5,29.2,14.863716842309767,0.0,0.0,6.64,14.739999999999998,21.41,0.05000000000000071,1615.3400000000001,555.135,3.909999999999968,0,21.41,0
2019-01-16,0.0,39.38,28.01,1008.26,11.89,53.36,Mundali_Barrage_Cuttack,Mahanadi,437.27,1231.78,21.41,26.5,27.5,29.2,12.634159315963302,6.64,0.0,6.64,10.689999999999998,21.46,-0.05000000000000071,1491.63,536.525,4.990000000000009,0,21.34,0
2019-01-17,0.0,39.11,27.94,1007.56,14.02,53.83,Mundali_Barrage_Cuttack,Mahanadi,491.3,1311.36,21.34,26.5,27.5,29.2,10.739035418568806,0.0,6.64,6.64,10.689999999999998,21.41,-0.07000000000000028,1554.5966666666666,464.28499999999997,5.690000000000055,0,21.36,0
2019-01-18,0.0,35.68,27.66,1007.57,13.52,57.02,Mundali_Barrage_Cuttack,Mahanadi,418.86,1389.64,21.36,26.5,27.5,29.2,9.128180105783485,0.0,0.0,0.0,9.759999999999998,21.34,0.019999999999999574,1310.9266666666665,455.08000000000004,5.67999999999995,0,21.42,0
2019-01-19,0.0,34.51,22.68,1010.11,8.24,54.87,Mundali_Barrage_Cuttack,Mahanadi,465.77,1541.51,21.42,26.5,27.5,29.2,7.758953089915963,0.0,0.0,0.0,6.639999999999999,21.36,0.060000000000002274,1414.17,442.315,3.1399999999999864,0,21.42,0
2019-01-20,0.0,36.52,27.5,1007.35,13.42,56.51,Mundali_Barrage_Cuttack,Mahanadi,415.13,1380.73,21.42,26.5,27.5,29.2,6.595110126428568,0.0,0.0,0.0,6.639999999999999,21.42,0.0,1437.2933333333333,440.45,5.899999999999977,0,21.5,0
2019-01-21,1.68,38.52,31.09,1009.03,12.01,62.42,Mundali_Barrage_Cuttack,Mahanadi,604.32,1777.09,21.5,26.5,27.5,29.2,7.285843607464282,0.0,0.0,1.68,8.319999999999999,21.42,0.0799999999999983,1566.4433333333334,509.725,4.220000000000027,0,21.5,0
2019-01-22,0.0,37.33,30.78,1011.29,12.52,59.62,Mundali_Barrage_Cuttack,Mahanadi,552.1,1638.6,21.5,26.5,27.5,29.2,6.1929670663446394,1.68,0.0,1.68,1.6799999999999982,21.5,0.0,1598.8066666666666,578.21,1.9600000000000364,0,21.55,0
2019-01-23,0.1,39.48,33.39,1009.3,9.37,55.37,Mundali_Barrage_Cuttack,Mahanadi,568.01,1615.36,21.55,26.5,27.5,29.2,5.364022006392943,0.0,1.68,1.78,1.7799999999999983,21.5,0.05000000000000071,1677.0166666666664,560.0550000000001,3.9500000000000455,0,21.52,0
2019-01-24,0.0,37.07,28.74,1006.63,11.65,53.39,Mundali_Barrage_Cuttack,Mahanadi,460.92,1148.8,21.52,26.5,27.5,29.2,4.559418705434002,0.1,0.0,0.1,1.7799999999999983,21.55,-0.030000000000001137,1467.5866666666664,514.465,6.6200000000000045,0,21.5,0
2019-01-25,0.0,35.2,25.24,1008.83,14.68,61.54,Mundali_Barrage_Cuttack,Mahanadi,429.83,1411.18,21.5,26.5,27.5,29.2,3.8755058996189016,0.0,0.1,0.1,1.7799999999999983,21.52,-0.019999999999999574,1391.78,445.375,4.419999999999959,0,21.54,0
2019-01-26,0.0,35.19,23.8,1007.69,14.78,58.91,Mundali_Barrage_Cuttack,Mahanadi,562.9,1335.6,21.54,26.5,27.5,29.2,3.2941800146760665,0.0,0.0,0.0,1.7799999999999983,21.5,0.03999999999999915,1298.5266666666666,496.365,5.559999999999945,0,21.47,0
2019-01-27,0.0,38.36,26.97,1006.7,14.75,56.73,Mundali_Barrage_Cuttack,Mahanadi,460.81,1433.49,21.47,26.5,27.5,29.2,2.8000530124746565,0.0,0.0,0.0,1.7799999999999983,21.54,-0.07000000000000028,1393.4233333333332,511.855,6.5499999999999545,0,21.47,0
2019-01-28,0.0,36.13,30.08,1009.27,14.88,51.43,Mundali_Barrage_Cuttack,Mahanadi,500.81,1569.53,21.47,26.5,27.5,29.2,2.380045060603458,0.0,0.0,0.0,0.09999999999999823,21.47,0.0,1446.2066666666667,480.80999999999995,3.980000000000018,0,21.43,0
2019-01-29,0.44,39.34,29.43,1008.68,16.31,50.36,Mundali_Barrage_Cuttack,Mahanadi,419.52,1368.83,21.43,26.5,27.5,29.2,2.4630383015129396,0.0,0.0,0.44,0.5399999999999983,21.47,-0.03999999999999915,1457.2833333333335,460.16499999999996,4.57000000000005,0,21.5,0
2019-01-30,0.0,37.85,27.95,1006.77,15.27,59.7,Mundali_Barrage_Cuttack,Mahanadi,412.62,1358.87,21.5,26.5,27.5,29.2,2.0935825562859987,0.44,0.0,0.44,0.4399999999999982,21.43,0.07000000000000028,1432.4099999999999,416.06999999999994,6.480000000000018,0,21.44,0
2019-01-31,0.0,34.97,27.37,1006.87,16.64,53.8,Mundali_Barrage_Cuttack,Mahanadi,405.81,1344.35,21.44,26.5,27.5,29.2,1.7795451728430989,0.0,0.44,0.44,0.43999999999999817,21.5,-0.05999999999999872,1357.35,409.2149999999999,6.3799999999999955,0,21.37,0
2019-02-01,0.0,35.41,25.95,1010.18,9.78,54.83,Mundali_Barrage_Cuttack,Mahanadi,561.22,1794.97,21.37,26.5,27.5,29.2,1.512613396916634,0.0,0.0,0.0,0.43999999999999817,21.44,-0.07000000000000028,1499.3966666666665,483.51499999999993,3.07000000000005,0,21.41,0
2019-02-02,0.0,33.17,21.53,1008.72,13.63,58.7,Mundali_Barrage_Cuttack,Mahanadi,559.97,1326.77,21.41,26.5,27.5,29.2,1.2857213873791389,0.0,0.0,0.0,0.43999999999999817,21.37,0.03999999999999915,1488.6966666666667,560.5949999999999,4.529999999999973,0,21.49,0
2019-02-03,0.0,33.54,22.44,1005.73,11.22,52.44,Mundali_Barrage_Cuttack,Mahanadi,522.61,1687.81,21.49,26.5,27.5,29.2,1.092863179272268,0.0,0.0,0.0,0.43999999999999817,21.41,0.0799999999999983,1603.1833333333334,541.29,7.519999999999982,0,21.51,0
2019-02-04,0.0,35.51,26.09,1008.58,14.69,50.96,Mundali_Barrage_Cuttack,Mahanadi,524.17,1489.43,21.51,26.5,27.5,29.2,0.9289337023814278,0.0,0.0,0.0,0.43999999999999817,21.49,0.020000000000003126,1501.3366666666668,523.3899999999999,4.669999999999959,0,21.44,0
2019-02-05,0.0,35.21,23.95,1006.29,16.62,60.33,Mundali_Barrage_Cuttack,Mahanadi,534.39,1458.42,21.44,26.5,27.5,29.2,0.7895936470242136,0.0,0.0,0.0,0.0,21.51,-0.07000000000000028,1545.22,529.2799999999999,6.960000000000036,0,21.44,0
2019-02-06,0.0,32.27,21.41,1006.59,14.91,56.29,Mundali_Barrage_Cuttack,Mahanadi,553.88,1390.82,21.44,26.5,27.5,29.2,0.6711545999705816,0.0,0.0,0.0,0.0,21.44,0.0,1446.2233333333334,544.1349999999999,6.659999999999968,0,21.43,0
2019-02-07,0.0,35.99,25.2,1013.78,17.99,59.94,Mundali_Barrage_Cuttack,Mahanadi,599.17,1778.43,21.43,26.5,27.5,29.2,0.5704814099749943,0.0,0.0,0.0,0.0,21.44,-0.010000000000001563,1542.5566666666666,576.5249999999999,0.0,0,21.48,0
2019-02-08,0.0,34.26,26.01,1009.14,14.5,50.72,Mundali_Barrage_Cuttack,Mahanadi,488.42,1241.5,21.48,26.5,27.5,29.2,0.48490919847874514,0.0,0.0,0.0,0.0,21.43,0.05000000000000071,1470.25,543.7949999999998,4.110000000000014,0,21.45,0
2019-02-09,1.57,31.25,21.7,1008.44,12.98,60.91,Mundali_Barrage_Cuttack,Mahanadi,511.61,1424.24,21.45,26.5,27.5,29.2,1.9821728187069334,0.0,0.0,1.57,1.5699999999999983,21.48,-0.030000000000001137,1481.39,500.0149999999999,4.809999999999945,0,21.38,0
2019-02-10,1.85,33.33,23.59,1008.91,21.63,64.77,Mundali_Barrage_Cuttack,Mahanadi,621.73,1589.8,21.38,26.5,27.5,29.2,3.5348468959008934,1.57,0.0,3.42,3.419999999999998,21.45,-0.07000000000000028,1418.5133333333333,566.6699999999998,4.340000000000032,0,21.45,0
2019-02-11,0.0,30.64,19.87,1008.28,12.67,46.65,Mundali_Barrage_Cuttack,Mahanadi,578.81,2017.96,21.45,26.5,27.5,29.2,3.004619861515759,1.85,1.57,3.42,3.419999999999998,21.38,0.07000000000000028,1677.3333333333333,600.2699999999998,4.970000000000027,0,21.47,0
2019-02-12,0.06,33.08,26.04,1010.49,12.59,51.75,Mundali_Barrage_Cuttack,Mahanadi,593.1,1647.66,21.47,26.5,27.5,29.2,2.6139268822883954,0.0,1.85,1.9100000000000001,3.479999999999998,21.45,0.019999999999999574,1751.8066666666666,585.9549999999998,2.759999999999991,0,21.41,0
2019-02-13,0.0,36.46,28.78,1009.9,20.37,60.16,Mundali_Barrage_Cuttack,Mahanadi,474.47,1239.18,21.41,26.5,27.5,29.2,2.221837849945136,0.06,0.0,0.06,3.479999999999998,21.47,-0.05999999999999872,1634.9333333333334,533.7849999999999,3.3500000000000227,0,21.46,0
2019-02-14,0.0,33.04,22.49,1006.08,15.33,58.87,Mundali_Barrage_Cuttack,Mahanadi,422.86,1477.37,21.46,26.5,27.5,29.2,1.8885621724533654,0.0,0.06,0.06,3.479999999999998,21.41,0.05000000000000071,1454.7366666666667,448.66499999999985,7.169999999999959,0,21.5,0
2019-02-15,0.0,34.4,25.56,1006.6,13.24,48.76,Mundali_Barrage_Cuttack,Mahanadi,593.8,1461.82,21.5,26.5,27.5,29.2,1.6052778465853605,0.0,0.0,0.0,3.479999999999998,21.46,0.03999999999999915,1392.79,508.3299999999998,6.649999999999977,0,21.46,0
2019-02-16,0.0,37.47,31.2,1009.98,18.32,47.82,Mundali_Barrage_Cuttack,Mahanadi,408.02,1421.2,21.46,26.5,27.5,29.2,1.3644861695975565,0.0,0.0,0.0,1.9099999999999984,21.5,-0.03999999999999915,1453.4633333333331,500.9099999999998,3.269999999999982,0,21.45,0
2019-02-17,0.0,35.13,28.16,1009.36,14.6,52.0,Mundali_Barrage_Cuttack,Mahanadi,517.02,1517.95,21.45,26.5,27.5,29.2,1.159813244157923,0.0,0.0,0.0,0.05999999999999822,21.46,-0.010000000000001563,1466.99,462.5199999999998,3.8899999999999864,0,21.38,0
2019-02-18,2.2,34.49,26.16,1008.86,12.71,66.22,Mundali_Barrage_Cuttack,Mahanadi,664.67,1918.85,21.38,26.5,27.5,29.2,3.1858412575342347,0.0,0.0,2.2,2.2599999999999985,21.45,-0.07000000000000028,1619.3333333333333,590.8449999999998,4.389999999999986,0,21.41,0
2019-02-19,0.0,33.9,22.14,1008.88,12.54,56.04,Mundali_Barrage_Cuttack,Mahanadi,582.96,1516.21,21.41,26.5,27.5,29.2,2.7079650689040995,2.2,0.0,2.2,2.1999999999999984,21.38,0.030000000000001137,1651.0033333333333,623.8149999999998,4.3700000000000045,0,21.38,0
2019-02-20,0.0,32.97,26.27,1009.27,16.86,62.26,Mundali_Barrage_Cuttack,Mahanadi,482.38,1403.22,21.38,26.5,27.5,29.2,2.3017703085684844,0.0,2.2,2.2,2.1999999999999984,21.41,-0.030000000000001137,1612.7600000000002,532.6699999999998,3.980000000000018,0,21.41,0
2019-02-21,0.0,35.72,28.03,1008.94,15.66,51.45,Mundali_Barrage_Cuttack,Mahanadi,407.99,1262.33,21.41,26.5,27.5,29.2,1.9565047622832117,0.0,0.0,0.0,2.1999999999999984,21.38,0.030000000000001137,1393.92,445.18499999999983,4.309999999999945,0,21.45,0
2019-02-22,0.0,34.0,25.77,1008.18,11.99,60.81,Mundali_Barrage_Cuttack,Mahanadi,465.66,1462.37,21.45,26.5,27.5,29.2,1.66302904794073,0.0,0.0,0.0,2.1999999999999984,21.41,0.03999999999999915,1375.9733333333334,436.8249999999998,5.07000000000005,0,21.42,0
2019-02-23,0.0,33.56,23.05,1009.65,12.78,56.31,Mundali_Barrage_Cuttack,Mahanadi,443.81,1404.66,21.42,26.5,27.5,29.2,1.4135746907496205,0.0,0.0,0.0,2.1999999999999984,21.45,-0.029999999999997584,1376.4533333333331,454.73499999999984,3.6000000000000227,0,21.5,0
2019-02-24,0.0,36.55,28.63,1008.03,13.28,59.27,Mundali_Barrage_Cuttack,Mahanadi,478.14,1374.39,21.5,26.5,27.5,29.2,1.2015384871371775,0.0,0.0,0.0,2.1999999999999984,21.42,0.0799999999999983,1413.8066666666666,460.9749999999998,5.220000000000027,0,21.58,0
2019-02-25,5.89,33.35,21.65,1006.73,15.76,59.74,Mundali_Barrage_Cuttack,Mahanadi,645.9,2353.63,21.58,26.5,27.5,29.2,6.9113077140666,0.0,0.0,5.89,5.889999999999998,21.5,0.0799999999999983,1710.8933333333334,562.0199999999999,6.519999999999982,0,21.51,0
2019-02-26,0.0,30.26,22.29,1007.33,17.47,58.96,Mundali_Barrage_Cuttack,Mahanadi,580.44,1559.74,21.51,26.5,27.5,29.2,5.87461155695661,5.89,0.0,5.89,5.889999999999998,21.58,-0.06999999999999673,1762.5866666666668,613.1699999999998,5.919999999999959,0,21.48,0
2019-02-27,0.0,32.4,23.1,1007.99,16.93,54.26,Mundali_Barrage_Cuttack,Mahanadi,406.57,1480.2,21.48,26.5,27.5,29.2,4.993419823413118,0.0,5.89,5.89,5.889999999999998,21.51,-0.030000000000001137,1797.8566666666666,493.5049999999999,5.259999999999991,0,21.5,0
2019-02-28,0.0,34.98,28.37,1010.04,14.73,52.47,Mundali_Barrage_Cuttack,Mahanadi,472.32,1441.65,21.5,26.5,27.5,29.2,4.244406849901151,0.0,0.0,0.0,5.889999999999998,21.48,0.019999999999999574,1493.8633333333335,439.4449999999999,3.2100000000000364,0,21.57,0
2019-03-01,4.31,32.76,26.26,1008.09,18.54,53.91,Mundali_Barrage_Cuttack,Mahanadi,716.13,2016.07,21.57,26.5,27.5,29.2,7.917745822415977,0.0,0.0,4.31,10.199999999999998,21.5,0.07000000000000028,1645.9733333333334,594.2249999999999,5.159999999999968,0,21.48,0
2019-03-02,0.0,32.23,21.56,1007.68,7.89,62.85,Mundali_Barrage_Cuttack,Mahanadi,446.23,1207.08,21.48,26.5,27.5,29.2,6.73008394905358,4.31,0.0,4.31,10.199999999999998,21.57,-0.08999999999999986,1554.9333333333334,581.1799999999998,5.57000000000005,0,21.47,0
2019-03-03,0.0,33.58,27.51,1006.5,11.95,54.76,Mundali_Barrage_Cuttack,Mahanadi,498.98,1538.29,21.47,26.5,27.5,29.2,5.720571356695543,0.0,4.31,4.31,10.199999999999998,21.48,-0.010000000000001563,1587.1466666666665,472.60499999999985,6.75,0,21.48,0
2019-03-04,0.31,36.12,26.62,1009.14,13.75,57.1,Mundali_Barrage_Cuttack,Mahanadi,496.05,1429.36,21.48,26.5,27.5,29.2,5.172485653191211,0.0,0.0,0.31,4.619999999999997,21.47,0.010000000000001563,1391.5766666666666,497.5149999999999,4.110000000000014,0,21.36,0
2019-03-05,0.0,32.85,21.07,1008.69,14.67,55.06,Mundali_Barrage_Cuttack,Mahanadi,499.21,1283.35,21.36,26.5,27.5,29.2,4.39661280521253,0.31,0.0,0.31,4.619999999999997,21.48,-0.120000000000001,1417.0,497.6299999999998,4.559999999999945,0,21.48,0
2019-03-06,2.02,33.55,23.77,1008.63,13.21,64.91,Mundali_Barrage_Cuttack,Mahanadi,532.76,1626.11,21.48,26.5,27.5,29.2,5.75712088443065,0.0,0.31,2.33,6.639999999999998,21.36,0.120000000000001,1446.2733333333333,515.9849999999998,4.6200000000000045,0,21.49,0
2019-03-07,0.0,35.21,28.94,1008.28,13.67,59.88,Mundali_Barrage_Cuttack,Mahanadi,504.74,1688.37,21.49,26.5,27.5,29.2,4.893552751766053,2.02,0.0,2.02,6.639999999999998,21.48,0.00999999999999801,1532.61,518.7499999999998,4.970000000000027,0,21.47,0
2019-03-08,0.0,31.75,22.97,1007.1,17.1,45.95,Mundali_Barrage_Cuttack,Mahanadi,430.23,1151.5,21.47,26.5,27.5,29.2,4.1595198390011445,0.0,2.02,2.02,2.3299999999999983,21.49,-0.019999999999999574,1488.6599999999999,467.4849999999998,6.149999999999977,0,21.54,0
2019-03-09,9.16,29.57,18.69,1007.99,13.6,60.21,Mundali_Barrage_Cuttack,Mahanadi,848.28,2456.47,21.54,26.5,27.5,29.2,12.695591863150973,0.0,0.0,9.16,11.489999999999998,21.47,0.07000000000000028,1765.4466666666667,639.2549999999998,5.259999999999991,0,21.45,0
2019-03-10,0.0,34.85,26.34,1010.21,17.54,52.65,Mundali_Barrage_Cuttack,Mahanadi,519.64,1388.29,21.45,26.5,27.5,29.2,10.791253083678328,9.16,0.0,9.16,11.489999999999998,21.54,-0.08999999999999986,1665.42,683.9599999999998,3.0399999999999636,0,21.34,0
2019-03-11,0.0,33.92,25.64,1006.35,13.66,61.19,Mundali_Barrage_Cuttack,Mahanadi,483.33,1483.72,21.34,26.5,27.5,29.2,9.172565121126578,0.0,9.16,9.16,11.179999999999998,21.45,-0.10999999999999943,1776.16,501.4849999999998,6.899999999999977,0,21.45,0
2019-03-12,0.0,33.08,21.9,1007.92,14.02,55.23,Mundali_Barrage_Cuttack,Mahanadi,519.93,1763.5,21.45,26.5,27.5,29.2,7.7966803529575905,0.0,0.0,0.0,11.179999999999998,21.34,0.10999999999999943,1545.17,501.6299999999997,5.330000000000041,0,21.42,0
2019-03-13,0.0,32.65,25.87,1005.6,14.36,57.57,Mundali_Barrage_Cuttack,Mahanadi,461.55,1452.38,21.42,26.5,27.5,29.2,6.627178300013952,0.0,0.0,0.0,9.159999999999998,21.45,-0.029999999999997584,1566.5333333333335,490.73999999999967,7.649999999999977,0,21.35,0
2019-03-14,0.0,35.37,27.22,1010.31,15.0,51.26,Mundali_Barrage_Cuttack,Mahanadi,570.16,1454.6,21.35,26.5,27.5,29.2,5.6331015550118595,0.0,0.0,0.0,9.159999999999998,21.42,-0.07000000000000028,1556.8266666666666,515.8549999999998,2.9400000000000546,0,21.44,0
2019-03-15,0.0,33.45,22.34,1010.33,20.18,63.78,Mundali_Barrage_Cuttack,Mahanadi,499.71,1760.58,21.44,26.5,27.5,29.2,4.7881363217600805,0.0,0.0,0.0,9.159999999999998,21.35,0.08999999999999986,1555.8533333333332,534.9349999999998,2.919999999999959,0,21.43,0
2019-03-16,0.0,31.15,24.98,1007.6,15.94,61.84,Mundali_Barrage_Cuttack,Mahanadi,408.32,1294.41,21.43,26.5,27.5,29.2,4.069915873496068,0.0,0.0,0.0,0.0,21.44,-0.010000000000001563,1503.1966666666667,454.01499999999976,5.649999999999977,0,21.49,0
2019-03-17,0.0,32.3,26.22,1007.49,17.18,46.21,Mundali_Barrage_Cuttack,Mahanadi,493.66,1413.41,21.49,26.5,27.5,29.2,3.459428492471658,0.0,0.0,0.0,0.0,21.43,0.05999999999999872,1489.466666666667,450.9899999999998,5.759999999999991,0,21.53,0
2019-03-18,0.0,34.92,26.83,1007.79,18.51,55.37,Mundali_Barrage_Cuttack,Mahanadi,429.82,1289.1,21.53,26.5,27.5,29.2,2.9405142186009092,0.0,0.0,0.0,0.0,21.49,0.0400000000000027,1332.3066666666666,461.7399999999998,5.460000000000036,0,21.53,0
2019-03-19,0.0,35.09,23.4,1008.5,8.89,54.72,Mundali_Barrage_Cuttack,Mahanadi,436.77,1375.46,21.53,26.5,27.5,29.2,2.4994370858107726,0.0,0.0,0.0,0.0,21.53,0.0,1359.3233333333335,433.29499999999973,4.75,0,21.42,0
2019-03-20,0.0,33.1,25.13,1008.6,10.09,58.35,Mundali_Barrage_Cuttack,Mahanadi,570.47,1349.8,21.42,26.5,27.5,29.2,2.1245215229391565,0.0,0.0,0.0,0.0,21.53,-0.10999999999999943,1338.1200000000001,503.6199999999998,4.649999999999977,0,21.43,0
2019-03-21,0.34,33.83,26.74,1006.57,16.33,53.65,Mundali_Barrage_Cuttack,Mahanadi,607.31,1445.05,21.43,26.5,27.5,29.2,2.145843294498283,0.0,0.0,0.34,0.33999999999999825,21.42,0.00999999999999801,1390.1033333333335,588.8899999999998,6.67999999999995,0,21.42,0
2019-03-22,0.0,31.11,23.95,1008.76,11.55,52.2,Mundali_Barrage_Cuttack,Mahanadi,443.93,1288.2,21.42,26.5,27.5,29.2,1.8239668003235403,0.34,0.0,0.34,0.33999999999999825,21.43,-0.00999999999999801,1361.0166666666667,525.6199999999998,4.490000000000009,0,21.43,0
2019-03-23,0.32,30.2,22.01,1007.69,19.97,55.27,Mundali_Barrage_Cuttack,Mahanadi,502.11,1690.41,21.43,26.5,27.5,29.2,1.8703717802750093,0.0,0.34,0.66,0.6599999999999983,21.42,0.00999999999999801,1474.5533333333333,473.01999999999975,5.559999999999945,0,21.49,0
2019-03-24,4.02,31.65,20.41,1008.08,17.56,53.1,Mundali_Barrage_Cuttack,Mahanadi,591.59,1768.59,21.49,26.5,27.5,29.2,5.609816013233758,0.32,0.0,4.34,4.679999999999998,21.43,0.05999999999999872,1582.3999999999999,546.8499999999998,5.169999999999959,0,21.62,0
2019-03-25,0.0,31.98,23.76,1007.14,21.12,53.45,Mundali_Barrage_Cuttack,Mahanadi,546.77,1394.36,21.62,26.5,27.5,29.2,4.768343611248694,4.02,0.32,4.34,4.679999999999998,21.49,0.13000000000000256,1617.7866666666666,569.1799999999998,6.110000000000014,0,21.52,0
2019-03-26,0.0,36.32,30.1,1007.63,16.55,50.06,Mundali_Barrage_Cuttack,Mahanadi,567.01,1465.79,21.52,26.5,27.5,29.2,4.05309206956139,0.0,4.02,4.02,4.679999999999998,21.62,-0.10000000000000142,1542.9133333333332,556.8899999999998,5.6200000000000045,0,21.46,0
2019-03-27,0.0,39.18,32.54,1009.68,18.57,42.72,Mundali_Barrage_Cuttack,Mahanadi,417.8,1478.44,21.46,26.5,27.5,29.2,3.4451282591271815,0.0,0.0,0.0,4.679999999999998,21.52,-0.05999999999999872,1446.1966666666667,492.40499999999975,3.57000000000005,0,21.54,0
2019-03-28,0.0,31.5,25.38,1005.87,10.82,51.73,Mundali_Barrage_Cuttack,Mahanadi,570.58,1630.53,21.54,26.5,27.5,29.2,2.928359020258104,0.0,0.0,0.0,4.339999999999998,21.46,0.0799999999999983,1524.92,494.1899999999998,7.3799999999999955,0,21.57,0
2019-03-29,0.0,36.38,25.65,1009.32,11.38,54.98,Mundali_Barrage_Cuttack,Mahanadi,502.79,1332.99,21.57,26.5,27.5,29.2,2.4891051672193885,0.0,0.0,0.0,4.339999999999998,21.54,0.030000000000001137,1480.6533333333334,536.6849999999998,3.92999999999995,0,21.61,0
2019-03-30,0.0,36.05,27.46,1008.81,12.84,51.66,Mundali_Barrage_Cuttack,Mahanadi,568.26,1716.49,21.61,26.5,27.5,29.2,2.11573939213648,0.0,0.0,0.0,4.019999999999998,21.57,0.03999999999999915,1560.0033333333333,535.5249999999997,4.440000000000055,0,21.57,0
2019-03-31,0.0,34.85,26.72,1010.86,14.08,55.64,Mundali_Barrage_Cuttack,Mahanadi,507.19,1411.33,21.57,26.5,27.5,29.2,1.7983784833160081,0.0,0.0,0.0,0.0,21.61,-0.03999999999999915,1486.9366666666665,537.7249999999998,2.3899999999999864,0,21.6,0
2019-04-01,0.0,31.7,24.58,1007.27,11.51,52.27,Mundali_Barrage_Cuttack,Mahanadi,476.23,1413.09,21.6,26.5,27.5,29.2,1.5286217108186069,0.0,0.0,0.0,0.0,21.57,0.030000000000001137,1513.6366666666665,491.7099999999998,5.980000000000018,0,21.46,0
2019-04-02,0.0,33.1,24.64,1006.75,15.17,54.58,Mundali_Barrage_Cuttack,Mahanadi,577.84,1365.96,21.46,26.5,27.5,29.2,1.2993284541958159,0.0,0.0,0.0,0.0,21.6,-0.14000000000000057,1396.7933333333333,527.0349999999997,6.5,0,21.33,0
2019-04-03,0.0,31.85,24.82,1009.13,15.58,56.04,Mundali_Barrage_Cuttack,Mahanadi,577.75,1748.52,21.33,26.5,27.5,29.2,1.1044291860664435,0.0,0.0,0.0,0.0,21.46,-0.13000000000000256,1509.1899999999998,577.7949999999997,4.1200000000000045,0,21.31,0
2019-04-04,0.0,29.67,19.05,1008.82,12.31,49.99,Mundali_Barrage_Cuttack,Mahanadi,466.55,1540.38,21.31,26.5,27.5,29.2,0.9387648081564769,0.0,0.0,0.0,0.0,21.33,-0.019999999999999574,1551.62,522.1499999999997,4.42999999999995,0,21.37,0
2019-04-05,0.0,29.76,23.07,1008.07,9.43,58.99,Mundali_Barrage_Cuttack,Mahanadi,423.97,1394.66,21.37,26.5,27.5,29.2,0.7979500869330053,0.0,0.0,0.0,0.0,21.31,0.060000000000002274,1561.1866666666665,445.25999999999976,5.17999999999995,0,21.49,0
2019-04-06,0.0,32.88,23.69,1006.18,13.55,52.96,Mundali_Barrage_Cuttack,Mahanadi,438.15,1496.88,21.49,26.5,27.5,29.2,0.6782575738930545,0.0,0.0,0.0,0.0,21.37,0.11999999999999744,1477.3066666666666,431.0599999999997,7.07000000000005,0,21.37,0
2019-04-07,0.16,31.82,21.73,1009.13,15.63,62.26,Mundali_Barrage_Cuttack,Mahanadi,441.71,1292.48,21.37,26.5,27.5,29.2,0.7365189378090964,0.0,0.0,0.16,0.15999999999999823,21.49,-0.11999999999999744,1394.6733333333334,439.9299999999997,4.1200000000000045,0,21.52,0
2019-04-08,0.0,29.49,17.92,1006.45,15.11,51.98,Mundali_Barrage_Cuttack,Mahanadi,539.85,1577.9,21.52,26.5,27.5,29.2,0.6260410971377319,0.16,0.0,0.16,0.15999999999999823,21.37,0.14999999999999858,1455.7533333333333,490.7799999999997,6.7999999999999545,0,21.58,0
2019-04-09,0.0,34.02,22.97,1010.37,15.01,52.94,Mundali_Barrage_Cuttack,Mahanadi,553.68,1613.68,21.58,26.5,27.5,29.2,0.5321349325670721,0.0,0.16,0.16,0.15999999999999823,21.52,0.05999999999999872,1494.6866666666667,546.7649999999996,2.8799999999999955,0,21.54,0
2019-04-10,0.0,32.42,21.53,1007.52,14.87,65.38,Mundali_Barrage_Cuttack,Mahanadi,557.4,1642.83,21.54,26.5,27.5,29.2,0.4523146926820113,0.0,0.0,0.0,0.15999999999999823,21.58,-0.03999999999999915,1611.47,555.5399999999996,5.730000000000018,0,21.58,0
2019-04-11,0.0,32.53,21.63,1009.42,7.89,49.96,Mundali_Barrage_Cuttack,Mahanadi,522.98,1507.79,21.58,26.5,27.5,29.2,0.3844674887797096,0.0,0.0,0.0,0.15999999999999823,21.54,0.03999999999999915,1588.1000000000001,540.1899999999996,3.830000000000041,0,21.52,0
2019-04-12,0.0,35.19,26.17,1006.73,14.98,53.9,Mundali_Barrage_Cuttack,Mahanadi,443.69,1051.35,21.52,26.5,27.5,29.2,0.3267973654627532,0.0,0.0,0.0,0.15999999999999823,21.58,-0.05999999999999872,1400.6566666666665,483.3349999999997,6.519999999999982,0,21.52,0
2019-04-13,0.0,34.89,25.14,1008.14,9.56,60.72,Mundali_Barrage_Cuttack,Mahanadi,539.5,1689.31,21.52,26.5,27.5,29.2,0.2777777606433402,0.0,0.0,0.0,0.15999999999999823,21.52,0.0,1416.1499999999999,491.5949999999997,5.110000000000014,0,21.58,0
2019-04-14,3.95,34.39,23.02,1011.17,13.53,58.2,Mundali_Barrage_Cuttack,Mahanadi,654.11,1808.97,21.58,26.5,27.5,29.2,4.186111096546839,0.0,0.0,3.95,3.9499999999999984,21.52,0.05999999999999872,1516.543333333333,596.8049999999996,2.080000000000041,0,21.58,0
2019-04-15,0.0,34.8,28.6,1006.72,18.53,57.01,Mundali_Barrage_Cuttack,Mahanadi,596.85,1640.43,21.58,26.5,27.5,29.2,3.558194432064813,3.95,0.0,3.95,3.9499999999999984,21.58,0.0,1712.9033333333334,625.4799999999997,6.529999999999973,0,21.51,0
2019-04-16,0.0,35.24,28.57,1007.23,17.86,52.78,Mundali_Barrage_Cuttack,Mahanadi,466.04,1238.1,21.51,26.5,27.5,29.2,3.024465267255091,0.0,3.95,3.95,3.9499999999999984,21.58,-0.06999999999999673,1562.5,531.4449999999997,6.019999999999982,0,21.44,0
2019-04-17,0.65,35.11,25.26,1009.42,15.4,64.58,Mundali_Barrage_Cuttack,Mahanadi,527.2,1563.03,21.44,26.5,27.5,29.2,3.2207954771668272,0.0,0.0,0.65,4.599999999999999,21.51,-0.07000000000000028,1480.5199999999998,496.6199999999997,3.830000000000041,0,21.32,0
2019-04-18,0.0,31.09,19.64,1007.23,8.66,62.48,Mundali_Barrage_Cuttack,Mahanadi,529.74,1483.77,21.32,26.5,27.5,29.2,2.737676155591803,0.65,0.0,0.65,4.599999999999999,21.44,-0.120000000000001,1428.3,528.4699999999997,6.019999999999982,0,21.36,0
2019-04-19,0.0,33.59,23.92,1011.97,14.33,58.63,Mundali_Barrage_Cuttack,Mahanadi,575.13,1575.39,21.36,26.5,27.5,29.2,2.3270247322530326,0.0,0.65,0.65,4.599999999999999,21.32,0.03999999999999915,1540.7300000000002,552.4349999999997,1.2799999999999727,0,21.45,0
2019-04-20,0.0,33.69,26.78,1008.66,19.65,61.73,Mundali_Barrage_Cuttack,Mahanadi,434.15,1287.77,21.45,26.5,27.5,29.2,1.9779710224150777,0.0,0.0,0.0,4.599999999999999,21.36,0.08999999999999986,1448.9766666666667,504.63999999999965,4.590000000000032,0,21.45,0
2019-04-21,0.0,33.65,22.1,1008.15,11.03,54.37,Mundali_Barrage_Cuttack,Mahanadi,574.5,1483.88,21.45,26.5,27.5,29.2,1.681275369052816,0.0,0.0,0.0,0.6499999999999982,21.45,0.0,1449.0133333333333,504.32499999999965,5.100000000000023,0,21.44,0
2019-04-22,0.0,38.39,30.0,1008.79,13.53,52.87,Mundali_Barrage_Cuttack,Mahanadi,543.34,1537.08,21.44,26.5,27.5,29.2,1.4290840636948936,0.0,0.0,0.0,0.6499999999999982,21.45,-0.00999999999999801,1436.243333333333,558.9199999999996,4.460000000000036,0,21.41,0
2019-04-23,0.0,35.05,23.53,1004.52,10.13,48.52,Mundali_Barrage_Cuttack,Mahanadi,433.62,1546.11,21.41,26.5,27.5,29.2,1.2147214541406595,0.0,0.0,0.0,0.6499999999999982,21.44,-0.030000000000001137,1522.3566666666666,488.4799999999997,8.730000000000018,0,21.43,0
2019-04-24,0.0,30.37,21.66,1007.61,13.26,53.64,Mundali_Barrage_Cuttack,Mahanadi,590.85,1732.59,21.43,26.5,27.5,29.2,1.0325132360195606,0.0,0.0,0.0,0.0,21.41,0.019999999999999574,1605.26,512.2349999999997,5.639999999999986,0,21.49,0
2019-04-25,0.0,35.02,26.85,1007.76,19.55,60.63,Mundali_Barrage_Cuttack,Mahanadi,438.16,1452.92,21.49,26.5,27.5,29.2,0.8776362506166264,0.0,0.0,0.0,0.0,21.43,0.05999999999999872,1577.2066666666667,514.5049999999997,5.490000000000009,0,21.48,0
2019-04-26,2.72,32.91,26.4,1006.18,14.68,56.61,Mundali_Barrage_Cuttack,Mahanadi,520.15,1581.79,21.48,26.5,27.5,29.2,3.4659908130241326,0.0,0.0,2.72,2.7199999999999984,21.49,-0.00999999999999801,1589.1000000000001,479.1549999999997,7.07000000000005,0,21.41,0
2019-04-27,0.0,33.51,26.25,1007.96,13.66,55.78,Mundali_Barrage_Cuttack,Mahanadi,476.59,1504.25,21.41,26.5,27.5,29.2,2.9460921910705125,2.72,0.0,2.72,2.7199999999999984,21.48,-0.07000000000000028,1512.9866666666667,498.36999999999966,5.289999999999964,0,21.42,0
2019-04-28,0.09,38.66,32.27,1006.33,13.26,62.55,Mundali_Barrage_Cuttack,Mahanadi,601.6,1592.9,21.42,26.5,27.5,29.2,2.5941783624099353,0.0,2.72,2.81,2.8099999999999983,21.41,0.010000000000001563,1559.6466666666665,539.0949999999997,6.919999999999959,0,21.47,0
2019-04-29,0.0,29.4,20.05,1006.14,12.97,53.14,Mundali_Barrage_Cuttack,Mahanadi,514.73,1471.04,21.47,26.5,27.5,29.2,2.205051608048445,0.09,0.0,0.09,2.8099999999999983,21.42,0.04999999999999716,1522.7299999999998,558.1649999999997,7.110000000000014,0,21.42,0
2019-04-30,0.0,33.3,25.68,1008.79,10.67,63.76,Mundali_Barrage_Cuttack,Mahanadi,508.74,1201.04,21.42,26.5,27.5,29.2,1.8742938668411782,0.0,0.09,0.09,2.8099999999999983,21.47,-0.04999999999999716,1421.6599999999999,511.7349999999997,4.460000000000036,0,23.94,0
2019-05-01,114.98,35.51,29.35,1003.01,40.63,85.85,Mundali_Barrage_Cuttack,Mahanadi,8903.89,21584.35,23.94,26.5,27.5,29.2,116.57314978681501,0.0,0.0,114.98,117.79,21.42,2.5199999999999996,8085.4766666666665,4706.315,10.240000000000009,0,23.05,0
2019-05-02,0.27,32.64,22.72,1008.72,13.02,53.94,Mundali_Barrage_Cuttack,Mahanadi,469.56,1266.07,23.05,26.5,27.5,29.2,99.35717731879275,114.98,0.0,115.25,118.06,23.94,-0.8900000000000006,8017.153333333333,4686.724999999999,4.529999999999973,0,22.43,0
2019-05-03,0.0,34.2,25.81,1008.38,10.76,58.08,Mundali_Barrage_Cuttack,Mahanadi,586.53,1734.11,22.43,26.5,27.5,29.2,84.45360072097384,0.27,114.98,115.25,115.34,23.05,-0.620000000000001,8194.843333333332,528.045,4.8700000000000045,0,22.02,0
2019-05-04,0.0,34.43,25.9,1006.12,10.28,50.92,Mundali_Barrage_Cuttack,Mahanadi,419.14,1152.65,22.02,26.5,27.5,29.2,71.78556061282777,0.0,0.27,0.27,115.34,22.43,-0.41000000000000014,1384.2766666666666,502.835,7.1299999999999955,0,21.89,0
2019-05-05,0.0,35.33,26.88,1005.88,7.75,63.48,Mundali_Barrage_Cuttack,Mahanadi,583.1,1595.78,21.89,26.5,27.5,29.2,61.0177265209036,0.0,0.0,0.0,115.25,22.02,-0.129999999999999,1494.18,501.12,7.3700000000000045,0,21.69,0
2019-05-06,0.0,32.78,21.57,1008.6,16.92,54.85,Mundali_Barrage_Cuttack,Mahanadi,504.07,1526.93,21.69,26.5,27.5,29.2,51.86506754276806,0.0,0.0,0.0,115.25,21.89,-0.1999999999999993,1425.1200000000001,543.585,4.649999999999977,0,21.6,0
2019-05-07,0.0,38.23,30.68,1009.01,14.51,54.08,Mundali_Barrage_Cuttack,Mahanadi,508.29,1581.41,21.6,26.5,27.5,29.2,44.08530741135285,0.0,0.0,0.0,115.25,21.69,-0.08999999999999986,1568.04,506.18,4.240000000000009,0,21.61,0
2019-05-08,0.0,32.89,26.78,1006.83,9.11,57.76,Mundali_Barrage_Cuttack,Mahanadi,518.74,1427.19,21.61,26.5,27.5,29.2,37.47251129964992,0.0,0.0,0.0,0.27,21.6,0.00999999999999801,1511.8433333333335,513.515,6.419999999999959,0,21.4,0
2019-05-09,0.0,33.08,27.01,1008.79,14.77,59.91,Mundali_Barrage_Cuttack,Mahanadi,422.68,1128.64,21.4,26.5,27.5,29.2,31.851634604702433,0.0,0.0,0.0,0.0,21.61,-0.21000000000000085,1379.08,470.71000000000004,4.460000000000036,0,21.37,0
2019-05-10,0.0,30.39,21.28,1006.08,12.96,55.99,Mundali_Barrage_Cuttack,Mahanadi,510.19,1352.43,21.37,26.5,27.5,29.2,27.07388941399707,0.0,0.0,0.0,0.0,21.4,-0.029999999999997584,1302.7533333333333,466.435,7.169999999999959,0,21.43,0
2019-05-11,0.0,31.08,22.94,1006.8,11.07,60.27,Mundali_Barrage_Cuttack,Mahanadi,505.36,1100.15,21.43,26.5,27.5,29.2,23.01280600189751,0.0,0.0,0.0,0.0,21.37,0.05999999999999872,1193.74,507.775,6.4500000000000455,0,21.5,0
2019-05-12,0.0,35.17,24.77,1008.28,15.82,47.4,Mundali_Barrage_Cuttack,Mahanadi,554.38,1884.62,21.5,26.5,27.5,29.2,19.560885101612882,0.0,0.0,0.0,0.0,21.43,0.07000000000000028,1445.7333333333333,529.87,4.970000000000027,0,26.55,1
2019-05-13,169.42,30.86,20.23,999.32,56.25,100.0,Mundali_Barrage_Cuttack,Mahanadi,22458.92,43657.98,26.55,26.5,27.5,29.2,186.04675233637093,0.0,0.0,169.42,169.42,21.5,5.050000000000001,15547.583333333334,11506.65,13.92999999999995,1,24.76,0
2019-05-14,0.0,35.71,24.91,1007.16,10.74,59.65,Mundali_Barrage_Cuttack,Mahanadi,470.63,1466.9,24.76,26.5,27.5,29.2,158.1397394859153,169.42,0.0,169.42,169.42,26.55,-1.7899999999999991,15669.833333333334,11464.775,6.090000000000032,0,23.65,0
2019-05-15,0.0,31.71,22.46,1007.66,15.14,58.05,Mundali_Barrage_Cuttack,Mahanadi,439.86,1359.36,23.65,26.5,27.5,29.2,134.418778563028,0.0,169.42,169.42,169.42,24.76,-1.110000000000003,15494.746666666668,455.245,5.590000000000032,0,22.92,0
2019-05-16,0.0,36.08,28.58,1008.69,9.42,54.71,Mundali_Barrage_Cuttack,Mahanadi,502.84,1530.18,22.92,26.5,27.5,29.2,114.2559617785738,0.0,0.0,0.0,169.42,23.65,-0.7299999999999969,1452.1466666666668,471.35,4.559999999999945,0,22.38,0
2019-05-17,0.0,36.11,29.91,1008.2,10.76,60.27,Mundali_Barrage_Cuttack,Mahanadi,453.03,1386.63,22.38,26.5,27.5,29.2,97.11756751178773,0.0,0.0,0.0,169.42,22.92,-0.5400000000000027,1425.39,477.93499999999995,5.0499999999999545,0,22.11,0
2019-05-18,0.0,34.45,23.28,1009.02,12.6,59.43,Mundali_Barrage_Cuttack,Mahanadi,571.78,1574.51,22.11,26.5,27.5,29.2,82.54993238501956,0.0,0.0,0.0,169.42,22.38,-0.2699999999999996,1497.1066666666668,512.405,4.230000000000018,0,21.97,0
2019-05-19,2.27,33.73,27.27,1007.4,11.44,62.07,Mundali_Barrage_Cuttack,Mahanadi,557.02,1816.49,21.97,26.5,27.5,29.2,72.43744252726663,0.0,0.0,2.27,171.69,22.11,-0.14000000000000057,1592.5433333333333,564.4,5.850000000000023,0,21.73,0
2019-05-20,0.95,37.55,29.64,1008.24,16.84,56.7,Mundali_Barrage_Cuttack,Mahanadi,536.13,1254.36,21.73,26.5,27.5,29.2,62.521826148176636,2.27,0.0,3.2199999999999998,3.2199999999999998,21.97,-0.23999999999999844,1548.4533333333331,546.575,5.009999999999991,0,21.65,0
2019-05-21,0.0,36.15,25.36,1008.07,12.45,62.05,Mundali_Barrage_Cuttack,Mahanadi,525.91,1322.49,21.65,26.5,27.5,29.2,53.14355222595014,0.95,2.27,3.2199999999999998,3.2199999999999998,21.73,-0.08000000000000185,1464.4466666666667,531.02,5.17999999999995,0,21.54,0
2019-05-22,0.0,33.9,25.37,1010.18,11.38,58.97,Mundali_Barrage_Cuttack,Mahanadi,567.39,1405.33,21.54,26.5,27.5,29.2,45.172019392057614,0.0,0.95,0.95,3.2199999999999998,21.65,-0.10999999999999943,1327.3933333333332,546.65,3.07000000000005,0,21.5,0
2019-05-23,0.0,32.84,25.44,1006.42,13.9,56.17,Mundali_Barrage_Cuttack,Mahanadi,481.28,1161.76,21.5,26.5,27.5,29.2,38.39621648324897,0.0,0.0,0.0,3.2199999999999998,21.54,-0.03999999999999915,1296.5266666666666,524.335,6.830000000000041,0,21.4,0
2019-05-24,0.0,36.89,25.22,1007.68,20.93,51.68,Mundali_Barrage_Cuttack,Mahanadi,565.61,1520.66,21.4,26.5,27.5,29.2,32.63678401076162,0.0,0.0,0.0,3.2199999999999998,21.5,-0.10000000000000142,1362.5833333333333,523.4449999999999,5.57000000000005,0,21.34,0
2019-05-25,0.0,37.33,28.25,1010.43,12.09,52.35,Mundali_Barrage_Cuttack,Mahanadi,500.25,1525.84,21.34,26.5,27.5,29.2,27.74126640914738,0.0,0.0,0.0,3.2199999999999998,21.4,-0.05999999999999872,1402.7533333333333,532.9300000000001,2.82000000000005,0,21.36,0
2019-05-26,3.78,34.07,22.25,1007.52,19.21,53.28,Mundali_Barrage_Cuttack,Mahanadi,602.06,1575.85,21.36,26.5,27.5,29.2,27.360076447775274,0.0,0.0,3.78,4.73,21.34,0.019999999999999574,1540.783333333333,551.155,5.730000000000018,0,21.43,0
2019-05-27,4.23,33.72,24.5,1006.69,19.7,65.25,Mundali_Barrage_Cuttack,Mahanadi,530.29,1515.74,21.43,26.5,27.5,29.2,27.486064980608983,3.78,0.0,8.01,8.010000000000002,21.36,0.07000000000000028,1539.1433333333334,566.175,6.559999999999945,0,21.35,0
2019-05-28,0.0,33.98,22.64,1007.42,15.63,60.42,Mundali_Barrage_Cuttack,Mahanadi,400.26,1154.72,21.35,26.5,27.5,29.2,23.363155233517634,4.23,3.78,8.01,8.010000000000002,21.43,-0.0799999999999983,1415.4366666666665,465.275,5.830000000000041,0,21.34,0
2019-05-29,1.31,32.52,22.17,1006.82,11.81,55.35,Mundali_Barrage_Cuttack,Mahanadi,517.99,1581.65,21.34,26.5,27.5,29.2,21.168681948489986,0.0,4.23,5.540000000000001,9.32,21.35,-0.010000000000001563,1417.3700000000001,459.125,6.42999999999995,0,21.43,0
2019-05-30,0.0,28.38,18.83,1006.69,12.53,60.22,Mundali_Barrage_Cuttack,Mahanadi,538.49,1677.47,21.43,26.5,27.5,29.2,17.993379656216486,1.31,0.0,1.31,9.32,21.34,0.08999999999999986,1471.28,528.24,6.559999999999945,0,21.46,0
2019-05-31,0.0,36.59,25.8,1007.46,16.8,57.11,Mundali_Barrage_Cuttack,Mahanadi,490.4,1643.86,21.46,26.5,27.5,29.2,15.294372707784014,0.0,1.31,1.31,9.32,21.43,0.030000000000001137,1634.3266666666666,514.4449999999999,5.789999999999964,0,22.45,0
2019-06-01,56.55,36.5,26.42,993.89,32.28,100.0,Mundali_Barrage_Cuttack,Mahanadi,2182.04,8074.89,22.45,26.5,27.5,29.2,69.55021680161641,0.0,0.0,56.55,65.87,21.46,0.9899999999999984,3798.7400000000002,1336.2199999999998,19.360000000000014,0,22.19,0
2019-06-02,4.84,35.23,27.22,995.93,13.14,85.93,Mundali_Barrage_Cuttack,Mahanadi,628.75,1904.42,22.19,26.5,27.5,29.2,63.95768428137396,56.55,0.0,61.39,66.92999999999999,22.45,-0.259999999999998,3874.3899999999994,1405.3949999999998,17.32000000000005,0,22.62,0
2019-06-03,47.7,35.19,27.47,993.14,26.5,96.54,Mundali_Barrage_Cuttack,Mahanadi,1898.72,6989.89,22.62,26.5,27.5,29.2,102.06403163916787,4.84,56.55,109.09,110.4,22.19,0.4299999999999997,5656.400000000001,1263.7349999999997,20.110000000000014,0,22.69,0
2019-06-04,27.98,37.01,26.33,997.57,21.79,88.39,Mundali_Barrage_Cuttack,Mahanadi,1285.47,4910.92,22.69,26.5,27.5,29.2,114.73442689329269,47.7,4.84,80.52000000000001,138.38,22.62,0.07000000000000028,4601.743333333334,1592.0949999999998,15.67999999999995,0,22.67,0
2019-06-05,21.82,38.22,26.62,992.53,18.12,89.52,Mundali_Barrage_Cuttack,Mahanadi,1211.92,3871.92,22.67,26.5,27.5,29.2,119.3442628592988,27.98,47.7,97.5,158.89,22.69,-0.019999999999999574,5257.576666666667,1248.6949999999997,20.720000000000027,0,22.47,0
2019-06-06,10.03,36.14,28.07,994.35,15.07,85.65,Mundali_Barrage_Cuttack,Mahanadi,868.01,2868.25,22.47,26.5,27.5,29.2,111.47262343040397,21.82,27.98,59.83,168.92,22.67,-0.20000000000000284,3883.6966666666667,1039.9649999999997,18.899999999999977,0,23.04,0
2019-06-07,57.46,36.69,30.54,991.76,33.06,98.91,Mundali_Barrage_Cuttack,Mahanadi,2163.03,8377.7,23.04,26.5,27.5,29.2,152.21172991584336,10.03,21.82,89.31,226.38,22.47,0.5700000000000003,5039.29,1515.52,21.49000000000001,0,23.1,0
2019-06-08,32.19,33.14,26.15,990.77,23.99,96.59,Mundali_Barrage_Cuttack,Mahanadi,1466.51,5404.63,23.1,26.5,27.5,29.2,161.56997042846686,57.46,10.03,99.68,202.01999999999998,23.04,0.060000000000002274,5550.193333333334,1814.77,22.480000000000018,0,27.9,2
2019-06-09,179.06,33.55,21.85,986.57,58.1,100.0,Mundali_Barrage_Cuttack,Mahanadi,24117.83,46533.63,27.9,26.5,27.5,29.2,316.3944748641968,32.19,57.46,268.71000000000004,376.24,23.1,4.799999999999997,20105.32,12792.170000000002,26.67999999999995,1,27.47,1
2019-06-10,80.52,33.74,26.09,993.66,33.99,100.0,Mundali_Barrage_Cuttack,Mahanadi,6176.18,15143.67,27.47,26.5,27.5,29.2,349.45530363456726,179.06,32.19,291.77,409.05999999999995,27.9,-0.4299999999999997,22360.64333333333,15147.005000000003,19.590000000000032,0,26.99,1
2019-06-11,62.87,33.77,22.58,994.39,31.23,100.0,Mundali_Barrage_Cuttack,Mahanadi,7410.46,15409.32,26.99,26.5,27.5,29.2,359.90700808938215,80.52,179.06,322.45,443.95,27.47,-0.4800000000000004,25695.539999999997,6793.3200000000015,18.860000000000014,0,25.19,0
2019-06-12,5.75,37.77,26.7,996.74,17.36,90.37,Mundali_Barrage_Cuttack,Mahanadi,649.37,2232.1,25.19,26.5,27.5,29.2,311.6709568759748,62.87,80.52,149.14,427.88,26.99,-1.7999999999999972,10928.363333333333,4029.915000000002,16.50999999999999,0,30.15,3
2019-06-13,212.07,38.93,30.04,984.01,64.99,100.0,Mundali_Barrage_Cuttack,Mahanadi,27307.16,53189.89,30.15,26.5,27.5,29.2,476.99031334457857,5.75,62.87,280.69,629.92,25.19,4.959999999999997,23610.436666666665,13978.265000000001,29.24000000000001,1,27.11,1
2019-06-14,6.27,36.77,29.16,994.6,13.66,88.86,Mundali_Barrage_Cuttack,Mahanadi,703.94,1850.26,27.11,26.5,27.5,29.2,411.71176634289174,212.07,5.75,224.09,578.7299999999999,30.15,-3.039999999999999,19090.75,14005.550000000001,18.649999999999977,0,27.46,1
2019-06-15,97.87,35.69,26.09,986.49,41.54,100.0,Mundali_Barrage_Cuttack,Mahanadi,8700.85,19975.86,27.46,26.5,27.5,29.2,447.825001391458,6.27,212.07,316.21,644.41,27.11,0.3500000000000014,25005.336666666666,4702.395000000002,26.75999999999999,0,26.23,0
2019-06-16,55.08,36.63,30.0,991.84,27.76,92.73,Mundali_Barrage_Cuttack,Mahanadi,2145.98,7812.34,26.23,26.5,27.5,29.2,435.73125118273924,97.87,6.27,159.22,520.43,27.46,-1.2300000000000004,9879.486666666666,5423.415000000002,21.409999999999968,0,24.95,0
2019-06-17,26.96,36.32,28.36,994.42,18.11,90.28,Mundali_Barrage_Cuttack,Mahanadi,1210.35,4369.82,24.95,26.5,27.5,29.2,397.33156350532835,55.08,97.87,179.91,466.87,26.23,-1.2800000000000011,10719.34,1678.1650000000018,18.83000000000004,0,25.66,0
2019-06-18,93.88,34.85,25.44,989.95,40.44,100.0,Mundali_Barrage_Cuttack,Mahanadi,6633.06,17032.56,25.66,26.5,27.5,29.2,431.6118289795291,26.96,55.08,175.92000000000002,497.88,24.95,0.7100000000000009,9738.24,3921.7050000000017,23.299999999999955,0,24.14,0
2019-06-19,6.25,37.48,27.24,994.43,15.74,80.64,Mundali_Barrage_Cuttack,Mahanadi,749.29,2336.91,24.14,26.5,27.5,29.2,373.1200546325997,93.88,26.96,127.09,498.38,25.66,-1.5199999999999996,7913.096666666667,3691.175000000002,18.82000000000005,0,23.73,0
2019-06-20,34.57,38.81,30.77,994.88,22.99,97.12,Mundali_Barrage_Cuttack,Mahanadi,1443.63,5426.46,23.73,26.5,27.5,29.2,351.7220464377097,6.25,93.88,134.7,320.88,24.14,-0.41000000000000014,8265.31,1096.4600000000023,18.370000000000005,0,23.78,0
2019-06-21,47.6,37.9,27.51,996.42,23.95,93.86,Mundali_Barrage_Cuttack,Mahanadi,1936.78,7222.76,23.78,26.5,27.5,29.2,346.56373947205327,34.57,6.25,88.42,362.21000000000004,23.73,0.05000000000000071,4995.376666666667,1690.2050000000022,16.83000000000004,0,23.87,0
2019-06-22,57.51,38.23,28.28,991.69,37.27,98.77,Mundali_Barrage_Cuttack,Mahanadi,2203.73,8306.87,23.87,26.5,27.5,29.2,352.08917855124525,47.6,34.57,139.68,321.85,23.78,0.08999999999999986,6985.363333333334,2070.2550000000024,21.559999999999945,0,23.68,0
2019-06-23,35.56,35.02,24.93,994.71,22.12,84.33,Mundali_Barrage_Cuttack,Mahanadi,1539.56,5660.48,23.68,26.5,27.5,29.2,334.83580176855844,57.51,47.6,140.67000000000002,302.33,23.87,-0.19000000000000128,7063.37,1871.6450000000025,18.539999999999964,0,24.0,0
2019-06-24,56.76,36.39,28.31,994.96,23.5,100.0,Mundali_Barrage_Cuttack,Mahanadi,2250.53,8417.33,24.0,26.5,27.5,29.2,341.37043150327463,35.56,57.51,149.82999999999998,332.13,23.68,0.3200000000000003,7461.56,1895.0450000000023,18.289999999999964,0,23.72,0
2019-06-25,36.17,34.18,24.62,992.97,27.47,99.75,Mundali_Barrage_Cuttack,Mahanadi,1538.24,5682.8,23.72,26.5,27.5,29.2,326.3348667777834,56.76,35.56,128.49,274.42,24.0,-0.28000000000000114,6586.87,1894.3850000000025,20.279999999999973,0,23.48,0
2019-06-26,36.99,38.52,31.44,994.17,24.22,91.64,Mundali_Barrage_Cuttack,Mahanadi,1535.22,5599.56,23.48,26.5,27.5,29.2,314.3746367611159,36.17,56.76,129.92000000000002,305.16,23.72,-0.23999999999999844,6566.563333333334,1536.7300000000023,19.08000000000004,0,23.08,0
2019-06-27,18.98,37.3,28.21,996.45,22.19,79.0,Mundali_Barrage_Cuttack,Mahanadi,1069.91,3420.49,23.08,26.5,27.5,29.2,286.1984412469485,36.99,36.17,92.14,289.57,23.48,-0.40000000000000213,4900.95,1302.5650000000023,16.799999999999955,0,22.62,0
2019-06-28,5.0,35.11,24.47,997.44,10.58,82.14,Mundali_Barrage_Cuttack,Mahanadi,564.33,1871.85,22.62,26.5,27.5,29.2,248.26867505990623,18.98,36.99,60.97,246.97,23.08,-0.4599999999999973,3630.633333333333,817.1200000000024,15.809999999999945,0,22.22,0
2019-06-29,2.14,33.59,22.62,996.25,9.86,80.5,Mundali_Barrage_Cuttack,Mahanadi,616.37,1557.81,22.22,26.5,27.5,29.2,213.16837380092028,5.0,18.98,26.12,191.6,22.62,-0.40000000000000213,2283.383333333333,590.3500000000023,17.0,0,22.34,0
2019-06-30,26.88,37.17,30.95,993.86,23.26,96.18,Mundali_Barrage_Cuttack,Mahanadi,1231.28,4416.55,22.34,26.5,27.5,29.2,208.07311773078223,2.14,5.0,34.019999999999996,182.92,22.22,0.120000000000001,2615.403333333333,923.8250000000023,19.389999999999986,0,22.3,0
2019-07-01,18.02,38.68,27.47,996.87,17.73,86.42,Mundali_Barrage_Cuttack,Mahanadi,1140.25,3711.95,22.3,26.5,27.5,29.2,194.8821500711649,26.88,2.14,47.04,144.18,22.34,-0.03999999999999915,3228.7700000000004,1185.7650000000021,16.379999999999995,0,27.05,1
2019-07-02,158.48,37.78,26.18,984.94,53.86,100.0,Mundali_Barrage_Cuttack,Mahanadi,23461.49,44039.24,27.05,26.5,27.5,29.2,324.1298275604901,18.02,26.88,203.38,266.49,22.3,4.75,17389.246666666666,12300.870000000003,28.309999999999945,1,25.16,0
2019-07-03,1.19,39.96,31.23,996.45,7.99,97.05,Mundali_Barrage_Cuttack,Mahanadi,502.19,1788.63,25.16,26.5,27.5,29.2,276.7003534264166,158.48,18.02,177.69,230.68999999999997,27.05,-1.8900000000000006,16513.27333333333,11981.840000000002,16.799999999999955,0,24.43,0
2019-07-04,30.78,36.34,26.3,995.12,19.82,100.0,Mundali_Barrage_Cuttack,Mahanadi,1501.21,5268.35,24.43,26.5,27.5,29.2,265.9753004124541,1.19,158.48,190.45,242.48999999999998,25.16,-0.7300000000000004,17032.073333333334,1001.7000000000019,18.129999999999995,0,24.32,0
2019-07-05,56.73,40.04,28.37,993.34,28.09,100.0,Mundali_Barrage_Cuttack,Mahanadi,2179.58,8408.21,24.32,26.5,27.5,29.2,282.80900535058595,30.78,1.19,88.7,294.21999999999997,24.43,-0.10999999999999943,5155.063333333333,1840.3950000000018,19.909999999999968,0,23.71,0
2019-07-06,26.93,37.49,25.9,994.49,24.05,96.02,Mundali_Barrage_Cuttack,Mahanadi,1383.41,4716.14,23.71,26.5,27.5,29.2,267.317654547998,56.73,30.78,114.44,319.01,24.32,-0.6099999999999994,6130.899999999999,1781.4950000000017,18.75999999999999,0,22.96,0
2019-07-07,6.8,41.74,35.1,993.87,18.72,82.78,Mundali_Barrage_Cuttack,Mahanadi,759.22,2051.05,22.96,26.5,27.5,29.2,234.0200063657983,26.93,56.73,90.46000000000001,298.93,23.71,-0.75,5058.466666666666,1071.3150000000019,19.379999999999995,0,23.09,0
2019-07-08,42.7,39.69,31.26,993.97,28.24,88.67,Mundali_Barrage_Cuttack,Mahanadi,1763.26,6288.0,23.09,26.5,27.5,29.2,241.61700541092858,6.8,26.93,76.43,323.60999999999996,22.96,0.129999999999999,4351.7300000000005,1261.2400000000018,19.279999999999973,0,23.22,0
2019-07-09,46.18,38.05,27.14,995.29,25.91,90.71,Mundali_Barrage_Cuttack,Mahanadi,1817.97,6868.6,23.22,26.5,27.5,29.2,251.5544545992893,42.7,6.8,95.68,211.31,23.09,0.129999999999999,5069.216666666666,1790.6150000000018,17.960000000000036,0,22.56,0
2019-07-10,0.16,36.17,26.0,993.52,11.07,71.28,Mundali_Barrage_Cuttack,Mahanadi,513.71,1578.16,22.56,26.5,27.5,29.2,213.9812864093959,46.18,42.7,89.04,210.28,23.22,-0.6600000000000001,4911.586666666667,1165.840000000002,19.730000000000018,0,22.22,0
2019-07-11,7.59,42.1,32.38,997.06,9.15,80.86,Mundali_Barrage_Cuttack,Mahanadi,775.92,2294.44,22.22,26.5,27.5,29.2,189.47409344798652,0.16,46.18,53.93,187.09,22.56,-0.33999999999999986,3580.4,644.8150000000019,16.190000000000055,0,22.85,0
2019-07-12,55.73,37.99,29.94,992.63,23.76,90.49,Mundali_Barrage_Cuttack,Mahanadi,2269.99,8409.14,22.85,26.5,27.5,29.2,216.78297943078852,7.59,0.16,63.48,186.09,22.22,0.6300000000000026,4093.9133333333334,1522.9550000000017,20.620000000000005,0,22.79,0
2019-07-13,24.3,41.75,30.87,995.39,19.32,91.25,Mundali_Barrage_Cuttack,Mahanadi,1219.55,4426.25,22.79,26.5,27.5,29.2,208.56553251617024,55.73,7.59,87.62,183.46,22.85,-0.060000000000002274,5043.276666666667,1744.7700000000018,17.860000000000014,0,30.2,3
2019-07-14,283.46,37.56,28.64,978.57,82.25,100.0,Mundali_Barrage_Cuttack,Mahanadi,33703.43,67068.99,30.2,26.5,27.5,29.2,460.74070263874466,24.3,55.73,363.49,460.12,22.79,7.41,26634.793333333335,17461.49,34.67999999999995,1,27.37,1
2019-07-15,10.28,35.33,25.67,995.98,13.6,89.79,Mundali_Barrage_Cuttack,Mahanadi,788.13,2755.41,27.37,26.5,27.5,29.2,401.90959724293293,283.46,24.3,318.0399999999999,427.69999999999993,30.2,-2.8299999999999983,24750.21666666667,17245.78,17.269999999999982,0,25.51,0
2019-07-16,14.94,40.34,33.25,993.65,23.28,87.59,Mundali_Barrage_Cuttack,Mahanadi,883.76,3164.1,25.51,26.5,27.5,29.2,356.563157656493,10.28,283.46,308.67999999999995,396.4599999999999,27.37,-1.8599999999999994,24329.5,835.9449999999999,19.600000000000023,0,24.16,0
2019-07-17,3.16,42.11,32.81,995.7,15.17,80.8,Mundali_Barrage_Cuttack,Mahanadi,545.02,2013.44,24.16,26.5,27.5,29.2,306.23868400801905,14.94,10.28,28.38,399.4599999999999,25.51,-1.3500000000000014,2644.3166666666666,714.39,17.549999999999955,0,25.01,0
2019-07-18,84.68,39.5,32.13,990.98,36.67,100.0,Mundali_Barrage_Cuttack,Mahanadi,6469.45,15902.1,25.01,26.5,27.5,29.2,344.9828814068162,3.16,14.94,102.78,476.54999999999995,24.16,0.8500000000000014,7026.546666666666,3507.2349999999997,22.269999999999982,0,24.14,0
2019-07-19,14.82,38.93,31.51,996.24,15.55,90.92,Mundali_Barrage_Cuttack,Mahanadi,896.17,3176.51,24.14,26.5,27.5,29.2,308.05544919579376,84.68,3.16,102.66,435.63999999999993,25.01,-0.870000000000001,7030.683333333334,3682.81,17.00999999999999,0,23.99,0
2019-07-20,48.42,38.22,28.48,993.51,32.77,90.34,Mundali_Barrage_Cuttack,Mahanadi,1893.23,7131.46,23.99,26.5,27.5,29.2,310.2671318164247,14.82,84.68,147.92000000000002,459.76,24.14,-0.15000000000000213,8736.69,1394.7000000000005,19.74000000000001,0,23.25,0
2019-07-21,5.15,38.94,32.36,996.37,15.42,82.81,Mundali_Barrage_Cuttack,Mahanadi,727.97,2164.3,23.25,26.5,27.5,29.2,268.87706204396096,48.42,14.82,68.39,181.45000000000002,23.99,-0.7399999999999984,4157.423333333334,1310.6000000000004,16.879999999999995,0,23.01,0
2019-07-22,26.16,38.61,29.05,992.38,21.48,89.84,Mundali_Barrage_Cuttack,Mahanadi,1326.14,4706.5,23.01,26.5,27.5,29.2,254.7055027373668,5.15,48.42,79.73,197.33,23.25,-0.23999999999999844,4667.420000000001,1027.0550000000005,20.870000000000005,0,22.52,0
2019-07-23,4.11,36.94,26.63,992.88,16.73,91.37,Mundali_Barrage_Cuttack,Mahanadi,577.78,1835.82,22.52,26.5,27.5,29.2,220.60967732676178,26.16,5.15,35.42,186.5,23.01,-0.490000000000002,2902.2066666666674,951.9600000000005,20.370000000000005,0,24.37,0
2019-07-24,91.82,37.69,29.56,989.42,37.06,100.0,Mundali_Barrage_Cuttack,Mahanadi,7851.86,18326.82,24.37,26.5,27.5,29.2,279.3382257277475,4.11,26.16,122.09,275.16,22.52,1.8500000000000014,8289.713333333335,4214.820000000001,23.83000000000004,0,23.39,0
2019-07-25,1.96,40.44,29.16,993.55,15.88,93.18,Mundali_Barrage_Cuttack,Mahanadi,532.06,1718.76,23.39,26.5,27.5,29.2,239.39749186858538,91.82,4.11,97.89,192.44,24.37,-0.9800000000000004,7293.8,4191.96,19.700000000000045,0,22.91,0
2019-07-26,10.98,41.44,31.05,998.26,14.63,85.01,Mundali_Barrage_Cuttack,Mahanadi,737.65,2666.07,22.91,26.5,27.5,29.2,214.46786808829756,1.96,91.82,104.75999999999999,188.60000000000002,23.39,-0.4800000000000004,7570.55,634.8550000000005,14.990000000000009,0,22.65,0
2019-07-27,23.13,41.2,34.0,993.23,17.04,89.35,Mundali_Barrage_Cuttack,Mahanadi,1255.36,4197.79,22.65,26.5,27.5,29.2,205.42768787505292,10.98,1.96,36.07,163.31,22.91,-0.26000000000000156,2860.8733333333344,996.5050000000003,20.019999999999982,0,22.4,0
2019-07-28,16.76,42.83,32.06,993.17,14.91,85.45,Mundali_Barrage_Cuttack,Mahanadi,1076.57,3687.52,22.4,26.5,27.5,29.2,191.37353469379497,23.13,10.98,50.870000000000005,174.92,22.65,-0.25,3517.1266666666675,1165.9650000000001,20.08000000000004,0,26.87,1
2019-07-29,136.94,42.71,33.58,988.0,45.99,100.0,Mundali_Barrage_Cuttack,Mahanadi,22722.09,41387.41,26.87,26.5,27.5,29.2,299.6075044897257,16.76,23.13,176.82999999999998,285.7,22.4,4.470000000000002,16424.24,11899.33,25.25,1,25.52,0
2019-07-30,39.41,41.36,31.11,994.51,21.5,87.17,Mundali_Barrage_Cuttack,Mahanadi,1610.96,5743.11,25.52,26.5,27.5,29.2,294.07637881626687,136.94,16.76,193.10999999999999,321.0,26.87,-1.3500000000000014,16939.346666666668,12166.525,18.74000000000001,0,24.16,0
2019-07-31,2.57,36.76,28.38,996.61,21.11,77.11,Mundali_Barrage_Cuttack,Mahanadi,576.23,1805.24,24.16,26.5,27.5,29.2,252.53492199382683,39.41,136.94,178.92,231.74999999999997,25.52,-1.3599999999999994,16311.920000000004,1093.595,16.639999999999986,0,23.58,0
2019-08-01,20.3,41.01,29.9,994.78,19.32,87.6,Mundali_Barrage_Cuttack,Mahanadi,1025.8,3746.82,23.58,26.5,27.5,29.2,234.95468369475282,2.57,39.41,62.28,250.09,24.16,-0.5800000000000018,3765.056666666669,801.015,18.470000000000027,0,23.01,0
2019-08-02,13.41,41.12,30.37,995.68,15.83,84.84,Mundali_Barrage_Cuttack,Mahanadi,951.07,3170.47,23.01,26.5,27.5,29.2,213.12148114053988,20.3,2.57,36.28,252.51999999999998,23.58,-0.5699999999999967,2907.5100000000025,988.435,17.57000000000005,0,22.68,0
2019-08-03,14.44,38.58,26.73,997.1,20.87,88.71,Mundali_Barrage_Cuttack,Mahanadi,880.47,3051.6,22.68,26.5,27.5,29.2,195.5932589694589,13.41,20.3,48.15,243.82999999999998,23.01,-0.33000000000000185,3322.9633333333354,915.77,16.149999999999977,0,22.28,0
2019-08-04,3.98,40.68,31.04,996.99,13.04,85.84,Mundali_Barrage_Cuttack,Mahanadi,549.72,1803.82,22.28,26.5,27.5,29.2,170.23427012404005,14.44,13.41,31.83,231.04999999999998,22.68,-0.3999999999999986,2675.296666666669,715.095,16.25999999999999,0,22.29,0
2019-08-05,19.55,40.05,33.65,993.34,19.06,90.51,Mundali_Barrage_Cuttack,Mahanadi,1006.5,3521.75,22.29,26.5,27.5,29.2,164.24912960543406,3.98,14.44,37.97,113.66,22.28,0.00999999999999801,2792.3900000000026,778.11,19.909999999999968,0,24.53,0
2019-08-06,94.53,41.0,32.36,987.36,38.48,100.0,Mundali_Barrage_Cuttack,Mahanadi,11090.4,22863.12,24.53,26.5,27.5,29.2,234.14176016461894,19.55,3.98,118.06,168.78,22.29,2.240000000000002,9396.230000000001,6048.45,25.889999999999986,0,23.59,0
2019-08-07,6.82,39.01,32.64,996.22,15.06,91.5,Mundali_Barrage_Cuttack,Mahanadi,610.2,2144.94,23.59,26.5,27.5,29.2,205.8404961399261,94.53,19.55,120.9,173.03,24.53,-0.9400000000000013,9509.936666666668,5850.3,17.029999999999973,0,22.83,0
2019-08-08,1.68,41.31,29.4,995.39,12.73,80.45,Mundali_Barrage_Cuttack,Mahanadi,459.04,1441.36,22.83,26.5,27.5,29.2,176.6444217189372,6.82,94.53,103.03,154.41,23.59,-0.7600000000000016,8816.473333333335,534.62,17.860000000000014,0,22.5,0
2019-08-09,3.62,41.68,35.31,994.84,15.39,83.1,Mundali_Barrage_Cuttack,Mahanadi,587.19,1798.96,22.5,26.5,27.5,29.2,153.7677584610966,1.68,6.82,12.120000000000001,144.62,22.83,-0.3299999999999983,1795.086666666669,523.115,18.409999999999968,0,22.85,0
2019-08-10,47.09,43.04,33.88,990.95,22.64,95.08,Mundali_Barrage_Cuttack,Mahanadi,1889.44,6974.25,22.85,26.5,27.5,29.2,177.79259469193212,3.62,1.68,52.39,177.27,22.5,0.3500000000000014,3404.856666666669,1238.315,22.299999999999955,0,24.25,0
2019-08-11,60.95,40.2,31.71,990.59,30.86,100.0,Mundali_Barrage_Cuttack,Mahanadi,9286.02,17788.15,24.25,26.5,27.5,29.2,212.0737054881423,47.09,3.62,111.66,234.24,22.85,1.3999999999999986,8853.786666666669,5587.7300000000005,22.659999999999968,0,28.54,2
2019-08-12,173.49,40.49,32.93,985.57,55.73,100.0,Mundali_Barrage_Cuttack,Mahanadi,24197.82,45796.01,28.54,26.5,27.5,29.2,353.75264966492097,60.95,47.09,281.53,388.18,24.25,4.289999999999999,23519.47,16741.92,27.67999999999995,1,26.37,0
2019-08-13,21.46,41.31,34.65,995.58,13.48,98.74,Mundali_Barrage_Cuttack,Mahanadi,1162.37,3738.41,26.37,26.5,27.5,29.2,322.1497522151828,173.49,60.95,255.9,315.10999999999996,28.54,-2.169999999999998,22440.85666666667,12680.095,17.66999999999996,0,29.8,3
2019-08-14,195.32,40.52,30.09,982.95,55.92,100.0,Mundali_Barrage_Cuttack,Mahanadi,20985.84,43603.74,29.8,26.5,27.5,29.2,469.14728938290534,21.46,173.49,390.27,503.61,26.37,3.4299999999999997,31046.053333333333,11074.105,30.299999999999955,1,27.12,1
2019-08-15,14.05,42.04,30.3,995.47,15.5,91.41,Mundali_Barrage_Cuttack,Mahanadi,858.78,3201.99,27.12,26.5,27.5,29.2,412.82519597546957,195.32,21.46,230.83,515.98,29.8,-2.6799999999999997,16848.04666666667,10922.31,17.779999999999973,0,25.63,0
2019-08-16,32.63,42.88,36.65,993.31,21.89,96.39,Mundali_Barrage_Cuttack,Mahanadi,1555.46,5412.25,25.63,26.5,27.5,29.2,383.5314165791491,14.05,195.32,242.0,544.99,27.12,-1.490000000000002,17405.993333333336,1207.12,19.940000000000055,0,24.6,0
2019-08-17,28.39,42.14,32.46,995.5,21.19,86.75,Mundali_Barrage_Cuttack,Mahanadi,1368.3,4913.54,24.6,26.5,27.5,29.2,354.3917040922767,32.63,14.05,75.07000000000001,526.29,25.63,-1.0299999999999976,4509.260000000002,1461.88,17.75,0,23.56,0
2019-08-18,4.56,45.67,39.42,995.93,15.85,81.09,Mundali_Barrage_Cuttack,Mahanadi,685.65,2142.3,23.56,26.5,27.5,29.2,305.7929484784352,28.39,32.63,65.58000000000001,469.90000000000003,24.6,-1.0400000000000027,4156.0300000000025,1026.975,17.32000000000005,0,25.02,0
2019-08-19,73.91,39.01,30.91,990.11,34.52,100.0,Mundali_Barrage_Cuttack,Mahanadi,10223.37,20023.27,25.02,26.5,27.5,29.2,333.83400620667,4.56,28.39,106.86,370.32,23.56,1.4600000000000009,9026.370000000003,5454.51,23.139999999999986,0,23.83,0
2019-08-20,5.73,42.33,31.74,994.59,18.42,79.94,Mundali_Barrage_Cuttack,Mahanadi,685.71,2152.19,23.83,26.5,27.5,29.2,289.4889052756695,73.91,4.56,84.2,354.59000000000003,25.02,-1.1900000000000013,8105.920000000002,5454.540000000001,18.659999999999968,0,23.39,0
2019-08-21,27.44,41.17,31.48,993.98,22.78,96.35,Mundali_Barrage_Cuttack,Mahanadi,1345.1,4652.16,23.39,26.5,27.5,29.2,273.50556948431904,5.73,73.91,107.08,186.71,23.83,-0.4399999999999977,8942.540000000003,1015.405,19.269999999999982,0,29.49,3
2019-08-22,236.43,40.59,28.71,983.21,77.47,100.0,Mundali_Barrage_Cuttack,Mahanadi,29542.61,57931.42,29.49,26.5,27.5,29.2,468.9097340616712,27.44,5.73,269.6,409.09000000000003,23.39,6.099999999999998,21578.59,15443.855,30.039999999999964,1,27.32,1
2019-08-23,38.6,40.22,32.19,994.22,20.52,83.75,Mundali_Barrage_Cuttack,Mahanadi,1754.97,6113.08,27.32,26.5,27.5,29.2,437.1732739524205,236.43,27.44,302.47,415.06,29.49,-2.169999999999998,22898.88666666667,15648.79,19.029999999999973,0,25.44,0
2019-08-24,16.21,41.54,30.22,994.61,14.03,91.43,Mundali_Barrage_Cuttack,Mahanadi,891.8,3114.65,25.44,26.5,27.5,29.2,387.8072828595574,38.6,236.43,291.24,402.88,27.32,-1.879999999999999,22386.383333333335,1323.385,18.639999999999986,0,24.89,0
2019-08-25,47.39,43.71,34.94,991.94,27.32,99.89,Mundali_Barrage_Cuttack,Mahanadi,1985.56,7076.27,24.89,26.5,27.5,29.2,377.0261904306238,16.21,38.6,102.2,445.71000000000004,25.44,-0.5500000000000007,5434.666666666669,1438.6799999999998,21.309999999999945,0,24.34,0
2019-08-26,41.95,42.44,30.54,991.54,24.2,94.15,Mundali_Barrage_Cuttack,Mahanadi,1798.29,6545.21,24.34,26.5,27.5,29.2,362.4222618660302,47.39,16.21,105.55000000000001,413.75,24.89,-0.5500000000000007,5578.710000000003,1891.925,21.710000000000036,0,23.95,0
2019-08-27,36.25,42.19,31.15,991.59,23.99,100.0,Mundali_Barrage_Cuttack,Mahanadi,1657.66,6157.63,23.95,26.5,27.5,29.2,344.3089225861257,41.95,47.39,125.59,444.27000000000004,24.34,-0.39000000000000057,6593.03666666667,1727.975,21.659999999999968,0,23.48,0
2019-08-28,24.99,43.31,33.18,991.86,21.23,94.0,Mundali_Barrage_Cuttack,Mahanadi,1199.19,4135.63,23.48,26.5,27.5,29.2,317.65258419820685,36.25,41.95,103.19000000000001,441.82000000000005,23.95,-0.46999999999999886,5612.823333333336,1428.4250000000002,21.389999999999986,0,23.29,0
2019-08-29,40.09,41.73,34.25,993.57,23.4,89.77,Mundali_Barrage_Cuttack,Mahanadi,1669.39,6368.52,23.29,26.5,27.5,29.2,310.0946965684758,24.99,36.25,101.33000000000001,245.48000000000002,23.48,-0.19000000000000128,5553.92666666667,1434.29,19.67999999999995,0,23.34,0
2019-08-30,45.07,45.61,35.92,993.89,23.72,89.97,Mundali_Barrage_Cuttack,Mahanadi,1841.97,6514.35,23.34,26.5,27.5,29.2,308.6504920832044,40.09,24.99,110.15,251.95000000000002,23.29,0.05000000000000071,5672.833333333336,1755.68,19.360000000000014,0,23.4,0
2019-08-31,42.88,39.42,32.52,991.77,26.89,93.0,Mundali_Barrage_Cuttack,Mahanadi,1718.19,6671.78,23.4,26.5,27.5,29.2,305.23291827072376,45.07,40.09,128.04000000000002,278.62,23.34,0.05999999999999872,6518.21666666667,1780.08,21.480000000000018,0,27.87,2
2019-09-01,157.04,45.81,34.5,985.98,48.16,100.0,Mundali_Barrage_Cuttack,Mahanadi,24180.73,44833.68,27.87,26.5,27.5,29.2,416.4879805301151,42.88,45.07,244.99,388.27,23.4,4.470000000000002,19339.936666666672,12949.46,27.269999999999982,1,25.79,0
2019-09-02,14.9,44.73,38.18,994.25,16.07,99.26,Mundali_Barrage_Cuttack,Mahanadi,989.86,3098.42,25.79,26.5,27.5,29.2,368.91478345059784,157.04,42.88,214.82000000000002,361.21999999999997,27.87,-2.080000000000002,18201.293333333335,12585.295,19.0,0,28.98,2
2019-09-03,185.79,46.16,36.54,987.68,63.52,100.0,Mundali_Barrage_Cuttack,Mahanadi,18650.93,39987.66,28.98,26.5,27.5,29.2,499.3675659330081,14.9,157.04,357.73,510.76,25.79,3.1900000000000013,29306.58666666667,9820.395,25.57000000000005,1,26.35,0
2019-09-04,8.81,40.84,34.49,995.47,19.55,81.4,Mundali_Barrage_Cuttack,Mahanadi,767.07,2559.75,26.35,26.5,27.5,29.2,433.2724310430569,185.79,14.9,209.50000000000003,494.58,28.98,-2.629999999999999,15215.27666666667,9709.0,17.779999999999973,0,25.19,0
2019-09-05,34.44,36.97,30.08,995.14,20.46,83.0,Mundali_Barrage_Cuttack,Mahanadi,1476.02,5531.23,25.19,26.5,27.5,29.2,402.72156638659834,8.81,185.79,229.04000000000002,488.92999999999995,26.35,-1.1600000000000001,16026.213333333339,1121.545,18.110000000000014,0,23.85,0
2019-09-06,2.6,45.58,33.59,996.79,15.22,85.66,Mundali_Barrage_Cuttack,Mahanadi,492.69,1503.6,23.85,26.5,27.5,29.2,344.9133314286086,34.44,8.81,45.85000000000003,446.46,25.19,-1.3399999999999999,3198.193333333336,984.355,16.460000000000036,0,23.24,0
2019-09-07,15.31,41.89,33.43,995.47,16.71,92.04,Mundali_Barrage_Cuttack,Mahanadi,909.01,3380.29,23.24,26.5,27.5,29.2,308.4863317143173,2.6,34.44,52.35000000000002,418.89,23.85,-0.610000000000003,3471.7066666666688,700.85,17.779999999999973,0,22.93,0
2019-09-08,23.75,41.64,33.64,992.9,18.36,92.98,Mundali_Barrage_Cuttack,Mahanadi,1295.07,4414.12,22.93,26.5,27.5,29.2,285.9633819571697,15.31,2.6,41.660000000000025,285.6,23.24,-0.3099999999999987,3099.3366666666693,1102.04,20.350000000000023,0,22.75,0
2019-09-09,20.44,44.72,33.67,994.48,20.65,85.47,Mundali_Barrage_Cuttack,Mahanadi,1140.58,3517.81,22.75,26.5,27.5,29.2,263.50887466359427,23.75,15.31,59.50000000000003,291.14,22.93,-0.17999999999999972,3770.740000000002,1217.8249999999998,18.769999999999982,0,22.5,0
2019-09-10,17.16,42.63,34.01,997.63,20.99,91.04,Mundali_Barrage_Cuttack,Mahanadi,953.2,3033.44,22.5,26.5,27.5,29.2,241.1425434640551,20.44,23.75,61.35000000000002,122.51,22.75,-0.25,3655.123333333336,1046.8899999999999,15.620000000000005,0,22.23,0
2019-09-11,4.85,43.5,33.56,994.85,14.91,82.44,Mundali_Barrage_Cuttack,Mahanadi,704.61,2025.86,22.23,26.5,27.5,29.2,209.82116194444683,17.16,20.44,42.450000000000024,118.55,22.5,-0.2699999999999996,2859.036666666669,828.905,18.399999999999977,0,22.13,0
2019-09-12,8.5,42.29,34.66,996.04,15.21,92.39,Mundali_Barrage_Cuttack,Mahanadi,672.7,2366.12,22.13,26.5,27.5,29.2,186.8479876527798,4.85,17.16,30.510000000000026,92.61,22.23,-0.10000000000000142,2475.1400000000026,688.655,17.210000000000036,0,27.2,1
2019-09-13,185.12,37.92,29.84,986.22,61.02,100.0,Mundali_Barrage_Cuttack,Mahanadi,22681.07,45263.86,27.2,26.5,27.5,29.2,343.94078950486283,8.5,4.85,198.47000000000003,275.13,22.13,5.07,16551.94666666667,11676.885,27.029999999999973,1,25.46,0
2019-09-14,23.0,42.57,35.01,993.71,22.13,82.63,Mundali_Barrage_Cuttack,Mahanadi,1109.52,4004.0,25.46,26.5,27.5,29.2,315.34967107913343,185.12,8.5,216.62000000000003,282.82,27.2,-1.7399999999999984,17211.32666666667,11895.295,19.539999999999964,0,24.15,0
2019-09-15,6.18,43.75,34.1,995.58,13.12,82.28,Mundali_Barrage_Cuttack,Mahanadi,758.57,2434.95,24.15,26.5,27.5,29.2,274.2272204172634,23.0,185.12,214.30000000000004,265.25,25.46,-1.3100000000000023,17234.270000000004,934.0450000000001,17.66999999999996,0,23.23,0
2019-09-16,4.59,44.11,34.74,995.05,12.1,83.69,Mundali_Barrage_Cuttack,Mahanadi,716.23,2166.0,23.23,26.5,27.5,29.2,237.6831373546739,6.18,23.0,33.770000000000024,249.4,24.15,-0.9199999999999982,2868.3166666666716,737.4000000000001,18.200000000000045,0,23.49,0
2019-09-17,55.08,43.21,33.95,992.14,27.52,94.38,Mundali_Barrage_Cuttack,Mahanadi,2235.87,7970.42,23.49,26.5,27.5,29.2,257.1106667514728,4.59,6.18,65.85000000000002,287.32,23.23,0.259999999999998,4190.4566666666715,1476.05,21.110000000000014,0,22.99,0
2019-09-18,18.56,41.98,33.51,997.9,20.5,97.86,Mundali_Barrage_Cuttack,Mahanadi,1048.36,3823.89,22.99,26.5,27.5,29.2,237.1040667387519,55.08,4.59,78.23000000000002,301.03,23.49,-0.5,4653.436666666671,1642.1149999999998,15.350000000000023,0,22.59,0
2019-09-19,1.8,42.53,36.22,997.95,12.56,85.55,Mundali_Barrage_Cuttack,Mahanadi,541.73,1413.35,22.59,26.5,27.5,29.2,203.33845672793913,18.56,55.08,75.44000000000001,294.33,22.99,-0.3999999999999986,4402.553333333338,795.045,15.299999999999955,0,22.3,0
2019-09-20,8.38,45.24,36.12,994.34,17.06,83.25,Mundali_Barrage_Cuttack,Mahanadi,842.32,2510.21,22.3,26.5,27.5,29.2,181.21768821874826,1.8,18.56,28.740000000000023,117.58999999999996,22.59,-0.28999999999999915,2582.483333333338,692.0250000000001,18.909999999999968,0,22.95,0
2019-09-21,59.27,42.35,30.44,990.1,28.63,96.1,Mundali_Barrage_Cuttack,Mahanadi,2339.7,8704.17,22.95,26.5,27.5,29.2,213.30503498593603,8.38,1.8,69.45000000000003,153.85999999999996,22.3,0.6499999999999986,4209.243333333338,1591.01,23.149999999999977,0,23.92,0
2019-09-22,67.18,41.0,31.06,991.96,29.52,100.0,Mundali_Barrage_Cuttack,Mahanadi,5635.64,13289.31,23.92,26.5,27.5,29.2,248.48927973804564,59.27,8.38,134.83000000000004,214.85999999999996,22.95,0.9700000000000024,8167.896666666671,3987.67,21.289999999999964,0,23.75,0
2019-09-23,41.84,43.18,35.46,991.33,25.55,100.0,Mundali_Barrage_Cuttack,Mahanadi,1806.77,6591.73,23.75,26.5,27.5,29.2,253.0558877773388,67.18,59.27,168.29000000000002,252.10999999999996,23.92,-0.1700000000000017,9528.403333333337,3721.205,21.91999999999996,0,23.39,0
2019-09-24,28.19,44.5,35.3,994.02,22.5,86.22,Mundali_Barrage_Cuttack,Mahanadi,1402.3,4952.85,23.39,26.5,27.5,29.2,243.28750461073798,41.84,67.18,137.21000000000004,225.22,23.75,-0.35999999999999943,8277.963333333339,1604.5349999999999,19.230000000000018,0,23.46,0
2019-09-25,44.14,42.31,35.2,992.75,25.93,99.05,Mundali_Barrage_Cuttack,Mahanadi,1852.55,6884.43,23.46,26.5,27.5,29.2,250.93437891912725,28.19,41.84,114.17000000000003,250.79999999999998,23.39,0.07000000000000028,6143.003333333339,1627.425,20.5,0,22.84,0
2019-09-26,4.62,41.51,30.22,996.03,15.23,90.45,Mundali_Barrage_Cuttack,Mahanadi,653.36,2346.7,22.84,26.5,27.5,29.2,217.91422208125817,44.14,28.19,76.95000000000003,253.62,23.46,-0.620000000000001,4727.993333333338,1252.955,17.220000000000027,0,24.44,0
2019-09-27,95.62,40.86,29.57,990.91,34.34,100.0,Mundali_Barrage_Cuttack,Mahanadi,7241.18,17660.68,24.44,26.5,27.5,29.2,280.84708876906944,4.62,44.14,144.38000000000005,340.86,22.84,1.6000000000000014,8963.93666666667,3947.27,22.340000000000032,0,23.37,0
2019-09-28,0.36,46.58,35.24,996.31,14.67,80.34,Mundali_Barrage_Cuttack,Mahanadi,426.78,1579.46,23.37,26.5,27.5,29.2,239.08002545370903,95.62,4.62,100.60000000000004,281.95,24.44,-1.0700000000000003,7195.613333333337,3833.98,16.940000000000055,0,22.72,0
2019-09-29,5.81,43.33,33.07,997.63,14.54,73.97,Mundali_Barrage_Cuttack,Mahanadi,649.34,1725.38,22.72,26.5,27.5,29.2,209.02802163565266,0.36,95.62,101.79000000000003,220.57999999999998,23.37,-0.6500000000000021,6988.506666666671,538.06,15.620000000000005,0,23.06,0
2019-09-30,48.27,42.82,31.85,989.74,23.07,93.96,Mundali_Barrage_Cuttack,Mahanadi,1978.21,7282.32,23.06,26.5,27.5,29.2,225.94381839030476,5.81,0.36,54.44000000000003,227.00999999999996,22.72,0.33999999999999986,3529.053333333337,1313.775,23.50999999999999,0,22.41,0
2019-10-01,0.0,42.52,35.67,1007.45,12.01,44.85,Mundali_Barrage_Cuttack,Mahanadi,587.23,1815.25,22.41,26.5,27.5,29.2,192.05224563175904,48.27,5.81,54.080000000000034,198.81999999999996,23.06,-0.6499999999999986,3607.6500000000037,1282.7199999999998,5.7999999999999545,0,22.1,0
2019-10-02,0.0,39.96,28.91,1009.87,15.21,54.88,Mundali_Barrage_Cuttack,Mahanadi,548.42,1611.21,22.1,26.5,27.5,29.2,163.24440878699517,0.0,48.27,48.27000000000003,154.67999999999998,22.41,-0.3099999999999987,3569.5933333333364,567.8249999999998,3.3799999999999955,0,21.98,0
2019-10-03,2.82,45.39,38.97,1006.15,15.55,54.55,Mundali_Barrage_Cuttack,Mahanadi,627.87,1919.23,21.98,26.5,27.5,29.2,141.5777474689459,0.0,0.0,2.8200000000000283,152.87999999999997,22.1,-0.120000000000001,1781.8966666666704,588.1449999999999,7.100000000000023,0,21.78,0
2019-10-04,0.0,44.73,34.57,1005.98,8.19,55.63,Mundali_Barrage_Cuttack,Mahanadi,538.28,1662.14,21.78,26.5,27.5,29.2,120.341085348604,2.82,0.0,2.8200000000000283,57.25999999999998,21.98,-0.1999999999999993,1730.8600000000035,583.0749999999998,7.269999999999982,0,21.63,0
2019-10-05,0.91,44.01,32.79,1008.22,16.4,58.61,Mundali_Barrage_Cuttack,Mahanadi,607.38,1747.38,21.63,26.5,27.5,29.2,103.19992254631339,0.0,2.82,3.7300000000000284,57.809999999999974,21.78,-0.15000000000000213,1776.2500000000036,572.8299999999999,5.029999999999973,0,21.57,0
2019-10-06,0.0,43.52,34.16,1008.98,13.6,50.13,Mundali_Barrage_Cuttack,Mahanadi,478.43,1420.11,21.57,26.5,27.5,29.2,87.71993416436638,0.91,0.0,0.9100000000000285,51.99999999999997,21.63,-0.05999999999999872,1609.8766666666704,542.9049999999999,4.269999999999982,0,21.48,0
2019-10-07,0.0,38.63,26.76,1009.27,13.44,50.29,Mundali_Barrage_Cuttack,Mahanadi,445.66,1610.89,21.48,26.5,27.5,29.2,74.56194403971142,0.0,0.91,0.9100000000000285,3.7299999999999716,21.57,-0.08999999999999986,1592.793333333337,462.0449999999999,3.980000000000018,0,28.03,2
2019-10-08,208.38,42.52,31.37,996.13,67.64,100.0,Mundali_Barrage_Cuttack,Mahanadi,29996.88,56518.35,28.03,26.5,27.5,29.2,271.7576524337547,0.0,0.0,208.38000000000002,212.10999999999996,21.48,6.550000000000001,19849.783333333336,15221.27,17.120000000000005,1,25.68,0
2019-10-09,0.0,41.08,30.1,1009.63,15.98,53.07,Mundali_Barrage_Cuttack,Mahanadi,404.33,1439.53,25.68,26.5,27.5,29.2,230.99400456869148,208.38,0.0,208.38000000000002,212.10999999999996,28.03,-2.3500000000000014,19856.25666666667,15200.605000000001,3.6200000000000045,0,24.25,0
2019-10-10,0.0,41.12,33.66,1008.14,13.94,53.48,Mundali_Barrage_Cuttack,Mahanadi,517.22,1578.11,24.25,26.5,27.5,29.2,196.34490388338776,0.0,208.38,208.38000000000002,209.28999999999996,25.68,-1.4299999999999997,19845.330000000005,460.775,5.110000000000014,0,23.27,0
2019-10-11,0.0,40.82,30.36,1006.4,15.28,59.5,Mundali_Barrage_Cuttack,Mahanadi,410.12,1296.9,23.27,26.5,27.5,29.2,166.89316830087958,0.0,0.0,0.0,209.28999999999996,24.25,-0.9800000000000004,1438.1800000000048,463.67,6.850000000000023,0,22.64,0
2019-10-12,0.0,44.38,38.17,1007.03,14.21,60.81,Mundali_Barrage_Cuttack,Mahanadi,510.68,1307.18,22.64,26.5,27.5,29.2,141.85919305574765,0.0,0.0,0.0,208.37999999999997,23.27,-0.629999999999999,1394.0633333333383,460.4,6.220000000000027,0,27.81,2
2019-10-13,223.02,41.03,34.47,994.98,70.55,100.0,Mundali_Barrage_Cuttack,Mahanadi,21303.05,46355.26,27.81,26.5,27.5,29.2,343.60031409738554,0.0,0.0,223.02000000000004,431.4,22.64,5.169999999999998,16319.780000000006,10906.865,18.269999999999982,1,25.61,0
2019-10-14,0.0,44.18,35.59,1012.03,12.04,45.85,Mundali_Barrage_Cuttack,Mahanadi,539.84,1690.62,25.61,26.5,27.5,29.2,292.0602669827777,223.02,0.0,223.02000000000004,431.4,27.81,-2.1999999999999993,16451.020000000008,10921.445,1.2200000000000273,0,24.04,0
2019-10-15,0.0,42.58,32.93,1009.43,17.67,63.75,Mundali_Barrage_Cuttack,Mahanadi,406.63,1294.61,24.04,26.5,27.5,29.2,248.25122693536105,0.0,223.02,223.02000000000004,223.01999999999998,25.61,-1.5700000000000003,16446.830000000005,473.235,3.82000000000005,0,23.19,0
2019-10-16,0.0,40.9,32.59,1008.05,20.51,54.12,Mundali_Barrage_Cuttack,Mahanadi,415.32,1219.2,23.19,26.5,27.5,29.2,211.01354289505687,0.0,0.0,0.0,223.01999999999998,24.04,-0.8499999999999979,1401.4766666666717,410.975,5.2000000000000455,0,22.62,0
2019-10-17,0.0,42.89,33.09,1010.54,13.68,54.08,Mundali_Barrage_Cuttack,Mahanadi,454.53,1337.14,22.62,26.5,27.5,29.2,179.36151146079834,0.0,0.0,0.0,223.01999999999998,23.19,-0.5700000000000003,1283.6500000000049,434.92499999999995,2.7100000000000364,0,22.15,0
2019-10-18,0.0,42.34,35.16,1004.9,9.49,58.8,Mundali_Barrage_Cuttack,Mahanadi,512.84,1554.92,22.15,26.5,27.5,29.2,152.4572847416786,0.0,0.0,0.0,223.01999999999998,22.62,-0.4700000000000024,1370.4200000000048,483.68500000000006,8.350000000000023,0,21.92,0
2019-10-19,0.0,42.14,31.32,1006.87,15.44,68.65,Mundali_Barrage_Cuttack,Mahanadi,402.43,1656.23,21.92,26.5,27.5,29.2,129.5886920304268,0.0,0.0,0.0,223.01999999999998,22.15,-0.22999999999999687,1516.0966666666716,457.6350000000001,6.3799999999999955,0,21.75,0
2019-10-20,0.0,41.17,31.47,1007.71,13.04,51.02,Mundali_Barrage_Cuttack,Mahanadi,583.64,1760.5,21.75,26.5,27.5,29.2,110.15038822586278,0.0,0.0,0.0,0.0,21.92,-0.1700000000000017,1657.2166666666715,493.035,5.539999999999964,0,21.68,0
2019-10-21,0.0,46.5,34.54,1007.91,12.8,51.74,Mundali_Barrage_Cuttack,Mahanadi,519.54,1450.33,21.68,26.5,27.5,29.2,93.62782999198336,0.0,0.0,0.0,0.0,21.75,-0.07000000000000028,1622.353333333338,551.59,5.340000000000032,0,21.65,0
2019-10-22,0.0,44.33,34.05,1007.73,9.26,59.48,Mundali_Barrage_Cuttack,Mahanadi,463.82,1380.48,21.65,26.5,27.5,29.2,79.58365549318586,0.0,0.0,0.0,0.0,21.68,-0.030000000000001137,1530.4366666666717,491.67999999999995,5.519999999999982,0,21.52,0
2019-10-23,0.0,41.67,34.13,1008.22,14.43,51.93,Mundali_Barrage_Cuttack,Mahanadi,400.81,1135.39,21.52,26.5,27.5,29.2,67.64610716920798,0.0,0.0,0.0,0.0,21.65,-0.129999999999999,1322.0666666666716,432.315,5.029999999999973,0,21.62,0
2019-10-24,1.21,38.3,31.58,1006.85,18.87,52.91,Mundali_Barrage_Cuttack,Mahanadi,561.18,1605.29,21.62,26.5,27.5,29.2,58.70919109382678,0.0,0.0,1.2100000000000284,1.2099999999999715,21.52,0.10000000000000142,1373.7200000000048,480.995,6.399999999999977,0,24.12,0
2019-10-25,102.83,43.59,33.58,1001.58,36.44,92.9,Mundali_Barrage_Cuttack,Mahanadi,9773.65,21805.9,24.12,26.5,27.5,29.2,152.73281242975276,1.21,0.0,104.04000000000002,104.03999999999996,21.62,2.5,8182.193333333339,5167.415,11.669999999999959,0,23.23,0
2019-10-26,2.53,42.95,31.71,1008.99,12.79,57.57,Mundali_Barrage_Cuttack,Mahanadi,641.89,1869.17,23.23,26.5,27.5,29.2,132.35289056528984,102.83,1.21,106.57000000000002,106.56999999999996,24.12,-0.8900000000000006,8426.786666666672,5207.7699999999995,4.259999999999991,0,22.66,0
2019-10-27,1.91,39.1,30.19,1006.92,12.83,56.04,Mundali_Barrage_Cuttack,Mahanadi,521.74,1656.51,22.66,26.5,27.5,29.2,114.40995698049636,2.53,102.83,107.27000000000002,108.47999999999996,23.23,-0.5700000000000003,8443.860000000006,581.815,6.330000000000041,0,22.13,0
2019-10-28,0.0,44.99,35.08,1006.7,15.41,59.23,Mundali_Barrage_Cuttack,Mahanadi,446.29,1346.91,22.13,26.5,27.5,29.2,97.2484634334219,1.91,2.53,4.440000000000028,108.47999999999996,22.66,-0.5300000000000011,1624.1966666666715,484.015,6.5499999999999545,0,21.89,0
2019-10-29,0.0,40.53,29.8,1006.36,18.18,53.75,Mundali_Barrage_Cuttack,Mahanadi,579.57,1596.19,21.89,26.5,27.5,29.2,82.66119391840861,0.0,1.91,1.9100000000000283,108.47999999999996,22.13,-0.23999999999999844,1533.2033333333384,512.9300000000001,6.889999999999986,0,21.64,0
2019-10-30,0.0,42.11,34.2,1009.22,8.49,60.86,Mundali_Barrage_Cuttack,Mahanadi,458.26,1108.31,21.64,26.5,27.5,29.2,70.26201483064732,0.0,0.0,0.0,108.47999999999996,21.89,-0.25,1350.4700000000048,518.9150000000001,4.029999999999973,0,21.63,0
2019-10-31,0.0,40.36,33.36,1010.22,10.68,53.93,Mundali_Barrage_Cuttack,Mahanadi,560.44,1822.53,21.63,26.5,27.5,29.2,59.722712606050216,0.0,0.0,0.0,107.26999999999997,21.64,-0.010000000000001563,1509.0100000000048,509.35,3.0299999999999727,0,21.56,0
2019-11-01,0.0,44.91,36.87,1010.09,13.55,51.43,Mundali_Barrage_Cuttack,Mahanadi,524.57,1513.1,21.56,26.5,27.5,29.2,50.76430571514268,0.0,0.0,0.0,4.439999999999971,21.63,-0.07000000000000028,1481.313333333338,542.5050000000001,3.159999999999968,0,21.51,0
2019-11-02,0.0,38.99,31.68,1009.91,13.92,56.4,Mundali_Barrage_Cuttack,Mahanadi,439.16,1364.47,21.51,26.5,27.5,29.2,43.14965985787128,0.0,0.0,0.0,1.9099999999999715,21.56,-0.04999999999999716,1566.700000000005,481.865,3.340000000000032,0,21.44,0
2019-11-03,1.66,42.21,30.43,1007.19,13.11,54.95,Mundali_Barrage_Cuttack,Mahanadi,596.58,1561.74,21.44,26.5,27.5,29.2,38.33721087919058,0.0,0.0,1.6600000000000283,1.6599999999999715,21.51,-0.07000000000000028,1479.770000000005,517.8700000000001,6.059999999999945,0,26.73,1
2019-11-04,152.08,41.64,33.9,1001.27,51.74,100.0,Mundali_Barrage_Cuttack,Mahanadi,25332.01,45845.13,26.73,26.5,27.5,29.2,184.66662924731202,1.66,0.0,153.74000000000004,153.73999999999998,21.44,5.289999999999999,16257.113333333336,12964.295,11.980000000000018,1,24.9,0
2019-11-05,0.0,39.03,30.99,1005.77,10.42,55.71,Mundali_Barrage_Cuttack,Mahanadi,538.4,1406.09,24.9,26.5,27.5,29.2,156.9666348602152,152.08,1.66,153.74000000000004,153.73999999999998,26.73,-1.8300000000000018,16270.98666666667,12935.205000000002,7.480000000000018,0,23.64,0
2019-11-06,0.0,43.33,34.69,1008.75,10.81,50.63,Mundali_Barrage_Cuttack,Mahanadi,480.12,1093.02,23.64,26.5,27.5,29.2,133.42163963118293,0.0,152.08,152.08000000000004,153.73999999999998,24.9,-1.259999999999998,16114.746666666671,509.26,4.5,0,22.9,0
2019-11-07,1.05,38.05,28.57,1009.06,13.75,49.77,Mundali_Barrage_Cuttack,Mahanadi,495.92,1372.83,22.9,26.5,27.5,29.2,114.45839368650549,0.0,0.0,1.0500000000000285,154.79,23.64,-0.740000000000002,1290.6466666666713,488.02,4.190000000000055,0,22.43,0
2019-11-08,0.0,42.54,33.12,1009.35,10.31,57.48,Mundali_Barrage_Cuttack,Mahanadi,541.88,1520.35,22.43,26.5,27.5,29.2,97.28963463352966,1.05,0.0,1.0500000000000285,154.79,22.9,-0.46999999999999886,1328.7333333333381,518.9000000000001,3.8999999999999773,0,22.05,0
2019-11-09,1.61,38.85,27.07,1008.26,15.16,57.82,Mundali_Barrage_Cuttack,Mahanadi,570.59,1790.84,22.05,26.5,27.5,29.2,84.30618943850021,0.0,1.05,2.6600000000000286,156.39999999999998,22.43,-0.379999999999999,1561.340000000005,556.235,4.990000000000009,0,21.91,0
2019-11-10,0.0,42.46,35.71,1007.41,12.0,59.37,Mundali_Barrage_Cuttack,Mahanadi,595.82,1808.32,21.91,26.5,27.5,29.2,71.66026102272518,1.61,0.0,1.6100000000000285,154.73999999999998,22.05,-0.14000000000000057,1706.5033333333383,583.2050000000002,5.840000000000032,0,21.68,0
2019-11-11,0.0,41.54,29.66,1006.24,17.38,54.74,Mundali_Barrage_Cuttack,Mahanadi,489.06,1443.46,21.68,26.5,27.5,29.2,60.9112218693164,0.0,1.61,1.6100000000000285,2.6599999999999717,21.91,-0.23000000000000043,1680.8733333333382,542.44,7.009999999999991,0,21.54,0
2019-11-12,0.0,39.92,29.35,1007.02,14.72,42.9,Mundali_Barrage_Cuttack,Mahanadi,519.43,1169.87,21.54,26.5,27.5,29.2,51.77453858891894,0.0,0.0,0.0,2.6599999999999717,21.68,-0.14000000000000057,1473.883333333338,504.24500000000006,6.230000000000018,0,21.4,0
2019-11-13,0.0,44.06,33.48,1007.49,15.67,55.45,Mundali_Barrage_Cuttack,Mahanadi,493.56,1351.73,21.4,26.5,27.5,29.2,44.008357800581095,0.0,0.0,0.0,2.6599999999999717,21.54,-0.14000000000000057,1321.6866666666717,506.495,5.759999999999991,0,21.48,0
2019-11-14,4.81,43.95,32.59,1007.4,16.98,41.74,Mundali_Barrage_Cuttack,Mahanadi,616.08,1757.6,21.48,26.5,27.5,29.2,42.21710413049393,0.0,0.0,4.810000000000028,6.4199999999999715,21.4,0.08000000000000185,1426.4000000000049,554.8200000000002,5.850000000000023,0,21.46,0
2019-11-15,0.0,41.52,31.39,1007.42,16.86,60.51,Mundali_Barrage_Cuttack,Mahanadi,597.73,1366.72,21.46,26.5,27.5,29.2,35.88453851091984,4.81,0.0,4.810000000000028,6.4199999999999715,21.48,-0.019999999999999574,1492.0166666666717,606.9050000000002,5.830000000000041,0,21.56,0
2019-11-16,0.0,43.79,36.12,1007.2,16.86,57.57,Mundali_Barrage_Cuttack,Mahanadi,495.41,1521.07,21.56,26.5,27.5,29.2,30.501857734281863,0.0,4.81,4.810000000000028,4.809999999999971,21.46,0.09999999999999787,1548.463333333338,546.5700000000002,6.0499999999999545,0,21.62,0
2019-11-17,3.35,42.47,35.61,1008.87,17.24,59.78,Mundali_Barrage_Cuttack,Mahanadi,534.41,1692.57,21.62,26.5,27.5,29.2,29.276579074139583,0.0,0.0,3.3500000000000285,8.159999999999972,21.56,0.060000000000002274,1526.7866666666716,514.9100000000001,4.3799999999999955,0,21.61,0
2019-11-18,0.0,42.08,35.54,1009.61,11.54,54.88,Mundali_Barrage_Cuttack,Mahanadi,458.76,1464.34,21.61,26.5,27.5,29.2,24.885092213018645,3.35,0.0,3.3500000000000285,8.159999999999972,21.62,-0.010000000000001563,1559.3266666666714,496.58500000000004,3.6399999999999864,0,21.62,0
2019-11-19,0.0,40.93,34.26,1007.18,8.32,56.07,Mundali_Barrage_Cuttack,Mahanadi,579.65,1758.57,21.62,26.5,27.5,29.2,21.152328381065846,0.0,3.35,3.3500000000000285,8.159999999999972,21.61,0.010000000000001563,1638.4933333333381,519.2050000000002,6.07000000000005,0,26.94,1
2019-11-20,170.1,42.56,36.26,999.2,56.04,100.0,Mundali_Barrage_Cuttack,Mahanadi,24704.48,46425.05,26.94,26.5,27.5,29.2,188.07947912390597,0.0,0.0,170.10000000000002,178.25999999999996,21.62,5.32,16549.320000000003,12642.065,14.049999999999955,1,25.0,0
2019-11-21,0.0,42.92,31.35,1007.06,16.49,54.03,Mundali_Barrage_Cuttack,Mahanadi,501.72,1482.36,25.0,26.5,27.5,29.2,159.86755725532007,170.1,0.0,170.10000000000002,173.44999999999996,26.94,-1.9400000000000013,16555.32666666667,12603.1,6.190000000000055,0,23.76,0
2019-11-22,0.0,42.38,30.51,1006.14,9.04,61.02,Mundali_Barrage_Cuttack,Mahanadi,509.3,1265.63,23.76,26.5,27.5,29.2,135.88742366702206,0.0,170.1,170.10000000000002,173.44999999999996,25.0,-1.2399999999999984,16391.01333333334,505.51,7.110000000000014,0,23.11,0
2019-11-23,5.49,35.0,25.49,1007.95,13.43,57.59,Mundali_Barrage_Cuttack,Mahanadi,687.51,2277.23,23.11,26.5,27.5,29.2,120.99431011696875,0.0,0.0,5.490000000000029,178.93999999999997,23.76,-0.6500000000000021,1675.0733333333383,598.405,5.2999999999999545,0,22.5,0
2019-11-24,0.0,42.66,31.84,1008.84,17.18,68.8,Mundali_Barrage_Cuttack,Mahanadi,563.01,1726.67,22.5,26.5,27.5,29.2,102.84516359942343,5.49,0.0,5.490000000000029,175.58999999999997,23.11,-0.6099999999999994,1756.510000000005,625.26,4.409999999999968,0,22.06,0
2019-11-25,0.0,40.85,33.15,1005.35,15.01,50.26,Mundali_Barrage_Cuttack,Mahanadi,499.72,1484.03,22.06,26.5,27.5,29.2,87.4183890595099,0.0,5.49,5.490000000000029,175.58999999999997,22.5,-0.4400000000000013,1829.310000000005,531.365,7.899999999999977,0,28.12,2
2019-11-26,209.78,39.58,31.92,995.44,65.46,100.0,Mundali_Barrage_Cuttack,Mahanadi,27822.62,53696.18,28.12,26.5,27.5,29.2,284.0856307005834,0.0,0.0,209.78000000000003,385.37,22.06,6.060000000000002,18968.960000000003,14161.17,17.809999999999945,1,25.84,0
2019-11-27,0.71,39.05,32.43,1009.65,10.14,51.12,Mundali_Barrage_Cuttack,Mahanadi,432.91,1266.06,25.84,26.5,27.5,29.2,242.18278609549589,209.78,0.0,210.49000000000004,215.98,28.12,-2.280000000000001,18815.423333333336,14127.765,3.6000000000000227,0,24.35,0
2019-11-28,0.0,41.22,32.61,1008.29,13.32,58.78,Mundali_Barrage_Cuttack,Mahanadi,587.72,1705.52,24.35,26.5,27.5,29.2,205.85536818117149,0.71,209.78,210.49000000000004,215.98,25.84,-1.4899999999999984,18889.253333333338,510.31500000000005,4.960000000000036,0,23.26,0
2019-11-29,2.9,35.74,25.94,1007.62,16.29,51.79,Mundali_Barrage_Cuttack,Mahanadi,640.17,1802.52,23.26,26.5,27.5,29.2,177.87706295399576,0.0,0.71,3.6100000000000283,218.88,24.35,-1.0899999999999999,1591.3666666666716,613.9449999999999,5.6299999999999955,0,22.59,0
2019-11-30,0.0,38.43,31.8,1009.59,15.85,61.02,Mundali_Barrage_Cuttack,Mahanadi,437.23,1513.43,22.59,26.5,27.5,29.2,151.1955035108964,2.9,0.0,2.9000000000000283,213.39,23.26,-0.6700000000000017,1673.8233333333383,538.7,3.659999999999968,0,22.3,0
2019-12-01,1.12,40.47,31.87,1008.83,9.95,54.29,Mundali_Barrage_Cuttack,Mahanadi,612.4,1644.86,22.3,26.5,27.5,29.2,129.63617798426193,0.0,2.9,4.020000000000028,214.50999999999996,22.59,-0.28999999999999915,1653.603333333338,524.815,4.419999999999959,0,21.96,0
2019-12-02,0.0,39.38,28.77,1007.78,17.71,53.4,Mundali_Barrage_Cuttack,Mahanadi,417.3,1319.02,21.96,26.5,27.5,29.2,110.19075128662264,1.12,0.0,1.1200000000000285,214.50999999999996,22.3,-0.33999999999999986,1492.4366666666713,514.85,5.470000000000027,0,21.84,0
2019-12-03,0.0,41.56,32.73,1006.29,13.18,56.83,Mundali_Barrage_Cuttack,Mahanadi,492.76,1458.51,21.84,26.5,27.5,29.2,93.66213859362924,0.0,1.12,1.1200000000000285,4.729999999999972,21.96,-0.120000000000001,1474.1300000000047,455.03,6.960000000000036,0,21.75,0
2019-12-04,0.0,37.13,30.31,1009.23,17.82,59.05,Mundali_Barrage_Cuttack,Mahanadi,426.09,1451.28,21.75,26.5,27.5,29.2,79.61281780458485,0.0,0.0,0.0,4.019999999999971,21.84,-0.08999999999999986,1409.603333333338,459.42499999999995,4.019999999999982,0,21.63,0
2019-12-05,0.0,37.79,27.51,1010.46,14.58,54.26,Mundali_Barrage_Cuttack,Mahanadi,505.49,1325.86,21.63,26.5,27.5,29.2,67.67089513389712,0.0,0.0,0.0,4.019999999999971,21.75,-0.120000000000001,1411.883333333338,465.78999999999996,2.7899999999999636,0,21.56,0
2019-12-06,0.0,39.0,32.33,1007.76,8.77,55.6,Mundali_Barrage_Cuttack,Mahanadi,531.17,1558.45,21.56,26.5,27.5,29.2,57.52026086381255,0.0,0.0,0.0,1.1199999999999717,21.63,-0.07000000000000028,1445.1966666666715,518.33,5.490000000000009,0,21.63,0
2019-12-07,0.0,39.55,30.59,1006.51,16.34,42.95,Mundali_Barrage_Cuttack,Mahanadi,456.87,1465.0,21.63,26.5,27.5,29.2,48.89222173424067,0.0,0.0,0.0,1.1199999999999717,21.56,0.07000000000000028,1449.7700000000048,494.02000000000004,6.740000000000009,0,21.5,0
2019-12-08,0.0,39.89,28.11,1007.61,20.05,56.08,Mundali_Barrage_Cuttack,Mahanadi,519.27,1222.44,21.5,26.5,27.5,29.2,41.55838847410457,0.0,0.0,0.0,0.0,21.63,-0.129999999999999,1415.2966666666716,488.07000000000005,5.639999999999986,0,21.53,0
2019-12-09,0.0,41.28,32.15,1009.08,13.29,55.96,Mundali_Barrage_Cuttack,Mahanadi,409.71,1461.43,21.53,26.5,27.5,29.2,35.324630202988885,0.0,0.0,0.0,0.0,21.5,0.030000000000001137,1382.9566666666715,464.49,4.169999999999959,0,21.52,0
2019-12-10,0.0,39.97,31.88,1010.32,16.97,48.24,Mundali_Barrage_Cuttack,Mahanadi,534.15,1303.55,21.52,26.5,27.5,29.2,30.02593567254055,0.0,0.0,0.0,0.0,21.53,-0.010000000000001563,1329.1400000000049,471.93000000000006,2.92999999999995,0,21.55,0
2019-12-11,0.0,40.03,29.35,1008.37,7.18,50.32,Mundali_Barrage_Cuttack,Mahanadi,404.47,1319.84,21.55,26.5,27.5,29.2,25.52204532165947,0.0,0.0,0.0,0.0,21.52,0.030000000000001137,1361.6066666666713,469.31000000000006,4.8799999999999955,0,21.49,0
2019-12-12,0.0,39.4,28.92,1005.54,11.91,54.79,Mundali_Barrage_Cuttack,Mahanadi,461.37,1566.58,21.49,26.5,27.5,29.2,21.69373852341055,0.0,0.0,0.0,0.0,21.55,-0.060000000000002274,1396.6566666666713,432.92000000000013,7.710000000000036,0,21.54,0
2019-12-13,0.0,39.57,27.79,1008.35,13.38,51.75,Mundali_Barrage_Cuttack,Mahanadi,583.74,1567.85,21.54,26.5,27.5,29.2,18.439677744898965,0.0,0.0,0.0,0.0,21.49,0.05000000000000071,1484.7566666666714,522.5550000000001,4.899999999999977,0,21.52,0
2019-12-14,0.0,38.69,28.96,1007.52,15.18,62.06,Mundali_Barrage_Cuttack,Mahanadi,443.88,1286.34,21.52,26.5,27.5,29.2,15.67372608316412,0.0,0.0,0.0,0.0,21.54,-0.019999999999999574,1473.5900000000047,513.8100000000002,5.730000000000018,0,21.47,0
2019-12-15,4.17,36.76,26.72,1010.12,12.61,49.96,Mundali_Barrage_Cuttack,Mahanadi,578.54,1899.02,21.47,26.5,27.5,29.2,17.4926671706895,0.0,0.0,4.170000000000028,4.1699999999999715,21.52,-0.05000000000000071,1584.403333333338,511.2100000000001,3.1299999999999955,0,21.39,0
2019-12-16,0.0,38.75,27.41,1005.25,13.04,55.76,Mundali_Barrage_Cuttack,Mahanadi,464.37,1379.54,21.39,26.5,27.5,29.2,14.868767095086076,4.17,0.0,4.170000000000028,4.1699999999999715,21.47,-0.0799999999999983,1521.633333333338,521.4550000000002,8.0,0,21.44,0
2019-12-17,0.02,37.52,30.72,1011.13,14.12,57.93,Mundali_Barrage_Cuttack,Mahanadi,575.38,1700.47,21.44,26.5,27.5,29.2,12.658452030823163,0.0,4.17,4.190000000000028,4.189999999999971,21.39,0.05000000000000071,1659.6766666666715,519.8750000000001,2.1200000000000045,0,21.38,0
2019-12-18,0.0,43.16,36.7,1008.01,16.52,51.91,Mundali_Barrage_Cuttack,Mahanadi,439.17,1411.92,21.38,26.5,27.5,29.2,10.759684226199688,0.02,0.0,0.020000000000028422,4.189999999999971,21.44,-0.060000000000002274,1497.310000000005,507.2750000000001,5.240000000000009,0,21.45,0
2019-12-19,0.0,34.6,28.34,1010.3,13.4,48.84,Mundali_Barrage_Cuttack,Mahanadi,492.67,1607.04,21.45,26.5,27.5,29.2,9.145731592269735,0.0,0.02,0.020000000000028422,4.189999999999971,21.38,0.07000000000000028,1573.1433333333382,465.92000000000013,2.9500000000000455,0,21.48,0
2019-12-20,0.0,38.08,26.32,1008.88,14.14,56.66,Mundali_Barrage_Cuttack,Mahanadi,550.26,1494.4,21.48,26.5,27.5,29.2,7.773871853429275,0.0,0.0,0.0,4.189999999999971,21.45,0.030000000000001137,1504.4533333333382,521.4650000000001,4.3700000000000045,0,21.45,0
2019-12-21,0.0,42.91,36.47,1005.96,14.49,55.21,Mundali_Barrage_Cuttack,Mahanadi,441.28,1227.36,21.45,26.5,27.5,29.2,6.607791075414883,0.0,0.0,0.0,4.189999999999971,21.48,-0.030000000000001137,1442.933333333338,495.7700000000001,7.289999999999964,0,21.43,0
2019-12-22,3.93,38.82,26.96,1008.62,13.06,58.62,Mundali_Barrage_Cuttack,Mahanadi,575.67,1793.51,21.43,26.5,27.5,29.2,9.54662241410265,0.0,0.0,3.9300000000000286,3.9499999999999718,21.45,-0.019999999999999574,1505.0900000000047,508.4750000000001,4.6299999999999955,0,21.41,0
2019-12-23,0.0,36.76,26.92,1009.25,11.13,57.36,Mundali_Barrage_Cuttack,Mahanadi,422.24,1359.63,21.41,26.5,27.5,29.2,8.114629051987253,3.93,0.0,3.9300000000000286,3.9499999999999718,21.43,-0.019999999999999574,1460.1666666666715,498.9550000000001,4.0,0,21.51,0
2019-12-24,0.0,38.59,32.52,1010.34,10.25,58.02,Mundali_Barrage_Cuttack,Mahanadi,522.05,1625.37,21.51,26.5,27.5,29.2,6.897434694189164,0.0,3.93,3.9300000000000286,3.9299999999999717,21.41,0.10000000000000142,1592.8366666666716,472.1450000000001,2.909999999999968,0,21.44,0
2019-12-25,0.0,39.45,32.88,1009.07,12.69,54.67,Mundali_Barrage_Cuttack,Mahanadi,422.86,1244.62,21.44,26.5,27.5,29.2,5.862819490060789,0.0,0.0,0.0,3.9299999999999717,21.51,-0.07000000000000028,1409.8733333333382,472.4550000000001,4.17999999999995,0,21.47,0
2019-12-26,0.0,36.84,29.1,1008.51,16.23,54.09,Mundali_Barrage_Cuttack,Mahanadi,568.59,1422.38,21.47,26.5,27.5,29.2,4.98339656655167,0.0,0.0,0.0,3.9299999999999717,21.44,0.029999999999997584,1430.7900000000047,495.72500000000014,4.740000000000009,0,21.48,0
2019-12-27,0.0,35.66,25.13,1005.6,8.4,60.04,Mundali_Barrage_Cuttack,Mahanadi,468.26,1421.9,21.48,26.5,27.5,29.2,4.23588708156892,0.0,0.0,0.0,3.9299999999999717,21.47,0.010000000000001563,1362.9666666666715,518.4250000000002,7.649999999999977,0,21.43,0
2019-12-28,0.0,39.07,30.92,1005.63,10.37,58.65,Mundali_Barrage_Cuttack,Mahanadi,560.23,1402.5,21.43,26.5,27.5,29.2,3.6005040193335813,0.0,0.0,0.0,3.9299999999999717,21.48,-0.05000000000000071,1415.593333333338,514.2450000000001,7.6200000000000045,0,21.62,0
2019-12-29,6.26,38.2,30.88,1006.19,16.21,55.93,Mundali_Barrage_Cuttack,Mahanadi,744.58,2438.28,21.62,26.5,27.5,29.2,9.320428416433543,0.0,0.0,6.260000000000028,6.259999999999971,21.43,0.19000000000000128,1754.2266666666717,652.4050000000002,7.059999999999945,0,21.61,0
2019-12-30,0.0,38.3,29.68,1008.88,15.65,68.17,Mundali_Barrage_Cuttack,Mahanadi,510.53,1708.94,21.61,26.5,27.5,29.2,7.922364153968512,6.26,0.0,6.260000000000028,6.259999999999971,21.62,-0.010000000000001563,1849.906666666672,627.5550000000001,4.3700000000000045,0,21.54,0
2019-12-31,0.0,36.2,24.84,1006.0,18.23,52.97,Mundali_Barrage_Cuttack,Mahanadi,454.0,1522.15,21.54,26.5,27.5,29.2,6.734009530873235,0.0,6.26,6.260000000000028,6.259999999999971,21.61,-0.07000000000000028,1889.7900000000052,482.2650000000001,7.25,0,21.55,0
2020-01-01,0.0,35.01,25.46,1007.98,12.35,49.87,Mundali_Barrage_Cuttack,Mahanadi,461.77,1674.3,21.55,26.5,27.5,29.2,5.723908101242249,0.0,0.0,0.0,6.259999999999971,21.54,0.010000000000001563,1635.1300000000049,457.8850000000001,5.269999999999982,0,21.4,0
2020-01-02,0.0,32.62,21.75,1008.3,12.56,59.79,Mundali_Barrage_Cuttack,Mahanadi,599.98,1294.17,21.4,26.5,27.5,29.2,4.865321886055912,0.0,0.0,0.0,6.259999999999971,21.55,-0.15000000000000213,1496.8733333333382,530.8750000000001,4.9500000000000455,0,21.48,0
2020-01-03,0.0,39.1,32.19,1009.79,14.33,60.26,Mundali_Barrage_Cuttack,Mahanadi,568.52,1632.49,21.48,26.5,27.5,29.2,4.135523603147525,0.0,0.0,0.0,6.259999999999971,21.4,0.08000000000000185,1533.6533333333382,584.2500000000001,3.4600000000000364,0,21.4,0
2020-01-04,0.0,36.65,29.88,1007.88,16.07,42.21,Mundali_Barrage_Cuttack,Mahanadi,492.65,1588.5,21.4,26.5,27.5,29.2,3.515195062675396,0.0,0.0,0.0,6.259999999999971,21.48,-0.08000000000000185,1505.053333333338,530.585,5.3700000000000045,0,21.42,0
2020-01-05,9.04,36.11,28.28,1005.92,18.3,51.97,Mundali_Barrage_Cuttack,Mahanadi,846.44,2444.1,21.42,26.5,27.5,29.2,12.027915803274086,0.0,0.0,9.040000000000028,9.03999999999997,21.4,0.020000000000003126,1888.3633333333382,669.5450000000001,7.330000000000041,0,21.52,0
2020-01-06,0.0,36.98,29.16,1009.7,17.58,50.09,Mundali_Barrage_Cuttack,Mahanadi,595.52,1441.73,21.52,26.5,27.5,29.2,10.223728432782972,9.04,0.0,9.040000000000028,9.03999999999997,21.42,0.09999999999999787,1824.7766666666714,720.9800000000001,3.5499999999999545,0,21.47,0
2020-01-07,0.0,36.48,25.07,1006.3,12.21,62.11,Mundali_Barrage_Cuttack,Mahanadi,405.21,1194.19,21.47,26.5,27.5,29.2,8.690169167865525,0.0,9.04,9.040000000000028,9.03999999999997,21.52,-0.05000000000000071,1693.340000000005,500.3650000000001,6.9500000000000455,0,21.55,0
2020-01-08,0.0,36.12,26.85,1008.34,11.51,57.61,Mundali_Barrage_Cuttack,Mahanadi,566.89,1498.99,21.55,26.5,27.5,29.2,7.386643792685696,0.0,0.0,0.0,9.03999999999997,21.47,0.08000000000000185,1378.303333333338,486.05000000000007,4.909999999999968,0,21.53,0
2020-01-09,0.0,38.37,32.11,1008.16,15.95,47.48,Mundali_Barrage_Cuttack,Mahanadi,485.84,1385.9,21.53,26.5,27.5,29.2,6.2786472237828415,0.0,0.0,0.0,9.03999999999997,21.55,-0.019999999999999574,1359.6933333333382,526.365,5.090000000000032,0,21.51,0
2020-01-10,0.0,39.08,32.47,1009.21,19.99,70.55,Mundali_Barrage_Cuttack,Mahanadi,449.8,1312.42,21.51,26.5,27.5,29.2,5.336850140215415,0.0,0.0,0.0,9.03999999999997,21.53,-0.019999999999999574,1399.1033333333382,467.8200000000001,4.039999999999964,0,21.51,0
2020-01-11,0.0,39.22,30.45,1009.49,14.69,57.49,Mundali_Barrage_Cuttack,Mahanadi,428.66,1248.01,21.51,26.5,27.5,29.2,4.536322619183103,0.0,0.0,0.0,9.03999999999997,21.51,0.0,1315.4433333333384,439.23000000000013,3.759999999999991,0,21.4,0
2020-01-12,0.0,36.13,25.29,1009.01,12.33,49.5,Mundali_Barrage_Cuttack,Mahanadi,545.82,1417.8,21.4,26.5,27.5,29.2,3.855874226305638,0.0,0.0,0.0,0.0,21.51,-0.11000000000000298,1326.0766666666716,487.2400000000001,4.240000000000009,0,21.35,0
2020-01-13,0.0,39.01,29.63,1009.41,13.98,58.34,Mundali_Barrage_Cuttack,Mahanadi,596.63,1477.12,21.35,26.5,27.5,29.2,3.277493092359792,0.0,0.0,0.0,0.0,21.4,-0.04999999999999716,1380.9766666666717,571.2250000000001,3.840000000000032,0,21.32,0
2020-01-14,0.0,37.72,27.31,1007.2,13.12,54.64,Mundali_Barrage_Cuttack,Mahanadi,460.22,1394.42,21.32,26.5,27.5,29.2,2.7858691285058232,0.0,0.0,0.0,0.0,21.35,-0.030000000000001137,1429.780000000005,528.4250000000002,6.0499999999999545,0,21.4,0
2020-01-15,0.0,36.6,29.19,1008.68,16.67,57.88,Mundali_Barrage_Cuttack,Mahanadi,475.74,1557.11,21.4,26.5,27.5,29.2,2.3679887592299496,0.0,0.0,0.0,0.0,21.32,0.0799999999999983,1476.2166666666715,467.9800000000002,4.57000000000005,0,21.4,0
2020-01-16,0.0,40.28,29.1,1008.06,15.48,52.37,Mundali_Barrage_Cuttack,Mahanadi,508.85,1475.38,21.4,26.5,27.5,29.2,2.0127904453454573,0.0,0.0,0.0,0.0,21.4,0.0,1475.6366666666715,492.2950000000002,5.190000000000055,0,21.48,0
2020-01-17,0.0,34.56,23.37,1007.58,12.56,50.69,Mundali_Barrage_Cuttack,Mahanadi,411.08,1565.42,21.48,26.5,27.5,29.2,1.7108718785436385,0.0,0.0,0.0,0.0,21.4,0.08000000000000185,1532.6366666666715,459.96500000000015,5.669999999999959,0,21.5,0
2020-01-18,0.0,37.23,26.45,1009.21,16.05,48.17,Mundali_Barrage_Cuttack,Mahanadi,439.55,1283.95,21.5,26.5,27.5,29.2,1.4542410967620927,0.0,0.0,0.0,0.0,21.48,0.019999999999999574,1441.5833333333383,425.31500000000017,4.039999999999964,0,21.51,0
2020-01-19,0.0,36.53,28.81,1007.04,10.91,48.24,Mundali_Barrage_Cuttack,Mahanadi,517.33,1434.67,21.51,26.5,27.5,29.2,1.2361049322477788,0.0,0.0,0.0,0.0,21.5,0.010000000000001563,1428.013333333338,478.44000000000017,6.210000000000036,0,21.54,0
2020-01-20,0.0,38.75,30.32,1006.7,12.39,46.46,Mundali_Barrage_Cuttack,Mahanadi,564.01,1650.77,21.54,26.5,27.5,29.2,1.050689192410612,0.0,0.0,0.0,0.0,21.51,0.029999999999997584,1456.4633333333384,540.6700000000003,6.5499999999999545,0,21.51,0
2020-01-21,0.0,35.37,27.12,1007.76,14.48,57.51,Mundali_Barrage_Cuttack,Mahanadi,557.8,1569.36,21.51,26.5,27.5,29.2,0.8930858135490203,0.0,0.0,0.0,0.0,21.54,-0.029999999999997584,1551.600000000005,560.9050000000002,5.490000000000009,0,21.59,0
2020-01-22,0.0,33.78,25.27,1008.78,12.76,56.3,Mundali_Barrage_Cuttack,Mahanadi,435.45,1415.44,21.59,26.5,27.5,29.2,0.7591229415166673,0.0,0.0,0.0,0.0,21.51,0.0799999999999983,1545.1900000000048,496.6250000000001,4.470000000000027,0,21.43,0
2020-01-23,0.0,35.06,23.18,1005.5,14.1,51.21,Mundali_Barrage_Cuttack,Mahanadi,416.64,1367.61,21.43,26.5,27.5,29.2,0.6452545002891672,0.0,0.0,0.0,0.0,21.59,-0.16000000000000014,1450.803333333338,426.0450000000002,7.75,0,21.68,0
2020-01-24,8.82,35.53,25.1,1006.08,14.28,66.15,Mundali_Barrage_Cuttack,Mahanadi,835.07,2721.09,21.68,26.5,27.5,29.2,9.368466325245793,0.0,0.0,8.820000000000029,8.819999999999972,21.43,0.25,1834.7133333333384,625.8550000000001,7.169999999999959,0,21.56,0
2020-01-25,0.0,32.92,25.69,1007.02,8.76,54.36,Mundali_Barrage_Cuttack,Mahanadi,499.21,1346.53,21.56,26.5,27.5,29.2,7.9631963764589235,8.82,0.0,8.820000000000029,8.819999999999972,21.68,-0.120000000000001,1811.7433333333383,667.1400000000001,6.230000000000018,0,21.4,0
2020-01-26,0.0,36.25,26.63,1008.1,13.75,55.93,Mundali_Barrage_Cuttack,Mahanadi,481.82,1138.56,21.4,26.5,27.5,29.2,6.7687169199900845,0.0,8.82,8.820000000000029,8.819999999999972,21.56,-0.16000000000000014,1735.3933333333382,490.5150000000001,5.149999999999977,0,21.58,0
2020-01-27,2.28,38.76,31.15,1009.73,17.01,49.94,Mundali_Barrage_Cuttack,Mahanadi,477.26,1787.12,21.58,26.5,27.5,29.2,8.033409381991572,0.0,0.0,2.2800000000000282,11.099999999999971,21.4,0.17999999999999972,1424.070000000005,479.5400000000001,3.519999999999982,0,21.57,0
2020-01-28,0.0,32.53,24.91,1009.39,17.05,56.36,Mundali_Barrage_Cuttack,Mahanadi,415.62,1236.49,21.57,26.5,27.5,29.2,6.828397974692836,2.28,0.0,2.2800000000000282,11.099999999999971,21.58,-0.00999999999999801,1387.3900000000049,446.4400000000001,3.8600000000000136,0,21.51,0
2020-01-29,0.0,35.18,25.65,1008.42,17.14,60.85,Mundali_Barrage_Cuttack,Mahanadi,547.64,1407.56,21.51,26.5,27.5,29.2,5.80413827848891,0.0,2.28,2.2800000000000282,11.099999999999971,21.57,-0.05999999999999872,1477.0566666666716,481.6300000000001,4.830000000000041,0,21.46,0
2020-01-30,0.0,35.62,28.1,1007.62,15.72,54.69,Mundali_Barrage_Cuttack,Mahanadi,553.5,1515.05,21.46,26.5,27.5,29.2,4.9335175367155735,0.0,0.0,0.0,11.099999999999971,21.51,-0.05000000000000071,1386.3666666666716,550.5700000000002,5.6299999999999955,0,21.41,0
2020-01-31,0.0,34.69,24.65,1008.63,13.93,54.13,Mundali_Barrage_Cuttack,Mahanadi,544.61,1308.86,21.41,26.5,27.5,29.2,4.193489906208237,0.0,0.0,0.0,2.2799999999999714,21.46,-0.05000000000000071,1410.490000000005,549.0550000000001,4.6200000000000045,0,21.36,0
2020-02-01,3.45,35.12,27.57,1009.03,19.89,53.57,Mundali_Barrage_Cuttack,Mahanadi,655.32,1945.78,21.36,26.5,27.5,29.2,7.014466420277001,0.0,0.0,3.4500000000000286,5.729999999999972,21.41,-0.05000000000000071,1589.8966666666718,599.9650000000001,4.220000000000027,0,21.39,0
2020-02-02,2.23,38.45,30.99,1009.8,13.05,56.99,Mundali_Barrage_Cuttack,Mahanadi,539.53,1808.89,21.39,26.5,27.5,29.2,8.19229645723545,3.45,0.0,5.680000000000028,7.9599999999999715,21.36,0.030000000000001137,1687.8433333333385,597.4250000000002,3.4500000000000455,0,21.38,0
2020-02-03,5.25,33.67,26.05,1006.65,20.43,55.07,Mundali_Barrage_Cuttack,Mahanadi,625.43,1745.93,21.38,26.5,27.5,29.2,12.213451988650132,2.23,3.45,10.930000000000028,10.929999999999971,21.39,-0.010000000000001563,1833.5333333333383,582.48,6.600000000000023,0,21.44,0
2020-02-04,0.0,34.01,22.3,1008.36,15.22,57.26,Mundali_Barrage_Cuttack,Mahanadi,542.53,1541.45,21.44,26.5,27.5,29.2,10.381434190352612,5.25,2.23,7.480000000000028,10.929999999999971,21.38,0.060000000000002274,1698.7566666666717,583.98,4.889999999999986,0,21.52,0
2020-02-05,0.0,35.25,28.05,1009.11,18.25,58.41,Mundali_Barrage_Cuttack,Mahanadi,494.32,1535.22,21.52,26.5,27.5,29.2,8.82421906179972,0.0,5.25,5.250000000000028,10.929999999999971,21.44,0.0799999999999983,1607.5333333333383,518.4250000000001,4.139999999999986,0,21.49,0
2020-02-06,0.0,33.5,25.27,1008.06,14.46,58.83,Mundali_Barrage_Cuttack,Mahanadi,412.12,1528.37,21.49,26.5,27.5,29.2,7.500586202529762,0.0,0.0,0.0,10.929999999999971,21.52,-0.030000000000001137,1535.013333333338,453.22000000000014,5.190000000000055,0,21.47,0
2020-02-07,0.0,33.39,22.01,1005.93,17.32,58.21,Mundali_Barrage_Cuttack,Mahanadi,462.62,1517.31,21.47,26.5,27.5,29.2,6.375498272150297,0.0,0.0,0.0,10.929999999999971,21.49,-0.019999999999999574,1526.9666666666717,437.3700000000001,7.32000000000005,0,21.49,0
2020-02-08,0.0,32.21,21.98,1009.04,9.15,44.82,Mundali_Barrage_Cuttack,Mahanadi,567.38,1354.4,21.49,26.5,27.5,29.2,5.419173531327752,0.0,0.0,0.0,7.479999999999972,21.47,0.019999999999999574,1466.6933333333382,515.0000000000001,4.210000000000036,0,21.38,0
2020-02-09,0.0,33.72,25.06,1009.29,11.93,55.02,Mundali_Barrage_Cuttack,Mahanadi,423.41,1417.43,21.38,26.5,27.5,29.2,4.606297501628589,0.0,0.0,0.0,5.249999999999972,21.49,-0.10999999999999943,1429.7133333333384,495.3950000000001,3.9600000000000364,0,21.37,0
2020-02-10,0.0,33.77,23.84,1010.17,11.9,52.54,Mundali_Barrage_Cuttack,Mahanadi,412.8,1300.72,21.37,26.5,27.5,29.2,3.9153528763843006,0.0,0.0,0.0,0.0,21.38,-0.00999999999999801,1357.5166666666719,418.10500000000013,3.080000000000041,0,21.53,0
2020-02-11,0.18,35.78,24.49,1006.43,15.76,59.9,Mundali_Barrage_Cuttack,Mahanadi,531.8,1646.98,21.53,26.5,27.5,29.2,3.508049944926656,0.0,0.0,0.18000000000002842,0.17999999999997157,21.37,0.16000000000000014,1455.0433333333383,472.30000000000007,6.82000000000005,0,21.48,0
2020-02-12,0.85,32.46,23.37,1006.71,7.78,57.92,Mundali_Barrage_Cuttack,Mahanadi,475.6,1369.75,21.48,26.5,27.5,29.2,3.8318424531876576,0.18,0.0,1.0300000000000284,1.0299999999999716,21.53,-0.05000000000000071,1439.150000000005,503.7000000000001,6.539999999999964,0,21.48,0
2020-02-13,0.0,35.53,27.68,1008.82,10.56,48.18,Mundali_Barrage_Cuttack,Mahanadi,445.29,1477.99,21.48,26.5,27.5,29.2,3.257066085209509,0.85,0.18,1.0300000000000282,1.0299999999999714,21.48,0.0,1498.240000000005,460.44500000000016,4.42999999999995,0,21.44,0
2020-02-14,0.0,34.04,24.72,1006.72,9.8,55.07,Mundali_Barrage_Cuttack,Mahanadi,528.55,1531.3,21.44,26.5,27.5,29.2,2.7685061724280824,0.0,0.85,0.8500000000000284,1.0299999999999714,21.48,-0.03999999999999915,1459.680000000005,486.92000000000013,6.529999999999973,0,21.4,0
2020-02-15,0.0,36.29,25.13,1008.72,12.83,62.95,Mundali_Barrage_Cuttack,Mahanadi,450.57,1628.43,21.4,26.5,27.5,29.2,2.35323024656387,0.0,0.0,0.0,1.0299999999999714,21.44,-0.0400000000000027,1545.906666666672,489.56000000000006,4.529999999999973,0,21.34,0
2020-02-16,0.0,35.33,28.25,1006.61,10.89,58.72,Mundali_Barrage_Cuttack,Mahanadi,487.3,1314.69,21.34,26.5,27.5,29.2,2.0002457095792896,0.0,0.0,0.0,1.0299999999999714,21.4,-0.05999999999999872,1491.4733333333381,468.9350000000001,6.639999999999986,0,21.34,0
2020-02-17,0.45,34.55,27.58,1010.59,11.98,48.84,Mundali_Barrage_Cuttack,Mahanadi,481.81,1252.05,21.34,26.5,27.5,29.2,2.150208853142396,0.0,0.0,0.4500000000000283,1.4799999999999716,21.34,0.0,1398.3900000000049,484.5550000000001,2.659999999999968,0,21.36,0
2020-02-18,0.63,39.12,31.65,1008.61,13.72,52.22,Mundali_Barrage_Cuttack,Mahanadi,581.1,1542.16,21.36,26.5,27.5,29.2,2.4576775251710363,0.45,0.0,1.0800000000000283,1.9299999999999715,21.34,0.019999999999999574,1369.6333333333384,531.4550000000002,4.639999999999986,0,21.33,0
2020-02-19,0.0,36.25,27.76,1011.13,18.03,43.35,Mundali_Barrage_Cuttack,Mahanadi,473.2,1412.63,21.33,26.5,27.5,29.2,2.089025896395381,0.63,0.45,1.0800000000000285,1.0799999999999714,21.36,-0.030000000000001137,1402.280000000005,527.1500000000001,2.1200000000000045,0,21.45,0
2020-02-20,0.0,32.42,23.42,1008.8,17.05,53.79,Mundali_Barrage_Cuttack,Mahanadi,455.28,1161.31,21.45,26.5,27.5,29.2,1.7756720119360738,0.0,0.63,0.6300000000000284,1.0799999999999714,21.33,0.120000000000001,1372.0333333333383,464.24,4.4500000000000455,0,21.42,0
2020-02-21,0.0,32.07,22.44,1008.13,12.99,51.05,Mundali_Barrage_Cuttack,Mahanadi,486.99,1370.34,21.42,26.5,27.5,29.2,1.5093212101456628,0.0,0.0,0.0,1.0799999999999714,21.45,-0.029999999999997584,1314.760000000005,471.13500000000005,5.1200000000000045,0,21.53,0
2020-02-22,2.94,33.1,21.73,1005.9,14.85,48.64,Mundali_Barrage_Cuttack,Mahanadi,498.88,1912.68,21.53,26.5,27.5,29.2,4.222923028623813,0.0,0.0,2.9400000000000284,4.019999999999971,21.42,0.10999999999999943,1481.4433333333382,492.93500000000006,7.350000000000023,0,21.57,0
2020-02-23,0.0,33.9,24.54,1006.85,18.39,59.98,Mundali_Barrage_Cuttack,Mahanadi,474.56,1592.26,21.57,26.5,27.5,29.2,3.5894845743302413,2.94,0.0,2.9400000000000284,4.019999999999971,21.53,0.03999999999999915,1625.0933333333385,486.72,6.399999999999977,0,21.61,0
2020-02-24,0.0,36.43,25.5,1008.2,13.84,61.12,Mundali_Barrage_Cuttack,Mahanadi,587.07,1615.85,21.61,26.5,27.5,29.2,3.051061888180705,0.0,2.94,2.9400000000000284,3.5699999999999714,21.57,0.03999999999999915,1706.9300000000048,530.815,5.0499999999999545,0,21.47,0
2020-02-25,0.0,33.41,26.31,1010.15,11.6,54.68,Mundali_Barrage_Cuttack,Mahanadi,416.73,1200.77,21.47,26.5,27.5,29.2,2.593402604953599,0.0,0.0,0.0,2.9399999999999715,21.61,-0.14000000000000057,1469.6266666666716,501.90000000000015,3.1000000000000227,0,21.45,0
2020-02-26,0.0,33.29,24.04,1009.41,12.18,56.06,Mundali_Barrage_Cuttack,Mahanadi,512.15,1430.27,21.45,26.5,27.5,29.2,2.204392214210559,0.0,0.0,0.0,2.9399999999999715,21.47,-0.019999999999999574,1415.6300000000049,464.44000000000005,3.840000000000032,0,21.35,0
2020-02-27,0.0,33.21,21.22,1010.02,8.37,58.1,Mundali_Barrage_Cuttack,Mahanadi,546.15,1444.93,21.35,26.5,27.5,29.2,1.873733382078975,0.0,0.0,0.0,2.9399999999999715,21.45,-0.09999999999999787,1358.6566666666718,529.1500000000001,3.230000000000018,0,21.45,0
2020-02-28,0.0,31.24,24.83,1005.79,12.19,43.97,Mundali_Barrage_Cuttack,Mahanadi,425.53,1397.17,21.45,26.5,27.5,29.2,1.5926733747671287,0.0,0.0,0.0,2.9399999999999715,21.35,0.09999999999999787,1424.1233333333385,485.84000000000003,7.460000000000036,0,21.47,0
2020-02-29,0.0,36.28,30.23,1009.45,15.95,49.31,Mundali_Barrage_Cuttack,Mahanadi,580.32,1660.28,21.47,26.5,27.5,29.2,1.3537723685520593,0.0,0.0,0.0,0.0,21.45,0.019999999999999574,1500.7933333333383,502.92500000000007,3.7999999999999545,0,21.49,0
2020-03-01,0.0,34.2,27.8,1010.27,15.37,62.28,Mundali_Barrage_Cuttack,Mahanadi,578.37,1656.98,21.49,26.5,27.5,29.2,1.1507065132692504,0.0,0.0,0.0,0.0,21.47,0.019999999999999574,1571.4766666666717,579.345,2.980000000000018,0,21.45,0
2020-03-02,0.0,35.12,26.01,1008.94,15.23,50.69,Mundali_Barrage_Cuttack,Mahanadi,464.62,1337.47,21.45,26.5,27.5,29.2,0.9781005362788628,0.0,0.0,0.0,0.0,21.49,-0.03999999999999915,1551.5766666666716,521.4950000000001,4.309999999999945,0,21.5,0
2020-03-03,0.0,32.14,24.97,1008.79,14.89,57.32,Mundali_Barrage_Cuttack,Mahanadi,517.84,1611.08,21.5,26.5,27.5,29.2,0.8313854558370334,0.0,0.0,0.0,0.0,21.45,0.05000000000000071,1535.1766666666717,491.2300000000001,4.460000000000036,0,21.44,0
2020-03-04,0.0,34.62,24.7,1010.16,14.57,59.71,Mundali_Barrage_Cuttack,Mahanadi,429.96,1166.96,21.44,26.5,27.5,29.2,0.7066776374614784,0.0,0.0,0.0,0.0,21.5,-0.05999999999999872,1371.8366666666716,473.9000000000001,3.090000000000032,0,21.38,0
2020-03-05,0.0,33.32,23.02,1006.17,11.46,51.74,Mundali_Barrage_Cuttack,Mahanadi,532.43,1378.38,21.38,26.5,27.5,29.2,0.6006759918422566,0.0,0.0,0.0,0.0,21.44,-0.060000000000002274,1385.4733333333381,481.195,7.080000000000041,0,21.4,0
2020-03-06,0.0,31.95,23.4,1006.97,14.05,59.51,Mundali_Barrage_Cuttack,Mahanadi,570.18,1477.56,21.4,26.5,27.5,29.2,0.5105745930659181,0.0,0.0,0.0,0.0,21.38,0.019999999999999574,1340.9666666666717,551.3050000000001,6.279999999999973,0,21.42,0
2020-03-07,0.2,31.61,20.68,1010.27,17.38,58.04,Mundali_Barrage_Cuttack,Mahanadi,504.92,1243.55,21.42,26.5,27.5,29.2,0.6339884041060304,0.0,0.0,0.20000000000002843,0.1999999999999716,21.4,0.020000000000003126,1366.4966666666717,537.55,2.980000000000018,0,21.35,0
2020-03-08,0.0,31.21,19.58,1009.34,9.73,60.53,Mundali_Barrage_Cuttack,Mahanadi,512.74,1273.8,21.35,26.5,27.5,29.2,0.5388901434901259,0.2,0.0,0.20000000000002843,0.1999999999999716,21.42,-0.07000000000000028,1331.6366666666715,508.83,3.909999999999968,0,21.49,0
2020-03-09,0.0,34.56,27.24,1006.58,9.42,58.09,Mundali_Barrage_Cuttack,Mahanadi,407.02,1401.98,21.49,26.5,27.5,29.2,0.45805662196660696,0.0,0.2,0.20000000000002843,0.1999999999999716,21.35,0.13999999999999702,1306.4433333333384,459.88,6.669999999999959,0,21.44,0
2020-03-10,0.0,34.44,23.87,1008.94,11.15,62.17,Mundali_Barrage_Cuttack,Mahanadi,491.87,1141.08,21.44,26.5,27.5,29.2,0.3893481286716159,0.0,0.0,0.0,0.1999999999999716,21.49,-0.04999999999999716,1272.2866666666716,449.445,4.309999999999945,0,21.45,0
2020-03-11,0.0,34.0,27.77,1005.65,10.29,60.82,Mundali_Barrage_Cuttack,Mahanadi,436.1,1251.1,21.45,26.5,27.5,29.2,0.3309459093708735,0.0,0.0,0.0,0.1999999999999716,21.44,0.00999999999999801,1264.720000000005,463.985,7.600000000000023,0,21.34,0
2020-03-12,0.0,32.61,21.21,1009.1,12.59,58.22,Mundali_Barrage_Cuttack,Mahanadi,537.52,1524.44,21.34,26.5,27.5,29.2,0.28130402296524243,0.0,0.0,0.0,0.1999999999999716,21.45,-0.10999999999999943,1305.540000000005,486.81,4.149999999999977,0,21.36,0
2020-03-13,0.0,34.76,23.61,1008.92,13.71,52.48,Mundali_Barrage_Cuttack,Mahanadi,586.77,1562.85,21.36,26.5,27.5,29.2,0.23910841952045606,0.0,0.0,0.0,0.1999999999999716,21.34,0.019999999999999574,1446.1300000000049,562.145,4.330000000000041,0,21.41,0
2020-03-14,0.06,35.65,26.25,1007.1,17.26,48.46,Mundali_Barrage_Cuttack,Mahanadi,572.68,1310.08,21.41,26.5,27.5,29.2,0.26324215659238764,0.0,0.0,0.06000000000002842,0.059999999999971576,21.36,0.05000000000000071,1465.7900000000052,579.7249999999999,6.149999999999977,0,21.44,0
2020-03-15,0.0,35.86,29.63,1008.94,15.16,60.45,Mundali_Barrage_Cuttack,Mahanadi,479.54,1528.88,21.44,26.5,27.5,29.2,0.22375583310352948,0.06,0.0,0.06000000000002842,0.059999999999971576,21.41,0.030000000000001137,1467.270000000005,526.11,4.309999999999945,0,21.4,0
2020-03-16,0.0,35.1,25.58,1008.5,14.43,55.12,Mundali_Barrage_Cuttack,Mahanadi,408.21,1299.15,21.4,26.5,27.5,29.2,0.19019245813800006,0.0,0.06,0.06000000000002842,0.059999999999971576,21.44,-0.0400000000000027,1379.3700000000051,443.875,4.75,0,21.35,0
2020-03-17,0.0,36.69,28.35,1007.26,15.5,48.0,Mundali_Barrage_Cuttack,Mahanadi,446.56,1251.66,21.35,26.5,27.5,29.2,0.16166358941730005,0.0,0.0,0.0,0.059999999999971576,21.4,-0.04999999999999716,1359.8966666666718,427.385,5.990000000000009,0,21.35,0
2020-03-18,0.0,32.72,23.55,1008.84,15.88,59.43,Mundali_Barrage_Cuttack,Mahanadi,439.17,1317.45,21.35,26.5,27.5,29.2,0.13741405100470505,0.0,0.0,0.0,0.059999999999971576,21.35,0.0,1289.420000000005,442.865,4.409999999999968,0,21.38,0
2020-03-19,0.0,32.98,22.93,1007.02,10.82,62.41,Mundali_Barrage_Cuttack,Mahanadi,449.25,1349.71,21.38,26.5,27.5,29.2,0.1168019433539993,0.0,0.0,0.0,0.059999999999971576,21.35,0.029999999999997584,1306.2733333333383,444.21000000000004,6.230000000000018,0,21.35,0
2020-03-20,0.0,33.1,22.95,1006.08,17.03,61.71,Mundali_Barrage_Cuttack,Mahanadi,567.26,1307.42,21.35,26.5,27.5,29.2,0.09928165185089939,0.0,0.0,0.0,0.059999999999971576,21.38,-0.029999999999997584,1324.8600000000051,508.255,7.169999999999959,0,21.43,0
2020-03-21,0.0,33.89,24.29,1006.47,15.69,50.6,Mundali_Barrage_Cuttack,Mahanadi,515.15,1548.25,21.43,26.5,27.5,29.2,0.08438940407326448,0.0,0.0,0.0,0.0,21.35,0.0799999999999983,1401.7933333333385,541.2049999999999,6.779999999999973,0,21.44,0
2020-03-22,0.0,34.97,27.95,1008.71,18.66,59.27,Mundali_Barrage_Cuttack,Mahanadi,578.0,1512.15,21.44,26.5,27.5,29.2,0.07173099346227481,0.0,0.0,0.0,0.0,21.43,0.010000000000001563,1455.940000000005,546.575,4.539999999999964,0,21.45,0
2020-03-23,0.0,31.09,22.68,1012.59,14.72,49.24,Mundali_Barrage_Cuttack,Mahanadi,575.86,1549.83,21.45,26.5,27.5,29.2,0.06097134444293358,0.0,0.0,0.0,0.0,21.44,0.00999999999999801,1536.7433333333383,576.9300000000001,0.6599999999999682,0,21.43,0
2020-03-24,0.0,33.34,23.78,1009.15,12.6,54.25,Mundali_Barrage_Cuttack,Mahanadi,465.88,1346.42,21.43,26.5,27.5,29.2,0.05182564277649354,0.0,0.0,0.0,0.0,21.45,-0.019999999999999574,1469.4666666666717,520.87,4.100000000000023,0,21.44,0
2020-03-25,1.38,33.42,22.13,1006.78,15.34,59.41,Mundali_Barrage_Cuttack,Mahanadi,506.78,1506.62,21.44,26.5,27.5,29.2,1.4240517963600194,0.0,0.0,1.3800000000000283,1.3799999999999715,21.43,0.010000000000001563,1467.6233333333385,486.33,6.470000000000027,0,21.39,0
2020-03-26,0.0,34.28,26.56,1006.79,14.87,55.37,Mundali_Barrage_Cuttack,Mahanadi,474.18,1336.06,21.39,26.5,27.5,29.2,1.2104440269060166,1.38,0.0,1.3800000000000283,1.3799999999999715,21.44,-0.05000000000000071,1396.3666666666716,490.48,6.460000000000036,0,21.37,0
2020-03-27,0.0,31.98,20.13,1007.71,15.03,56.54,Mundali_Barrage_Cuttack,Mahanadi,575.52,1297.38,21.37,26.5,27.5,29.2,1.028877422870114,0.0,1.38,1.3800000000000283,1.3799999999999715,21.39,-0.019999999999999574,1380.020000000005,524.85,5.539999999999964,0,21.35,0
2020-03-28,0.0,32.6,26.17,1006.88,12.02,51.48,Mundali_Barrage_Cuttack,Mahanadi,517.87,1408.86,21.35,26.5,27.5,29.2,0.8745458094395969,0.0,0.0,0.0,1.3799999999999715,21.37,-0.019999999999999574,1347.4333333333382,546.6949999999999,6.3700000000000045,0,21.34,0
2020-03-29,0.0,32.02,25.02,1007.57,8.89,52.69,Mundali_Barrage_Cuttack,Mahanadi,509.25,1575.88,21.34,26.5,27.5,29.2,0.7433639380236574,0.0,0.0,0.0,1.3799999999999715,21.35,-0.010000000000001563,1427.3733333333385,513.56,5.67999999999995,0,21.33,0
2020-03-30,0.0,30.59,23.2,1006.44,12.86,52.1,Mundali_Barrage_Cuttack,Mahanadi,498.3,1397.68,21.33,26.5,27.5,29.2,0.6318593473201087,0.0,0.0,0.0,1.3799999999999715,21.34,-0.010000000000001563,1460.8066666666716,503.775,6.809999999999945,0,21.35,0
2020-03-31,0.0,32.09,24.82,1008.27,12.86,56.66,Mundali_Barrage_Cuttack,Mahanadi,463.91,1455.3,21.35,26.5,27.5,29.2,0.5370804452220924,0.0,0.0,0.0,1.3799999999999715,21.33,0.020000000000003126,1476.2866666666716,481.105,4.980000000000018,0,21.37,0
2020-04-01,0.0,32.94,25.12,1006.73,18.06,56.41,Mundali_Barrage_Cuttack,Mahanadi,551.98,1956.49,21.37,26.5,27.5,29.2,0.4565183784387785,0.0,0.0,0.0,0.0,21.35,0.019999999999999574,1603.156666666672,507.94500000000005,6.519999999999982,0,21.45,0
2020-04-02,2.17,30.67,20.93,1007.9,14.26,46.77,Mundali_Barrage_Cuttack,Mahanadi,477.01,1806.69,21.45,26.5,27.5,29.2,2.5580406216729616,0.0,0.0,2.1700000000000284,2.1699999999999715,21.37,0.0799999999999983,1739.4933333333383,514.495,5.350000000000023,0,21.43,0
2020-04-03,1.54,34.84,28.49,1007.08,10.83,43.85,Mundali_Barrage_Cuttack,Mahanadi,560.97,1781.77,21.43,26.5,27.5,29.2,3.7143345284220173,2.17,0.0,3.7100000000000284,3.7099999999999715,21.45,-0.019999999999999574,1848.3166666666718,518.99,6.169999999999959,0,21.57,0
2020-04-04,0.0,36.68,26.01,1009.22,12.76,59.03,Mundali_Barrage_Cuttack,Mahanadi,472.3,1290.56,21.57,26.5,27.5,29.2,3.157184349158715,1.54,2.17,3.7100000000000284,3.7099999999999715,21.43,0.14000000000000057,1626.340000000005,516.635,4.029999999999973,0,21.55,0
2020-04-05,0.0,32.46,25.29,1009.27,19.11,54.63,Mundali_Barrage_Cuttack,Mahanadi,476.24,1510.71,21.55,26.5,27.5,29.2,2.6836066967849077,0.0,1.54,1.5400000000000285,3.7099999999999715,21.57,-0.019999999999999574,1527.680000000005,474.27,3.980000000000018,0,21.54,0
2020-04-06,0.0,35.52,27.35,1007.91,13.18,60.27,Mundali_Barrage_Cuttack,Mahanadi,401.04,1324.36,21.54,26.5,27.5,29.2,2.2810656922671715,0.0,0.0,0.0,3.7099999999999715,21.55,-0.010000000000001563,1375.2100000000048,438.64,5.340000000000032,0,21.57,0
2020-04-07,0.0,36.16,29.4,1007.59,14.79,48.72,Mundali_Barrage_Cuttack,Mahanadi,540.15,1486.16,21.57,26.5,27.5,29.2,1.9389058384270956,0.0,0.0,0.0,3.7099999999999715,21.54,0.030000000000001137,1440.410000000005,470.595,5.659999999999968,0,21.51,0
2020-04-08,0.0,37.48,30.1,1007.76,7.71,59.32,Mundali_Barrage_Cuttack,Mahanadi,566.99,1482.09,21.51,26.5,27.5,29.2,1.6480699626630313,0.0,0.0,0.0,3.7099999999999715,21.57,-0.05999999999999872,1430.8700000000051,553.57,5.490000000000009,0,21.61,0
2020-04-09,0.0,33.49,26.38,1006.35,11.27,51.42,Mundali_Barrage_Cuttack,Mahanadi,531.49,1549.06,21.61,26.5,27.5,29.2,1.4008594682635767,0.0,0.0,0.0,1.5399999999999716,21.51,0.09999999999999787,1505.770000000005,549.24,6.899999999999977,0,21.71,0
2020-04-10,4.37,33.83,22.01,1007.45,11.78,57.41,Mundali_Barrage_Cuttack,Mahanadi,597.38,1958.98,21.71,26.5,27.5,29.2,5.56073054802404,0.0,0.0,4.3700000000000285,4.369999999999972,21.61,0.10000000000000142,1663.3766666666716,564.435,5.7999999999999545,0,21.62,0
2020-04-11,0.0,32.02,25.5,1009.79,17.54,55.97,Mundali_Barrage_Cuttack,Mahanadi,521.7,1541.85,21.62,26.5,27.5,29.2,4.726620965820434,4.37,0.0,4.3700000000000285,4.369999999999972,21.71,-0.08999999999999986,1683.2966666666716,559.54,3.4600000000000364,0,21.61,0
2020-04-12,0.0,34.14,26.82,1006.53,15.23,53.46,Mundali_Barrage_Cuttack,Mahanadi,514.34,1720.03,21.61,26.5,27.5,29.2,4.017627820947369,0.0,4.37,4.3700000000000285,4.369999999999972,21.62,-0.010000000000001563,1740.2866666666716,518.02,6.720000000000027,0,21.48,0
2020-04-13,0.0,33.71,23.95,1008.56,12.09,57.29,Mundali_Barrage_Cuttack,Mahanadi,549.02,1491.31,21.48,26.5,27.5,29.2,3.4149836478052635,0.0,0.0,0.0,4.369999999999972,21.61,-0.129999999999999,1584.3966666666718,531.6800000000001,4.690000000000055,0,21.44,0
2020-04-14,0.0,31.71,22.79,1007.61,11.19,51.66,Mundali_Barrage_Cuttack,Mahanadi,412.23,985.51,21.44,26.5,27.5,29.2,2.902736100634474,0.0,0.0,0.0,4.369999999999972,21.48,-0.03999999999999915,1398.950000000005,480.625,5.639999999999986,0,21.32,0
2020-04-15,0.0,33.02,24.22,1009.33,12.18,57.29,Mundali_Barrage_Cuttack,Mahanadi,408.93,1172.56,21.32,26.5,27.5,29.2,2.467325685539303,0.0,0.0,0.0,4.369999999999972,21.44,-0.120000000000001,1216.4600000000048,410.58000000000004,3.919999999999959,0,21.31,0
2020-04-16,0.0,37.06,25.06,1005.9,12.42,61.94,Mundali_Barrage_Cuttack,Mahanadi,597.98,1610.34,21.31,26.5,27.5,29.2,2.0972268327084076,0.0,0.0,0.0,4.369999999999972,21.32,-0.010000000000001563,1256.1366666666715,503.45500000000004,7.350000000000023,0,21.39,0
2020-04-17,0.0,32.01,22.94,1006.33,16.3,56.08,Mundali_Barrage_Cuttack,Mahanadi,597.46,1574.99,21.39,26.5,27.5,29.2,1.7826428078021463,0.0,0.0,0.0,0.0,21.31,0.08000000000000185,1452.6300000000049,597.72,6.919999999999959,0,21.36,0
2020-04-18,0.0,31.93,25.72,1008.0,7.75,63.62,Mundali_Barrage_Cuttack,Mahanadi,539.28,1479.18,21.36,26.5,27.5,29.2,1.5152463866318244,0.0,0.0,0.0,0.0,21.39,-0.030000000000001137,1554.8366666666716,568.37,5.25,0,21.43,0
2020-04-19,0.0,30.15,23.85,1007.55,12.29,56.65,Mundali_Barrage_Cuttack,Mahanadi,561.8,1815.25,21.43,26.5,27.5,29.2,1.2879594286370508,0.0,0.0,0.0,0.0,21.36,0.07000000000000028,1623.1400000000049,550.54,5.7000000000000455,0,21.43,0
2020-04-20,0.0,31.66,23.38,1007.18,12.65,61.29,Mundali_Barrage_Cuttack,Mahanadi,549.15,1595.86,21.43,26.5,27.5,29.2,1.0947655143414932,0.0,0.0,0.0,0.0,21.43,0.0,1630.0966666666718,555.4749999999999,6.07000000000005,0,21.42,0
2020-04-21,0.0,33.97,26.54,1007.33,16.06,64.24,Mundali_Barrage_Cuttack,Mahanadi,491.96,1501.56,21.42,26.5,27.5,29.2,0.9305506871902691,0.0,0.0,0.0,0.0,21.43,-0.00999999999999801,1637.5566666666716,520.555,5.919999999999959,0,21.52,0
2020-04-22,0.0,32.07,25.95,1007.75,14.29,61.48,Mundali_Barrage_Cuttack,Mahanadi,483.56,1475.04,21.52,26.5,27.5,29.2,0.7909680841117287,0.0,0.0,0.0,0.0,21.42,0.09999999999999787,1524.1533333333382,487.76,5.5,0,21.56,0
2020-04-23,0.0,31.97,25.79,1006.19,14.28,56.26,Mundali_Barrage_Cuttack,Mahanadi,476.37,1471.78,21.56,26.5,27.5,29.2,0.6723228714949694,0.0,0.0,0.0,0.0,21.52,0.03999999999999915,1482.7933333333385,479.96500000000003,7.059999999999945,0,21.46,0
2020-04-24,0.0,34.8,24.73,1005.81,16.61,52.72,Mundali_Barrage_Cuttack,Mahanadi,478.11,1625.45,21.46,26.5,27.5,29.2,0.571474440770724,0.0,0.0,0.0,0.0,21.56,-0.09999999999999787,1524.090000000005,477.24,7.440000000000055,0,21.41,0
2020-04-25,0.0,34.11,26.44,1008.8,16.63,62.36,Mundali_Barrage_Cuttack,Mahanadi,584.44,1592.96,21.41,26.5,27.5,29.2,0.48575327465511536,0.0,0.0,0.0,0.0,21.46,-0.05000000000000071,1563.3966666666718,531.2750000000001,4.4500000000000455,0,21.52,0
2020-04-26,0.0,31.31,24.83,1006.08,9.08,53.04,Mundali_Barrage_Cuttack,Mahanadi,552.89,1542.86,21.52,26.5,27.5,29.2,0.41289028345684803,0.0,0.0,0.0,0.0,21.41,0.10999999999999943,1587.090000000005,568.665,7.169999999999959,0,21.53,0
2020-04-27,0.0,32.58,21.01,1006.27,14.97,49.26,Mundali_Barrage_Cuttack,Mahanadi,524.95,1577.3,21.53,26.5,27.5,29.2,0.3509567409383208,0.0,0.0,0.0,0.0,21.52,0.010000000000001563,1571.0400000000052,538.9200000000001,6.980000000000018,0,21.63,0
2020-04-28,8.61,33.73,26.25,1003.0,22.38,55.72,Mundali_Barrage_Cuttack,Mahanadi,810.66,2482.65,21.63,26.5,27.5,29.2,8.908313229797573,0.0,0.0,8.610000000000028,8.609999999999971,21.53,0.09999999999999787,1867.6033333333382,667.8050000000001,10.25,0,21.56,0
2020-04-29,0.0,34.53,23.11,1010.28,15.7,58.5,Mundali_Barrage_Cuttack,Mahanadi,472.52,1394.06,21.56,26.5,27.5,29.2,7.572066245327936,8.61,0.0,8.610000000000028,8.609999999999971,21.63,-0.07000000000000028,1818.0033333333383,641.5899999999999,2.9700000000000273,0,21.44,0
2020-04-30,0.02,34.91,26.45,1006.32,16.8,53.82,Mundali_Barrage_Cuttack,Mahanadi,538.3,1576.73,21.44,26.5,27.5,29.2,6.456256308528745,0.0,8.61,8.630000000000027,8.62999999999997,21.56,-0.11999999999999744,1817.8133333333383,505.40999999999997,6.92999999999995,0,21.41,0
2020-05-01,0.0,35.96,28.33,1006.34,12.49,52.54,Mundali_Barrage_Cuttack,Mahanadi,592.94,1487.7,21.41,26.5,27.5,29.2,5.487817862249433,0.02,0.0,0.020000000000028422,8.62999999999997,21.44,-0.030000000000001137,1486.1633333333384,565.62,6.909999999999968,0,21.4,0
2020-05-02,0.0,34.19,26.46,1010.57,8.26,54.66,Mundali_Barrage_Cuttack,Mahanadi,415.28,1102.08,21.4,26.5,27.5,29.2,4.664645182912018,0.0,0.02,0.020000000000028422,8.62999999999997,21.41,-0.010000000000001563,1388.8366666666716,504.11,2.67999999999995,0,21.47,0
2020-05-03,0.0,35.6,27.53,1008.16,16.56,61.26,Mundali_Barrage_Cuttack,Mahanadi,448.69,1421.54,21.47,26.5,27.5,29.2,3.9649484054752153,0.0,0.0,0.0,8.62999999999997,21.4,0.07000000000000028,1337.1066666666718,431.985,5.090000000000032,0,21.49,0
2020-05-04,0.0,37.64,26.25,1009.21,9.04,50.2,Mundali_Barrage_Cuttack,Mahanadi,574.2,1618.27,21.49,26.5,27.5,29.2,3.370206144653933,0.0,0.0,0.0,8.62999999999997,21.47,0.019999999999999574,1380.6300000000049,511.44500000000005,4.039999999999964,0,27.94,2
2020-05-05,222.25,33.62,24.16,994.81,66.48,100.0,Mundali_Barrage_Cuttack,Mahanadi,28001.68,55122.74,27.94,26.5,27.5,29.2,225.11467522295584,0.0,0.0,222.25000000000003,222.26999999999998,21.49,6.450000000000003,19387.51666666667,14287.94,18.440000000000055,1,25.63,0
2020-05-06,0.0,34.22,23.78,1006.98,14.22,53.94,Mundali_Barrage_Cuttack,Mahanadi,595.96,1205.68,25.63,26.5,27.5,29.2,191.34747393951247,222.25,0.0,222.25000000000003,222.26999999999998,27.94,-2.3100000000000023,19315.563333333335,14298.82,6.269999999999982,0,24.23,0
2020-05-07,0.47,30.48,18.85,1008.84,8.39,50.84,Mundali_Barrage_Cuttack,Mahanadi,508.49,1558.1,24.23,26.5,27.5,29.2,163.1153528485856,0.0,222.25,222.72000000000003,222.71999999999997,25.63,-1.3999999999999986,19295.50666666667,552.225,4.409999999999968,0,25.51,0
2020-05-08,98.44,33.19,25.83,1004.92,34.36,87.8,Mundali_Barrage_Cuttack,Mahanadi,9073.0,20420.5,25.51,26.5,27.5,29.2,237.08804992129774,0.47,0.0,98.91000000000003,321.15999999999997,24.23,1.2800000000000011,7728.093333333338,4790.745,8.330000000000041,0,24.04,0
2020-05-09,0.0,34.93,26.07,1008.65,10.14,48.01,Mundali_Barrage_Cuttack,Mahanadi,559.74,1319.68,24.04,26.5,27.5,29.2,201.52484243310306,98.44,0.47,98.91000000000003,321.15999999999997,25.51,-1.4700000000000024,7766.093333333338,4816.37,4.600000000000023,0,23.05,0
2020-05-10,0.0,31.09,20.04,1003.75,12.33,48.49,Mundali_Barrage_Cuttack,Mahanadi,467.58,1215.71,23.05,26.5,27.5,29.2,171.2961160681376,0.0,98.44,98.44000000000003,321.15999999999997,24.04,-0.9899999999999984,7651.963333333338,513.66,9.5,0,22.54,0
2020-05-11,0.0,32.6,24.78,1004.65,14.57,57.25,Mundali_Barrage_Cuttack,Mahanadi,446.81,1457.46,22.54,26.5,27.5,29.2,145.60169865791696,0.0,0.0,0.0,321.15999999999997,23.05,-0.5100000000000016,1330.950000000005,457.195,8.600000000000023,0,22.05,0
2020-05-12,1.61,31.94,22.0,1007.43,14.58,57.72,Mundali_Barrage_Cuttack,Mahanadi,495.53,1592.34,22.05,26.5,27.5,29.2,125.3714438592294,0.0,0.0,1.6100000000000285,100.51999999999997,22.54,-0.48999999999999844,1421.8366666666716,471.16999999999996,5.82000000000005,0,21.9,0
2020-05-13,1.35,34.83,23.2,1006.56,12.58,56.53,Mundali_Barrage_Cuttack,Mahanadi,546.13,1577.92,21.9,26.5,27.5,29.2,107.91572728034498,1.61,0.0,2.9600000000000284,101.86999999999996,22.05,-0.15000000000000213,1542.573333333338,520.83,6.690000000000055,0,21.76,0
2020-05-14,0.0,36.67,25.78,1007.5,9.32,61.9,Mundali_Barrage_Cuttack,Mahanadi,581.7,1796.92,21.76,26.5,27.5,29.2,91.72836818829323,1.35,1.61,2.9600000000000284,101.39999999999996,21.9,-0.13999999999999702,1655.7266666666717,563.9150000000001,5.75,0,21.6,0
2020-05-15,1.1,37.88,27.93,1006.65,13.78,51.93,Mundali_Barrage_Cuttack,Mahanadi,619.05,1675.73,21.6,26.5,27.5,29.2,79.06911296004924,0.0,1.35,2.4500000000000286,4.059999999999972,21.76,-0.16000000000000014,1683.523333333338,600.375,6.600000000000023,0,21.63,0
2020-05-16,4.39,34.29,27.28,1006.94,15.56,61.41,Mundali_Barrage_Cuttack,Mahanadi,618.01,2029.93,21.63,26.5,27.5,29.2,71.59874601604186,1.1,0.0,5.490000000000029,8.44999999999997,21.6,0.029999999999997584,1834.1933333333382,618.53,6.309999999999945,0,21.52,0
2020-05-17,0.0,35.24,23.63,1007.62,14.68,58.46,Mundali_Barrage_Cuttack,Mahanadi,422.48,1145.22,21.52,26.5,27.5,29.2,60.85893411363558,4.39,1.1,5.490000000000028,8.44999999999997,21.63,-0.10999999999999943,1616.9600000000048,520.2450000000001,5.6299999999999955,0,21.53,0
2020-05-18,0.0,35.0,24.94,1010.45,18.88,52.49,Mundali_Barrage_Cuttack,Mahanadi,578.82,1548.77,21.53,26.5,27.5,29.2,51.73009399659024,0.0,4.39,4.390000000000027,8.44999999999997,21.52,0.010000000000001563,1574.6400000000049,500.6500000000001,2.7999999999999545,0,21.62,0
2020-05-19,4.47,37.06,28.47,1007.94,17.32,55.28,Mundali_Barrage_Cuttack,Mahanadi,554.9,1982.14,21.62,26.5,27.5,29.2,48.440579897101706,0.0,0.0,4.470000000000028,11.30999999999997,21.53,0.08999999999999986,1558.7100000000048,566.8600000000001,5.309999999999945,0,21.68,0
2020-05-20,0.0,39.42,31.57,1004.0,8.55,58.8,Mundali_Barrage_Cuttack,Mahanadi,470.93,1709.45,21.68,26.5,27.5,29.2,41.17449291253645,4.47,0.0,4.470000000000028,9.959999999999972,21.62,0.05999999999999872,1746.7866666666716,512.9150000000001,9.25,0,26.26,0
2020-05-21,133.52,34.6,24.23,1000.62,51.3,89.16,Mundali_Barrage_Cuttack,Mahanadi,22784.06,41040.2,26.26,26.5,27.5,29.2,168.518318975656,0.0,4.47,137.99000000000004,143.48,21.68,4.580000000000002,14910.596666666672,11627.495,12.629999999999995,1,24.5,0
2020-05-22,0.0,37.55,29.95,1007.29,18.95,60.35,Mundali_Barrage_Cuttack,Mahanadi,450.54,1414.77,24.5,26.5,27.5,29.2,143.2405711293076,133.52,0.0,133.52000000000004,142.38,26.26,-1.7600000000000016,14721.473333333337,11617.300000000001,5.960000000000036,0,23.6,0
2020-05-23,6.97,35.81,28.47,1005.85,17.1,47.74,Mundali_Barrage_Cuttack,Mahanadi,729.43,2073.48,23.6,26.5,27.5,29.2,128.72448545991145,0.0,133.52,140.49000000000004,144.95999999999998,24.5,-0.8999999999999986,14842.816666666673,589.985,7.399999999999977,0,22.91,0
2020-05-24,0.47,37.98,26.6,1007.26,13.53,51.36,Mundali_Barrage_Cuttack,Mahanadi,498.35,1471.99,22.91,26.5,27.5,29.2,109.88581264092473,6.97,0.0,7.440000000000028,145.42999999999998,23.6,-0.6900000000000013,1653.4133333333405,613.8900000000001,5.990000000000009,0,22.44,0
2020-05-25,2.71,32.8,25.39,1008.35,16.15,54.02,Mundali_Barrage_Cuttack,Mahanadi,678.85,2195.2,22.44,26.5,27.5,29.2,96.112940744786,0.47,6.97,10.150000000000027,148.14,22.91,-0.46999999999999886,1913.556666666674,588.6,4.899999999999977,0,22.12,0
2020-05-26,0.0,31.31,25.14,1009.98,13.45,55.16,Mundali_Barrage_Cuttack,Mahanadi,410.07,1474.77,22.12,26.5,27.5,29.2,81.6959996330681,2.71,0.47,3.180000000000028,143.67,22.44,-0.3200000000000003,1713.9866666666737,544.46,3.269999999999982,0,21.98,0
2020-05-27,0.0,35.4,27.01,1007.24,14.12,57.22,Mundali_Barrage_Cuttack,Mahanadi,588.49,1350.08,21.98,26.5,27.5,29.2,69.44159968810789,0.0,2.71,2.7100000000000284,143.67,22.12,-0.14000000000000057,1673.350000000007,499.28000000000003,6.009999999999991,0,21.79,0
2020-05-28,0.0,36.22,27.97,1007.6,12.11,55.35,Mundali_Barrage_Cuttack,Mahanadi,512.76,1490.06,21.79,26.5,27.5,29.2,59.0253597348917,0.0,0.0,0.0,10.14999999999997,21.98,-0.19000000000000128,1438.3033333333406,550.625,5.649999999999977,0,21.63,0
2020-05-29,0.0,34.16,26.81,1008.98,13.67,50.52,Mundali_Barrage_Cuttack,Mahanadi,581.91,1295.38,21.63,26.5,27.5,29.2,50.171555774657946,0.0,0.0,0.0,10.14999999999997,21.79,-0.16000000000000014,1378.5066666666742,547.335,4.269999999999982,0,21.59,0
2020-05-30,0.0,29.61,21.6,1007.44,16.02,43.15,Mundali_Barrage_Cuttack,Mahanadi,428.17,1184.63,21.59,26.5,27.5,29.2,42.64582240845925,0.0,0.0,0.0,3.1799999999999713,21.63,-0.03999999999999915,1323.356666666674,505.03999999999996,5.809999999999945,0,21.64,0
2020-05-31,0.0,36.71,29.79,1009.07,12.62,51.53,Mundali_Barrage_Cuttack,Mahanadi,581.91,1730.49,21.64,26.5,27.5,29.2,36.248949047190365,0.0,0.0,0.0,2.7099999999999715,21.59,0.05000000000000071,1403.5000000000073,505.04,4.17999999999995,0,21.82,0
2020-06-01,12.54,34.79,28.58,995.48,21.84,81.47,Mundali_Barrage_Cuttack,Mahanadi,888.08,3230.25,21.82,26.5,27.5,29.2,43.35160669011181,0.0,0.0,12.540000000000028,12.53999999999997,21.64,0.17999999999999972,2048.4566666666738,734.9950000000001,17.769999999999982,0,21.83,0
2020-06-02,6.02,36.69,25.32,995.15,12.5,80.04,Mundali_Barrage_Cuttack,Mahanadi,591.84,2245.69,21.83,26.5,27.5,29.2,42.86886568659503,12.54,0.0,18.560000000000027,18.55999999999997,21.82,0.00999999999999801,2402.1433333333407,739.96,18.100000000000023,0,21.97,0
2020-06-03,14.84,37.67,27.63,995.88,16.58,92.36,Mundali_Barrage_Cuttack,Mahanadi,1000.9,3178.97,21.97,26.5,27.5,29.2,51.27853583360577,6.02,12.54,33.40000000000003,33.39999999999997,21.83,0.14000000000000057,2884.970000000007,796.37,17.370000000000005,0,21.89,0
2020-06-04,4.76,38.6,30.98,994.0,17.87,92.58,Mundali_Barrage_Cuttack,Mahanadi,737.88,2116.97,21.89,26.5,27.5,29.2,48.34675545856491,14.84,6.02,25.620000000000026,38.15999999999997,21.97,-0.0799999999999983,2513.876666666674,869.39,19.25,0,22.64,0
2020-06-05,56.3,40.44,31.97,991.7,22.57,94.97,Mundali_Barrage_Cuttack,Mahanadi,2226.86,8227.4,22.64,26.5,27.5,29.2,97.39474213978016,4.76,14.84,75.90000000000002,94.45999999999997,21.89,0.75,4507.780000000007,1482.3700000000001,21.549999999999955,0,22.54,0
2020-06-06,23.26,37.81,28.47,995.42,16.96,85.59,Mundali_Barrage_Cuttack,Mahanadi,1118.1,3696.89,22.54,26.5,27.5,29.2,106.04553081881315,56.3,4.76,84.32000000000002,117.71999999999997,22.64,-0.10000000000000142,4680.420000000006,1672.48,17.83000000000004,0,22.81,0
2020-06-07,40.59,37.83,29.89,994.24,26.85,100.0,Mundali_Barrage_Cuttack,Mahanadi,1682.9,6100.66,22.81,26.5,27.5,29.2,130.72870119599116,23.26,56.3,120.15000000000003,158.30999999999997,22.54,0.2699999999999996,6008.316666666673,1400.5,19.00999999999999,0,22.8,0
2020-06-08,25.88,32.67,25.02,997.19,18.26,93.37,Mundali_Barrage_Cuttack,Mahanadi,1319.73,4530.73,22.8,26.5,27.5,29.2,136.9993960165925,40.59,23.26,89.73000000000003,171.64999999999998,22.81,-0.00999999999999801,4776.0933333333405,1501.315,16.059999999999945,0,22.84,0
2020-06-09,33.01,38.93,31.62,995.06,25.47,93.53,Mundali_Barrage_Cuttack,Mahanadi,1455.28,5240.16,22.84,26.5,27.5,29.2,149.4594866141036,25.88,40.59,99.48000000000002,198.64,22.8,0.03999999999999915,5290.516666666674,1387.505,18.190000000000055,0,22.42,0
2020-06-10,1.29,35.7,24.13,992.75,13.07,72.26,Mundali_Barrage_Cuttack,Mahanadi,627.77,1572.84,22.42,26.5,27.5,29.2,128.33056362198806,33.01,25.88,60.180000000000014,185.08999999999997,22.84,-0.41999999999999815,3781.2433333333406,1041.525,20.5,0,24.65,0
2020-06-11,109.17,36.5,27.95,989.04,37.45,100.0,Mundali_Barrage_Cuttack,Mahanadi,9593.43,22257.45,24.65,26.5,27.5,29.2,218.25097907868985,1.29,33.01,143.47000000000003,289.5,22.42,2.229999999999997,9690.150000000007,5110.6,24.210000000000036,0,23.71,0
2020-06-12,9.82,36.8,27.42,996.82,14.14,84.95,Mundali_Barrage_Cuttack,Mahanadi,794.8,2380.66,23.71,26.5,27.5,29.2,195.33333221688636,109.17,1.29,120.28000000000003,243.01999999999998,24.65,-0.9399999999999977,8736.98333333334,5194.115,16.42999999999995,0,23.0,0
2020-06-13,2.64,37.77,29.33,995.48,15.98,79.13,Mundali_Barrage_Cuttack,Mahanadi,519.27,1347.74,23.0,26.5,27.5,29.2,168.6733323843534,9.82,109.17,121.63000000000001,222.39999999999998,23.71,-0.7100000000000009,8661.950000000008,657.035,17.769999999999982,0,22.68,0
2020-06-14,9.72,37.81,27.05,995.86,19.98,90.72,Mundali_Barrage_Cuttack,Mahanadi,769.62,2759.47,22.68,26.5,27.5,29.2,153.09233252670037,2.64,9.82,22.180000000000014,191.52999999999997,23.0,-0.3200000000000003,2162.6233333333407,644.4449999999999,17.389999999999986,0,24.18,0
2020-06-15,81.69,37.99,28.18,989.39,33.71,100.0,Mundali_Barrage_Cuttack,Mahanadi,7553.61,17026.47,24.18,26.5,27.5,29.2,211.8184826476953,9.72,2.64,94.05000000000001,247.33999999999997,22.68,1.5,7044.560000000008,4161.615,23.860000000000014,0,23.81,0
2020-06-16,36.53,38.1,30.04,996.72,20.85,94.4,Mundali_Barrage_Cuttack,Mahanadi,1543.08,5670.14,23.81,26.5,27.5,29.2,216.575710250541,81.69,9.72,127.94000000000001,250.86,24.18,-0.370000000000001,8485.360000000006,4548.344999999999,16.529999999999973,0,23.28,0
2020-06-17,14.4,36.09,30.09,995.55,14.85,93.1,Mundali_Barrage_Cuttack,Mahanadi,836.05,2967.74,23.28,26.5,27.5,29.2,198.48935371295985,36.53,81.69,132.62,263.96999999999997,23.81,-0.5299999999999976,8554.783333333342,1189.565,17.700000000000045,0,28.18,2
2020-06-18,159.27,38.15,31.64,990.59,47.36,100.0,Mundali_Barrage_Cuttack,Mahanadi,26945.84,48654.32,28.18,26.5,27.5,29.2,327.9859506560159,14.4,36.53,210.20000000000002,314.06999999999994,23.28,4.899999999999999,19097.40000000001,13890.945,22.659999999999968,1,26.32,0
2020-06-19,26.16,36.36,28.47,994.11,20.45,91.22,Mundali_Barrage_Cuttack,Mahanadi,1375.96,4945.11,26.32,26.5,27.5,29.2,304.94805805761354,159.27,14.4,199.83,330.40999999999997,28.18,-1.8599999999999994,18855.72333333334,14160.9,19.139999999999986,0,24.94,0
2020-06-20,21.25,35.98,28.14,996.25,24.34,83.65,Mundali_Barrage_Cuttack,Mahanadi,1104.99,4151.23,24.94,26.5,27.5,29.2,280.4558493489715,26.16,159.27,206.68,349.02,26.32,-1.379999999999999,19250.220000000005,1240.475,17.0,0,24.29,0
2020-06-21,32.1,37.86,31.09,992.67,27.22,95.14,Mundali_Barrage_Cuttack,Mahanadi,1548.55,5565.98,24.29,26.5,27.5,29.2,270.4874719466258,21.25,26.16,79.51,371.4,24.94,-0.6500000000000021,4887.440000000007,1326.77,20.58000000000004,0,23.76,0
2020-06-22,33.77,37.27,26.89,995.6,18.9,94.38,Mundali_Barrage_Cuttack,Mahanadi,1447.43,5407.74,23.76,26.5,27.5,29.2,263.68435115463194,32.1,21.25,87.12,323.47999999999996,24.29,-0.5299999999999976,5041.650000000006,1497.99,17.649999999999977,0,22.97,0
2020-06-23,0.73,41.53,30.43,994.43,13.29,81.02,Mundali_Barrage_Cuttack,Mahanadi,457.21,1242.11,22.97,26.5,27.5,29.2,224.86169848143714,33.77,32.1,66.60000000000001,287.68,23.76,-0.7900000000000027,4071.94333333334,952.32,18.82000000000005,0,28.9,2
2020-06-24,234.45,39.69,33.17,985.41,76.15,100.0,Mundali_Barrage_Cuttack,Mahanadi,27270.23,55081.76,28.9,26.5,27.5,29.2,425.5824437092216,0.73,33.77,268.95,507.72999999999996,22.97,5.93,20577.203333333342,13863.72,27.840000000000032,1,26.42,0
2020-06-25,7.45,41.47,33.96,995.52,18.6,76.51,Mundali_Barrage_Cuttack,Mahanadi,822.06,2406.28,26.42,26.5,27.5,29.2,369.19507715283834,234.45,0.73,242.62999999999997,355.90999999999997,28.9,-2.479999999999997,19576.716666666674,14046.145,17.730000000000018,0,26.31,0
2020-06-26,63.9,40.79,32.6,993.03,28.42,100.0,Mundali_Barrage_Cuttack,Mahanadi,6922.27,14990.23,26.31,26.5,27.5,29.2,377.71581557991254,7.45,234.45,305.8,393.65,26.42,-0.11000000000000298,24159.42333333334,3872.165,20.220000000000027,0,24.64,0
2020-06-27,5.9,33.65,22.18,996.86,12.4,89.92,Mundali_Barrage_Cuttack,Mahanadi,745.96,2115.28,24.64,26.5,27.5,29.2,326.9584432429256,63.9,7.45,77.25,378.29999999999995,26.31,-1.6699999999999982,6503.930000000008,3834.1150000000002,16.389999999999986,0,24.07,0
2020-06-28,31.53,37.22,28.74,996.49,22.54,86.56,Mundali_Barrage_Cuttack,Mahanadi,1393.15,5134.37,24.07,26.5,27.5,29.2,309.44467675648673,5.9,63.9,101.33,377.73,24.64,-0.5700000000000003,7413.293333333341,1069.555,16.75999999999999,0,25.49,0
2020-06-29,97.56,37.51,28.47,989.41,39.76,100.0,Mundali_Barrage_Cuttack,Mahanadi,8535.44,19498.27,25.49,26.5,27.5,29.2,360.5879752430137,31.53,5.9,134.99,441.52,24.07,1.4199999999999982,8915.97333333334,4964.295,23.840000000000032,0,29.56,3
2020-06-30,170.7,35.65,28.96,983.23,56.04,100.0,Mundali_Barrage_Cuttack,Mahanadi,25671.96,47712.22,29.56,26.5,27.5,29.2,477.19977895656166,97.56,31.53,299.78999999999996,611.49,25.49,4.07,24114.95333333334,17103.7,30.019999999999982,1,26.9,1
2020-07-01,13.72,42.03,35.66,994.01,18.63,86.77,Mundali_Barrage_Cuttack,Mahanadi,885.32,3320.27,26.9,26.5,27.5,29.2,419.3398121130774,170.7,97.56,281.98,390.75999999999993,29.56,-2.66,23510.25333333334,13278.64,19.24000000000001,0,25.0,0
2020-07-02,4.6,41.03,32.62,998.43,12.65,81.57,Mundali_Barrage_Cuttack,Mahanadi,720.91,2106.75,25.0,26.5,27.5,29.2,361.03884029611584,13.72,170.7,189.01999999999998,387.90999999999997,26.9,-1.8999999999999986,17713.080000000005,803.115,14.82000000000005,0,24.01,0
2020-07-03,13.92,36.53,30.18,996.18,23.98,92.13,Mundali_Barrage_Cuttack,Mahanadi,903.54,2951.47,24.01,26.5,27.5,29.2,320.80301425169847,4.6,13.72,32.24,337.92999999999995,25.0,-0.9899999999999984,2792.830000000007,812.2249999999999,17.07000000000005,0,24.05,0
2020-07-04,57.54,40.51,31.27,991.7,28.76,95.3,Mundali_Barrage_Cuttack,Mahanadi,2245.1,8293.25,24.05,26.5,27.5,29.2,330.2225621139437,13.92,4.6,76.06,389.56999999999994,24.01,0.03999999999999915,4450.490000000007,1574.32,21.549999999999955,0,24.64,0
2020-07-05,66.81,36.85,29.94,991.33,36.62,95.11,Mundali_Barrage_Cuttack,Mahanadi,5476.26,13312.99,24.64,26.5,27.5,29.2,347.4991777968521,57.54,13.92,138.27,424.84999999999997,24.05,0.5899999999999999,8185.90333333334,3860.6800000000003,21.91999999999996,0,23.61,0
2020-07-06,2.35,39.48,28.51,998.09,14.45,78.55,Mundali_Barrage_Cuttack,Mahanadi,507.89,1846.74,23.61,26.5,27.5,29.2,297.7243011273243,66.81,57.54,126.7,329.64,24.64,-1.0300000000000011,7817.660000000007,2992.0750000000003,15.159999999999968,0,23.32,0
2020-07-07,27.85,37.14,25.5,995.68,22.27,77.69,Mundali_Barrage_Cuttack,Mahanadi,1421.02,4910.08,23.32,26.5,27.5,29.2,280.9156559582256,2.35,66.81,97.01,186.78999999999996,23.61,-0.28999999999999915,6689.936666666673,964.4549999999999,17.57000000000005,0,22.95,0
2020-07-08,24.33,38.2,27.34,997.61,18.31,93.52,Mundali_Barrage_Cuttack,Mahanadi,1198.83,4394.06,22.95,26.5,27.5,29.2,263.1083075644918,27.85,2.35,54.53,197.39999999999998,23.32,-0.370000000000001,3716.9600000000078,1309.925,15.639999999999986,0,22.54,0
2020-07-09,3.97,36.2,29.87,998.06,17.51,84.23,Mundali_Barrage_Cuttack,Mahanadi,595.8,2016.29,22.54,26.5,27.5,29.2,227.612061429818,24.33,27.85,56.15,196.76999999999998,22.95,-0.41000000000000014,3773.476666666674,897.3149999999999,15.190000000000055,0,22.35,0
2020-07-10,13.53,37.6,26.68,995.07,18.36,92.1,Mundali_Barrage_Cuttack,Mahanadi,874.9,2687.18,22.35,26.5,27.5,29.2,207.00025221534528,3.97,24.33,41.83,196.37999999999997,22.54,-0.18999999999999773,3032.5100000000075,735.3499999999999,18.17999999999995,0,22.21,0
2020-07-11,12.2,41.44,31.65,995.59,18.45,92.39,Mundali_Barrage_Cuttack,Mahanadi,769.21,2621.96,22.21,26.5,27.5,29.2,188.15021438304348,13.53,3.97,29.7,151.03999999999996,22.35,-0.14000000000000057,2441.810000000007,822.0550000000001,17.659999999999968,0,22.2,0
2020-07-12,14.97,43.53,36.21,996.44,21.05,96.17,Mundali_Barrage_Cuttack,Mahanadi,865.11,3125.15,22.2,26.5,27.5,29.2,174.89768222558695,12.2,13.53,40.7,99.19999999999997,22.21,-0.010000000000001563,2811.4300000000076,817.1600000000001,16.809999999999945,0,26.99,1
2020-07-13,166.38,39.35,31.99,988.4,53.82,100.0,Mundali_Barrage_Cuttack,Mahanadi,22713.29,43784.97,26.99,26.5,27.5,29.2,315.0430298917489,14.97,12.2,193.55,263.22999999999996,22.2,4.789999999999999,16510.69333333334,11789.2,24.850000000000023,1,25.3,0
2020-07-14,16.33,38.12,29.8,994.2,17.7,84.09,Mundali_Barrage_Cuttack,Mahanadi,962.14,3453.72,25.3,26.5,27.5,29.2,284.11657540798655,166.38,14.97,197.68,251.70999999999992,26.99,-1.6899999999999977,16787.946666666674,11837.715,19.049999999999955,0,24.26,0
2020-07-15,20.07,41.41,34.54,994.23,16.83,88.07,Mundali_Barrage_Cuttack,Mahanadi,1077.03,3799.4,24.26,26.5,27.5,29.2,261.56908909678856,16.33,166.38,202.78000000000003,247.44999999999996,25.3,-1.0399999999999991,17012.696666666674,1019.585,19.019999999999982,0,23.22,0
2020-07-16,2.07,41.35,32.0,996.14,15.04,75.94,Mundali_Barrage_Cuttack,Mahanadi,593.0,1670.79,23.22,26.5,27.5,29.2,224.40372573227026,20.07,16.33,38.47000000000003,245.54999999999995,24.26,-1.0400000000000027,2974.636666666674,835.0150000000001,17.110000000000014,0,29.32,3
2020-07-17,240.94,38.43,31.96,982.78,73.96,100.0,Mundali_Barrage_Cuttack,Mahanadi,29142.96,57716.8,29.32,26.5,27.5,29.2,431.68316687242975,2.07,20.07,263.08000000000004,472.9599999999999,23.22,6.100000000000001,21062.33000000001,14867.98,30.470000000000027,1,26.59,1
2020-07-18,3.68,38.05,26.11,993.85,15.88,83.76,Mundali_Barrage_Cuttack,Mahanadi,528.06,1712.08,26.59,26.5,27.5,29.2,370.6106918415653,240.94,2.07,246.69000000000005,464.43999999999994,29.32,-2.7300000000000004,20366.556666666675,14835.51,19.399999999999977,0,24.87,0
2020-07-19,4.31,37.99,31.96,995.89,18.54,90.22,Mundali_Barrage_Cuttack,Mahanadi,625.64,2055.41,24.87,26.5,27.5,29.2,319.3290880653305,3.68,240.94,248.93000000000006,453.7799999999999,26.59,-1.7199999999999989,20494.76333333334,576.8499999999999,17.360000000000014,0,24.03,0
2020-07-20,14.81,38.92,30.91,995.02,18.03,88.98,Mundali_Barrage_Cuttack,Mahanadi,858.95,3198.04,24.03,26.5,27.5,29.2,286.23972485553094,4.31,3.68,22.800000000000058,302.21,24.87,-0.8399999999999999,2321.8433333333405,742.2950000000001,18.230000000000018,0,23.73,0
2020-07-21,36.52,36.94,30.36,992.96,24.62,90.28,Mundali_Barrage_Cuttack,Mahanadi,1598.85,5758.31,23.73,26.5,27.5,29.2,279.8237661272013,14.81,4.31,55.64000000000006,322.4,24.03,-0.3000000000000007,3670.586666666674,1228.9,20.289999999999964,0,23.48,0
2020-07-22,31.69,41.44,35.0,994.03,19.23,84.95,Mundali_Barrage_Cuttack,Mahanadi,1358.85,4925.8,23.48,26.5,27.5,29.2,269.5402012081211,36.52,14.81,83.02000000000007,334.02,23.73,-0.25,4627.383333333341,1478.85,19.220000000000027,0,23.37,0
2020-07-23,42.71,40.89,29.91,992.92,23.17,87.95,Mundali_Barrage_Cuttack,Mahanadi,1684.82,6282.25,23.37,26.5,27.5,29.2,271.81917102690295,31.69,36.52,110.92000000000006,374.65999999999997,23.48,-0.10999999999999943,5655.453333333341,1521.835,20.33000000000004,0,22.87,0
2020-07-24,14.76,40.97,32.96,994.31,16.03,94.42,Mundali_Barrage_Cuttack,Mahanadi,966.17,3188.78,22.87,26.5,27.5,29.2,245.80629537286748,42.71,31.69,89.16000000000007,148.48,23.37,-0.5,4798.943333333341,1325.4950000000001,18.940000000000055,0,22.76,0
2020-07-25,24.18,40.73,34.37,994.97,17.66,91.38,Mundali_Barrage_Cuttack,Mahanadi,1221.9,4389.59,22.76,26.5,27.5,29.2,233.11535106693736,14.76,42.71,81.65000000000006,168.97999999999996,22.87,-0.10999999999999943,4620.206666666673,1094.0350000000003,18.279999999999973,0,22.56,0
2020-07-26,15.05,41.13,29.15,991.36,18.96,82.37,Mundali_Barrage_Cuttack,Mahanadi,860.6,3138.6,22.56,26.5,27.5,29.2,213.19804840689676,24.18,14.76,53.99000000000005,179.71999999999997,22.76,-0.20000000000000284,3572.3233333333405,1041.2500000000002,21.889999999999986,0,22.27,0
2020-07-27,14.12,42.94,34.04,993.4,12.03,80.98,Mundali_Barrage_Cuttack,Mahanadi,982.75,2985.37,22.27,26.5,27.5,29.2,195.33834114586224,15.05,24.18,53.35000000000006,179.02999999999997,22.56,-0.28999999999999915,3504.5200000000073,921.6750000000002,19.850000000000023,0,22.41,0
2020-07-28,25.22,40.07,30.75,992.63,16.12,91.26,Mundali_Barrage_Cuttack,Mahanadi,1332.47,4511.91,22.41,26.5,27.5,29.2,191.2575899739829,14.12,15.05,54.39000000000006,167.73,22.27,0.14000000000000057,3545.2933333333403,1157.6100000000001,20.620000000000005,0,27.72,2
2020-07-29,161.19,41.02,33.45,988.51,56.14,100.0,Mundali_Barrage_Cuttack,Mahanadi,27759.49,49952.6,27.72,26.5,27.5,29.2,323.7589514778855,25.22,14.12,200.53000000000006,297.22999999999996,22.41,5.309999999999999,19149.960000000006,14545.980000000001,24.74000000000001,1,26.33,0
2020-07-30,44.54,39.91,33.11,996.99,23.54,87.52,Mundali_Barrage_Cuttack,Mahanadi,1877.83,6854.52,26.33,26.5,27.5,29.2,319.7351087562027,161.19,25.22,230.95000000000005,299.06,27.72,-1.3900000000000006,20439.67666666667,14818.66,16.25999999999999,0,25.05,0
2020-07-31,25.61,36.83,26.42,994.42,20.59,87.88,Mundali_Barrage_Cuttack,Mahanadi,1248.79,4486.25,25.05,26.5,27.5,29.2,297.3848424427723,44.54,161.19,231.34000000000006,309.90999999999997,26.33,-1.2799999999999976,20431.12333333334,1563.31,18.83000000000004,0,25.75,0
2020-08-01,79.47,38.8,29.04,991.14,27.3,100.0,Mundali_Barrage_Cuttack,Mahanadi,7654.73,16930.87,25.75,26.5,27.5,29.2,332.24711607635646,25.61,44.54,149.62000000000006,365.2,25.05,0.6999999999999993,9423.880000000006,4451.76,22.110000000000014,0,24.67,0
2020-08-02,20.63,41.11,29.77,996.37,22.92,90.15,Mundali_Barrage_Cuttack,Mahanadi,1067.92,3865.96,24.67,26.5,27.5,29.2,303.040048664903,79.47,25.61,125.71000000000006,370.78,25.75,-1.0799999999999983,8427.69333333334,4361.325,16.879999999999995,0,23.73,0
2020-08-03,15.72,41.01,33.93,996.3,15.43,83.53,Mundali_Barrage_Cuttack,Mahanadi,1008.26,3466.42,23.73,26.5,27.5,29.2,273.30404136516756,20.63,79.47,115.82000000000005,372.38,24.67,-0.9400000000000013,8087.750000000007,1038.0900000000001,16.950000000000045,0,23.07,0
2020-08-04,7.94,45.05,36.49,997.52,13.81,85.38,Mundali_Barrage_Cuttack,Mahanadi,726.99,2140.78,23.07,26.5,27.5,29.2,240.24843516039243,15.72,20.63,44.290000000000056,355.09999999999997,23.73,-0.6600000000000001,3157.720000000007,867.625,15.730000000000018,0,22.58,0
2020-08-05,2.57,37.89,30.19,995.99,18.36,80.79,Mundali_Barrage_Cuttack,Mahanadi,620.19,1719.0,22.58,26.5,27.5,29.2,206.78116988633354,7.94,15.72,26.230000000000057,196.48,23.07,-0.490000000000002,2442.0666666666743,673.59,17.25999999999999,0,22.25,0
2020-08-06,0.39,43.08,31.48,996.88,13.78,87.11,Mundali_Barrage_Cuttack,Mahanadi,471.82,1635.43,22.25,26.5,27.5,29.2,176.1539944033835,2.57,7.94,10.900000000000057,152.32999999999998,22.58,-0.3299999999999983,1831.736666666674,546.005,16.370000000000005,0,22.42,0
2020-08-07,23.28,41.97,29.99,994.9,16.9,94.02,Mundali_Barrage_Cuttack,Mahanadi,1239.22,4132.69,22.42,26.5,27.5,29.2,173.010895242876,0.39,2.57,26.24000000000006,149.99999999999997,22.25,0.1700000000000017,2495.7066666666738,855.52,18.350000000000023,0,26.64,1
2020-08-08,163.97,40.52,33.2,986.84,61.14,100.0,Mundali_Barrage_Cuttack,Mahanadi,19240.5,38842.31,26.64,26.5,27.5,29.2,311.02926095644455,23.28,0.39,187.64000000000004,234.49999999999997,22.42,4.219999999999999,14870.14333333334,10239.86,26.409999999999968,1,24.97,0
2020-08-09,7.65,39.58,31.12,997.16,17.59,85.23,Mundali_Barrage_Cuttack,Mahanadi,817.06,2513.75,24.97,26.5,27.5,29.2,272.02487181297784,163.97,23.28,194.9000000000001,221.51999999999998,26.64,-1.6700000000000017,15162.916666666673,10028.78,16.090000000000032,0,23.91,0
2020-08-10,10.12,42.73,30.94,996.97,13.57,83.62,Mundali_Barrage_Cuttack,Mahanadi,884.93,2927.3,23.91,26.5,27.5,29.2,241.34114104103116,7.65,163.97,181.74000000000007,215.92,24.97,-1.0599999999999987,14761.120000000008,850.9949999999999,16.279999999999973,0,23.6,0
2020-08-11,31.19,38.53,29.5,994.66,19.74,82.46,Mundali_Barrage_Cuttack,Mahanadi,1367.31,5244.68,23.6,26.5,27.5,29.2,236.32996988487648,10.12,7.65,48.960000000000086,239.17,23.91,-0.3099999999999987,3561.910000000007,1126.12,18.590000000000032,0,23.31,0
2020-08-12,29.02,40.34,32.72,992.13,23.04,87.53,Mundali_Barrage_Cuttack,Mahanadi,1319.76,4794.99,23.31,26.5,27.5,29.2,229.90047440214502,31.19,10.12,70.33000000000008,265.61999999999995,23.6,-0.2900000000000027,4322.323333333341,1343.5349999999999,21.120000000000005,0,24.3,0
2020-08-13,67.19,42.25,31.17,992.37,26.27,96.37,Mundali_Barrage_Cuttack,Mahanadi,6431.39,14383.92,24.3,26.5,27.5,29.2,262.6054032418233,29.02,31.19,127.40000000000008,332.41999999999996,23.31,0.990000000000002,8141.196666666674,3875.575,20.879999999999995,0,23.29,0
2020-08-14,1.81,40.88,32.98,995.21,15.23,83.61,Mundali_Barrage_Cuttack,Mahanadi,467.99,1360.98,23.29,26.5,27.5,29.2,225.0245927555498,67.19,29.02,98.02000000000008,310.95,24.3,-1.0100000000000016,6846.630000000007,3449.69,18.039999999999964,0,22.74,0
2020-08-15,10.09,42.34,35.46,996.22,17.52,85.73,Mundali_Barrage_Cuttack,Mahanadi,848.59,2602.2,22.74,26.5,27.5,29.2,201.36090384221734,1.81,67.19,79.09000000000009,157.06999999999996,23.29,-0.5500000000000007,6115.700000000007,658.29,17.029999999999973,0,22.72,0
2020-08-16,32.13,46.03,36.97,994.09,20.95,88.0,Mundali_Barrage_Cuttack,Mahanadi,1477.39,5166.76,22.72,26.5,27.5,29.2,203.28676826588472,10.09,1.81,44.030000000000086,181.54999999999995,22.74,-0.019999999999999574,3043.313333333341,1162.9900000000002,19.159999999999968,0,22.9,0
2020-08-17,45.4,44.03,33.52,991.39,27.8,93.49,Mundali_Barrage_Cuttack,Mahanadi,1925.12,6814.89,22.9,26.5,27.5,29.2,218.193753026002,32.13,10.09,87.62000000000009,216.82999999999996,22.72,0.17999999999999972,4861.283333333341,1701.255,21.860000000000014,0,22.45,0
2020-08-18,3.95,43.4,35.88,997.49,14.79,83.55,Mundali_Barrage_Cuttack,Mahanadi,627.03,2116.67,22.45,26.5,27.5,29.2,189.4146900721017,45.4,32.13,81.48000000000008,189.58999999999997,22.9,-0.4499999999999993,4699.440000000007,1276.075,15.759999999999991,0,22.02,0
2020-08-19,1.54,44.15,35.85,995.78,15.4,80.79,Mundali_Barrage_Cuttack,Mahanadi,454.06,1217.38,22.02,26.5,27.5,29.2,162.54248656128644,3.95,45.4,50.890000000000086,162.10999999999999,22.45,-0.4299999999999997,3382.9800000000073,540.5450000000001,17.470000000000027,0,22.21,0
2020-08-20,22.29,42.0,32.38,997.37,23.4,87.93,Mundali_Barrage_Cuttack,Mahanadi,1198.22,4142.64,22.21,26.5,27.5,29.2,160.45111357709345,1.54,3.95,27.780000000000086,117.20999999999998,22.02,0.19000000000000128,2492.2300000000073,826.1400000000001,15.879999999999995,0,22.69,0
2020-08-21,49.54,44.31,36.13,994.61,27.47,99.9,Mundali_Barrage_Cuttack,Mahanadi,2083.58,7418.31,22.69,26.5,27.5,29.2,185.92344654052943,22.29,1.54,73.37000000000009,164.93999999999997,22.21,0.4800000000000004,4259.443333333341,1640.9,18.639999999999986,0,22.25,0
2020-08-22,3.34,42.07,32.29,996.08,12.09,78.82,Mundali_Barrage_Cuttack,Mahanadi,563.47,1777.48,22.25,26.5,27.5,29.2,161.37492955945,49.54,22.29,75.17000000000007,158.18999999999997,22.69,-0.4400000000000013,4446.143333333341,1323.525,17.16999999999996,0,23.74,0
2020-08-23,79.75,40.93,34.1,993.24,34.01,100.0,Mundali_Barrage_Cuttack,Mahanadi,6473.22,15692.62,23.74,26.5,27.5,29.2,216.9186901255325,3.34,49.54,132.63000000000008,205.80999999999997,22.25,1.4899999999999984,8296.136666666675,3518.3450000000003,20.00999999999999,0,25.6,0
2020-08-24,104.17,39.3,30.17,987.87,43.08,100.0,Mundali_Barrage_Cuttack,Mahanadi,10155.29,22147.68,25.6,26.5,27.5,29.2,288.5508866067026,79.75,3.34,187.2600000000001,264.58,23.74,1.860000000000003,13205.926666666675,8314.255000000001,25.379999999999995,0,24.38,0
2020-08-25,19.72,41.72,31.74,994.66,14.27,96.65,Mundali_Barrage_Cuttack,Mahanadi,1039.41,3912.96,24.38,26.5,27.5,29.2,264.9882536156972,104.17,79.75,203.6400000000001,280.34999999999997,25.6,-1.2200000000000024,13917.753333333343,5597.35,18.590000000000032,0,23.58,0
2020-08-26,15.36,43.15,33.26,994.35,14.24,75.03,Mundali_Barrage_Cuttack,Mahanadi,930.95,3187.84,23.58,26.5,27.5,29.2,240.6000155733426,19.72,104.17,139.25000000000009,294.16999999999996,24.38,-0.8000000000000007,9749.493333333341,985.1800000000001,18.899999999999977,0,22.96,0
2020-08-27,8.3,38.14,28.57,995.72,16.07,84.6,Mundali_Barrage_Cuttack,Mahanadi,824.95,2843.09,22.96,26.5,27.5,29.2,212.81001323734122,15.36,19.72,43.38000000000008,280.18,23.58,-0.6199999999999974,3314.6300000000083,877.95,17.529999999999973,0,24.72,0
2020-08-28,70.96,39.41,33.41,991.13,29.6,100.0,Mundali_Barrage_Cuttack,Mahanadi,9989.71,19291.46,24.72,26.5,27.5,29.2,251.84851125174004,8.3,15.36,94.62000000000008,301.59999999999997,22.96,1.759999999999998,8440.796666666674,5407.33,22.120000000000005,0,28.67,2
2020-08-29,182.2,42.03,35.32,986.18,53.02,100.0,Mundali_Barrage_Cuttack,Mahanadi,21764.87,43746.84,28.67,26.5,27.5,29.2,396.271234563979,70.96,8.3,261.46000000000004,480.46,24.72,3.950000000000003,21960.463333333337,15877.289999999999,27.07000000000005,1,26.49,0
2020-08-30,13.15,41.14,34.93,995.7,16.97,83.68,Mundali_Barrage_Cuttack,Mahanadi,961.67,3424.98,26.49,26.5,27.5,29.2,349.9805493793821,182.2,70.96,266.31000000000006,413.8599999999999,28.67,-2.1800000000000033,22154.426666666677,11363.269999999999,17.549999999999955,0,25.46,0
2020-08-31,45.4,46.17,37.11,992.37,26.18,95.51,Mundali_Barrage_Cuttack,Mahanadi,1888.39,7166.32,25.46,26.5,27.5,29.2,342.88346697247476,13.15,182.2,240.75000000000006,355.09,26.49,-1.0299999999999976,18112.713333333337,1425.03,20.879999999999995,0,24.37,0
2020-09-01,18.48,40.77,31.54,996.13,19.49,84.73,Mundali_Barrage_Cuttack,Mahanadi,976.1,3329.6,24.37,26.5,27.5,29.2,309.93094692660355,45.4,13.15,77.03000000000009,353.8499999999999,25.46,-1.0899999999999999,4640.3000000000075,1432.245,17.120000000000005,0,28.41,2
2020-09-02,142.39,43.77,35.75,986.63,46.41,100.0,Mundali_Barrage_Cuttack,Mahanadi,24366.37,43666.32,28.41,26.5,27.5,29.2,405.831304887613,18.48,45.4,206.27000000000007,480.8799999999999,24.37,4.039999999999999,18054.080000000005,12671.234999999999,26.620000000000005,1,28.63,2
2020-09-03,105.52,38.94,30.43,990.38,43.14,100.0,Mundali_Barrage_Cuttack,Mahanadi,10757.0,23218.84,28.63,26.5,27.5,29.2,450.476609154471,142.39,18.48,266.39000000000004,578.0999999999999,28.41,0.21999999999999886,23404.92000000001,17561.684999999998,22.870000000000005,0,28.09,2
2020-09-04,66.0,41.07,29.35,991.57,30.05,100.0,Mundali_Barrage_Cuttack,Mahanadi,8262.43,16856.95,28.09,26.5,27.5,29.2,448.90511778130036,105.52,142.39,313.9100000000001,573.1399999999999,28.63,-0.5399999999999991,27914.03666666667,9509.715,21.67999999999995,0,25.9,0
2020-09-05,9.91,43.48,36.75,994.58,13.8,86.57,Mundali_Barrage_Cuttack,Mahanadi,895.67,2755.13,25.9,26.5,27.5,29.2,391.47935011410533,66.0,105.52,181.4300000000001,400.84999999999997,28.09,-2.1900000000000013,14276.97333333334,4579.05,18.66999999999996,0,24.3,0
2020-09-06,2.05,43.56,34.29,995.18,16.27,80.55,Mundali_Barrage_Cuttack,Mahanadi,479.78,1531.76,24.3,26.5,27.5,29.2,334.8074475969895,9.91,66.0,77.96000000000008,389.74999999999994,25.9,-1.5999999999999979,7047.946666666674,687.7249999999999,18.07000000000005,0,23.32,0
2020-09-07,5.18,42.64,32.02,995.2,13.38,79.1,Mundali_Barrage_Cuttack,Mahanadi,586.51,2155.49,23.32,26.5,27.5,29.2,289.7663304574411,2.05,9.91,17.140000000000086,349.53,24.3,-0.9800000000000004,2147.4600000000073,533.145,18.049999999999955,0,22.88,0
2020-09-08,9.55,44.52,37.56,992.08,13.71,87.43,Mundali_Barrage_Cuttack,Mahanadi,793.25,2664.9,22.88,26.5,27.5,29.2,255.85138088882493,5.18,2.05,16.780000000000086,340.59999999999997,23.32,-0.4400000000000013,2117.3833333333405,689.88,21.16999999999996,0,22.59,0
2020-09-09,10.4,43.99,34.12,996.59,17.09,79.14,Mundali_Barrage_Cuttack,Mahanadi,712.05,2674.89,22.59,26.5,27.5,29.2,227.8736737555012,9.55,5.18,25.130000000000088,208.60999999999996,22.88,-0.28999999999999915,2498.426666666674,752.65,16.659999999999968,0,22.29,0
2020-09-10,2.56,41.71,34.06,995.7,13.49,82.15,Mundali_Barrage_Cuttack,Mahanadi,578.74,2116.94,22.29,26.5,27.5,29.2,196.252622692176,10.4,9.55,22.510000000000087,105.64999999999998,22.59,-0.3000000000000007,2485.5766666666736,645.395,17.549999999999955,0,22.02,0
2020-09-11,5.53,41.94,30.05,996.07,19.33,80.83,Mundali_Barrage_Cuttack,Mahanadi,765.2,2080.97,22.02,26.5,27.5,29.2,172.3447292883496,2.56,10.4,18.490000000000087,45.17999999999997,22.29,-0.2699999999999996,2290.9333333333407,671.97,17.17999999999995,0,22.03,0
2020-09-12,11.74,42.01,30.38,994.8,20.48,87.93,Mundali_Barrage_Cuttack,Mahanadi,788.75,2806.87,22.03,26.5,27.5,29.2,158.2330198950972,5.53,2.56,19.830000000000084,47.00999999999997,22.02,0.010000000000001563,2334.926666666674,776.975,18.450000000000045,0,21.88,0
2020-09-13,2.0,44.87,36.73,993.75,15.39,77.18,Mundali_Barrage_Cuttack,Mahanadi,481.13,1873.6,21.88,26.5,27.5,29.2,136.4980669108326,11.74,5.53,19.27000000000009,46.95999999999997,22.03,-0.15000000000000213,2253.813333333341,634.94,19.5,0,22.53,0
2020-09-14,47.15,42.26,34.84,992.66,28.73,89.29,Mundali_Barrage_Cuttack,Mahanadi,1923.09,7225.01,22.53,26.5,27.5,29.2,163.17335687420768,2.0,11.74,60.890000000000086,88.92999999999998,21.88,0.6500000000000021,3968.4933333333406,1202.11,20.590000000000032,0,22.57,0
2020-09-15,25.72,45.02,37.8,993.76,24.66,88.99,Mundali_Barrage_Cuttack,Mahanadi,1246.47,4441.58,22.57,26.5,27.5,29.2,164.4173533430765,47.15,2.0,74.87000000000009,105.09999999999997,22.53,0.03999999999999915,4513.396666666675,1584.7799999999997,19.49000000000001,0,27.57,2
2020-09-16,208.11,45.45,39.3,981.85,62.7,100.0,Mundali_Barrage_Cuttack,Mahanadi,21558.47,45656.06,27.57,26.5,27.5,29.2,347.86475034161504,25.72,47.15,280.98000000000013,302.80999999999995,22.57,5.0,19107.550000000007,11402.470000000001,31.399999999999977,1,25.45,0
2020-09-17,1.61,41.67,35.19,993.83,13.05,78.54,Mundali_Barrage_Cuttack,Mahanadi,578.93,1973.25,25.45,26.5,27.5,29.2,297.29503779037276,208.11,25.72,235.4400000000001,301.85999999999996,27.57,-2.120000000000001,17356.96333333334,11068.7,19.41999999999996,0,24.02,0
2020-09-18,2.63,42.88,36.14,995.52,16.08,81.72,Mundali_Barrage_Cuttack,Mahanadi,489.46,1714.39,24.02,26.5,27.5,29.2,255.33078212181684,1.61,208.11,212.3500000000001,298.96,25.45,-1.4299999999999997,16447.90000000001,534.1949999999999,17.730000000000018,0,23.27,0
2020-09-19,4.94,44.24,34.96,994.49,15.65,88.46,Mundali_Barrage_Cuttack,Mahanadi,676.47,2000.94,23.27,26.5,27.5,29.2,221.9711648035443,2.63,1.61,9.180000000000085,292.15999999999997,24.02,-0.75,1896.193333333343,582.9649999999999,18.75999999999999,0,22.98,0
2020-09-20,21.41,40.74,30.18,992.5,20.5,87.74,Mundali_Barrage_Cuttack,Mahanadi,1186.81,4070.52,22.98,26.5,27.5,29.2,210.08549008301264,4.94,2.63,28.980000000000086,311.57,23.27,-0.28999999999999915,2595.2833333333433,931.6399999999999,20.75,0,23.13,0
2020-09-21,37.5,42.46,35.1,991.25,24.28,94.13,Mundali_Barrage_Cuttack,Mahanadi,1568.03,6163.54,23.13,26.5,27.5,29.2,216.07266657056076,21.41,4.94,63.85000000000009,301.91999999999996,22.98,0.14999999999999858,4078.333333333343,1377.4199999999998,22.0,0,22.73,0
2020-09-22,15.43,42.83,33.89,995.88,19.95,85.37,Mundali_Barrage_Cuttack,Mahanadi,1062.63,3432.44,22.73,26.5,27.5,29.2,199.09176658497665,37.5,21.41,74.34000000000009,291.63,23.13,-0.3999999999999986,4555.50000000001,1315.33,17.370000000000005,0,22.64,0
2020-09-23,23.56,41.88,33.28,996.19,18.71,94.08,Mundali_Barrage_Cuttack,Mahanadi,1176.04,3978.63,22.64,26.5,27.5,29.2,192.78800159723016,15.43,37.5,76.49000000000008,107.07999999999997,22.73,-0.08999999999999986,4524.870000000009,1119.335,17.059999999999945,0,22.93,0
2020-09-24,44.23,45.76,34.93,994.41,24.06,100.0,Mundali_Barrage_Cuttack,Mahanadi,1736.42,6318.01,22.93,26.5,27.5,29.2,208.09980135764562,23.56,15.43,83.22000000000008,149.7,22.64,0.28999999999999915,4576.36000000001,1456.23,18.840000000000032,0,22.41,0
2020-09-25,1.47,41.87,31.38,998.82,18.34,75.41,Mundali_Barrage_Cuttack,Mahanadi,480.49,1491.66,22.41,26.5,27.5,29.2,178.35483115399876,44.23,23.56,69.26000000000008,148.54,22.93,-0.5199999999999996,3929.433333333343,1108.455,14.42999999999995,0,22.22,0
2020-09-26,5.78,40.16,32.41,995.98,15.09,92.06,Mundali_Barrage_Cuttack,Mahanadi,763.49,2445.56,22.22,26.5,27.5,29.2,157.38160648089894,1.47,44.23,51.48000000000009,149.38,22.41,-0.19000000000000128,3418.4100000000094,621.9899999999999,17.269999999999982,0,22.1,0
2020-09-27,6.81,41.23,29.84,991.71,21.27,85.17,Mundali_Barrage_Cuttack,Mahanadi,688.92,2234.66,22.1,26.5,27.5,29.2,140.5843655087641,5.78,1.47,14.060000000000084,134.77999999999997,22.22,-0.11999999999999744,2057.293333333343,726.2049999999999,21.539999999999964,0,22.03,0
2020-09-28,8.14,42.47,36.47,995.01,18.29,78.5,Mundali_Barrage_Cuttack,Mahanadi,758.99,2699.56,22.03,26.5,27.5,29.2,127.63671068244949,6.81,5.78,20.730000000000082,105.41999999999997,22.1,-0.07000000000000028,2459.9266666666767,723.9549999999999,18.24000000000001,0,22.62,0
2020-09-29,51.16,43.95,34.35,991.85,29.45,100.0,Mundali_Barrage_Cuttack,Mahanadi,2048.13,7451.28,22.62,26.5,27.5,29.2,159.65120408008207,8.14,6.81,66.11000000000008,141.14999999999998,22.03,0.5899999999999999,4128.50000000001,1403.56,21.399999999999977,0,24.59,0
2020-09-30,103.75,45.5,39.09,987.78,42.96,100.0,Mundali_Barrage_Cuttack,Mahanadi,9079.62,20871.6,24.59,26.5,27.5,29.2,239.45352346806976,51.16,8.14,163.05000000000007,221.33999999999997,22.62,1.9699999999999989,10340.813333333343,5563.875,25.470000000000027,0,23.48,0
2020-10-01,0.0,45.33,37.29,1007.87,15.61,57.14,Mundali_Barrage_Cuttack,Mahanadi,502.96,1611.81,23.48,26.5,27.5,29.2,203.5354949478593,103.75,51.16,154.91000000000008,177.10999999999996,24.59,-1.1099999999999994,9978.230000000009,4791.29,5.3799999999999955,0,22.76,0
2020-10-02,0.0,44.03,34.81,1006.75,10.5,57.6,Mundali_Barrage_Cuttack,Mahanadi,529.68,1606.8,22.76,26.5,27.5,29.2,173.0051707056804,0.0,103.75,103.75000000000009,175.63999999999996,23.48,-0.7199999999999989,8030.07000000001,516.3200000000008,6.5,0,22.32,0
2020-10-03,0.97,45.23,35.22,1008.22,16.01,54.87,Mundali_Barrage_Cuttack,Mahanadi,527.76,1629.38,22.32,26.5,27.5,29.2,148.02439509982833,0.0,0.0,0.9700000000000852,170.82999999999996,22.76,-0.4400000000000013,1615.9966666666762,528.7200000000008,5.029999999999973,0,21.99,0
2020-10-04,0.0,39.61,33.29,1008.29,12.18,56.82,Mundali_Barrage_Cuttack,Mahanadi,589.42,1424.43,21.99,26.5,27.5,29.2,125.82073583485408,0.97,0.0,0.9700000000000852,164.01999999999998,22.32,-0.33000000000000185,1553.5366666666766,558.5900000000008,4.960000000000036,0,21.79,0
2020-10-05,0.0,47.01,40.01,1009.94,18.37,47.52,Mundali_Barrage_Cuttack,Mahanadi,465.13,1496.16,21.79,26.5,27.5,29.2,106.94762545962597,0.0,0.97,0.9700000000000852,155.87999999999997,21.99,-0.1999999999999993,1516.6566666666765,527.2750000000009,3.3099999999999454,0,21.75,0
2020-10-06,0.0,43.13,33.57,1008.19,15.7,49.75,Mundali_Barrage_Cuttack,Mahanadi,574.27,1966.68,21.75,26.5,27.5,29.2,90.90548164068207,0.0,0.0,0.0,104.71999999999997,21.79,-0.03999999999999915,1629.09000000001,519.700000000001,5.059999999999945,0,21.64,0
2020-10-07,0.0,49.27,41.26,1006.31,9.76,55.45,Mundali_Barrage_Cuttack,Mahanadi,401.19,1231.6,21.64,26.5,27.5,29.2,77.26965939457976,0.0,0.0,0.0,0.9699999999999716,21.75,-0.10999999999999943,1564.8133333333433,487.7300000000009,6.940000000000055,0,21.6,0
2020-10-08,0.22,46.8,38.17,1006.82,15.39,46.56,Mundali_Barrage_Cuttack,Mahanadi,580.41,1386.49,21.6,26.5,27.5,29.2,65.8992104853928,0.0,0.0,0.22000000000008527,1.1899999999999715,21.64,-0.03999999999999915,1528.2566666666764,490.80000000000086,6.42999999999995,0,21.56,0
2020-10-09,0.0,42.95,34.98,1009.23,7.77,53.4,Mundali_Barrage_Cuttack,Mahanadi,431.54,1479.83,21.56,26.5,27.5,29.2,56.01432891258388,0.22,0.0,0.22000000000008527,1.1899999999999715,21.6,-0.0400000000000027,1365.9733333333431,505.9750000000008,4.019999999999982,0,21.48,0
2020-10-10,2.01,42.71,36.2,1010.44,14.56,57.97,Mundali_Barrage_Cuttack,Mahanadi,603.97,1899.64,21.48,26.5,27.5,29.2,49.62217957569629,0.0,0.22,2.2300000000000852,2.229999999999971,21.56,-0.0799999999999983,1588.653333333343,517.7550000000009,2.8099999999999454,0,21.54,0
2020-10-11,0.0,37.5,31.05,1007.06,11.85,51.95,Mundali_Barrage_Cuttack,Mahanadi,462.15,1211.02,21.54,26.5,27.5,29.2,42.17885263934185,2.01,0.0,2.010000000000085,2.229999999999971,21.48,0.05999999999999872,1530.163333333343,533.0600000000009,6.190000000000055,0,21.5,0
2020-10-12,0.0,43.13,36.41,1006.99,13.76,52.1,Mundali_Barrage_Cuttack,Mahanadi,523.63,1458.83,21.5,26.5,27.5,29.2,35.85202474344057,0.0,2.01,2.010000000000085,2.229999999999971,21.54,-0.03999999999999915,1523.163333333343,492.8900000000009,6.259999999999991,0,21.51,0
2020-10-13,0.0,41.84,33.14,1007.87,19.05,64.22,Mundali_Barrage_Cuttack,Mahanadi,479.02,1450.53,21.51,26.5,27.5,29.2,30.474221031924486,0.0,0.0,0.0,2.229999999999971,21.5,0.010000000000001563,1373.4600000000098,501.3250000000009,5.3799999999999955,0,21.5,0
2020-10-14,0.0,42.3,35.7,1006.78,18.8,59.01,Mundali_Barrage_Cuttack,Mahanadi,416.79,1291.2,21.5,26.5,27.5,29.2,25.903087877135814,0.0,0.0,0.0,2.229999999999971,21.51,-0.010000000000001563,1400.1866666666763,447.9050000000009,6.470000000000027,0,21.39,0
2020-10-15,0.0,40.53,29.98,1003.74,11.11,49.23,Mundali_Barrage_Cuttack,Mahanadi,448.75,1480.82,21.39,26.5,27.5,29.2,22.01762469556544,0.0,0.0,0.0,2.009999999999971,21.5,-0.10999999999999943,1407.5166666666764,432.7700000000009,9.509999999999991,0,21.46,0
2020-10-16,1.66,43.22,33.94,1009.05,12.1,49.35,Mundali_Barrage_Cuttack,Mahanadi,558.74,1932.5,21.46,26.5,27.5,29.2,20.374980991230625,0.0,0.0,1.6600000000000852,3.6699999999999706,21.39,0.07000000000000028,1568.1733333333432,503.7450000000009,4.2000000000000455,0,21.47,0
2020-10-17,0.0,40.9,34.8,1008.05,13.69,56.97,Mundali_Barrage_Cuttack,Mahanadi,463.31,1314.41,21.47,26.5,27.5,29.2,17.31873384254603,1.66,0.0,1.6600000000000852,1.659999999999971,21.46,0.00999999999999801,1575.9100000000096,511.0250000000009,5.2000000000000455,0,21.59,0
2020-10-18,2.87,43.0,36.25,1008.89,19.1,58.11,Mundali_Barrage_Cuttack,Mahanadi,642.62,2053.49,21.59,26.5,27.5,29.2,17.590923766164128,0.0,1.66,4.5300000000000855,4.529999999999971,21.47,0.120000000000001,1766.8000000000095,552.9650000000009,4.360000000000014,0,21.54,0
2020-10-19,0.0,44.23,34.49,1008.42,12.81,51.16,Mundali_Barrage_Cuttack,Mahanadi,496.31,1356.8,21.54,26.5,27.5,29.2,14.952285201239508,2.87,0.0,2.8700000000000854,4.529999999999971,21.59,-0.05000000000000071,1574.9000000000096,569.4650000000009,4.830000000000041,0,21.57,0
2020-10-20,0.0,44.23,36.42,1009.69,15.72,51.48,Mundali_Barrage_Cuttack,Mahanadi,570.31,1778.26,21.57,26.5,27.5,29.2,12.709442421053582,0.0,2.87,2.8700000000000854,4.529999999999971,21.54,0.030000000000001137,1729.5166666666762,533.3100000000009,3.5599999999999454,0,21.63,0
2020-10-21,0.0,41.78,33.82,1008.17,10.48,54.48,Mundali_Barrage_Cuttack,Mahanadi,415.25,1275.01,21.63,26.5,27.5,29.2,10.803026057895545,0.0,0.0,0.0,4.529999999999971,21.57,0.05999999999999872,1470.0233333333429,492.7800000000009,5.080000000000041,0,21.46,0
2020-10-22,0.0,42.06,31.44,1007.46,19.04,45.44,Mundali_Barrage_Cuttack,Mahanadi,548.28,1500.6,21.46,26.5,27.5,29.2,9.182572149211213,0.0,0.0,0.0,4.529999999999971,21.63,-0.16999999999999815,1517.9566666666763,481.7650000000009,5.789999999999964,0,24.09,0
2020-10-23,95.51,45.23,33.92,1001.93,38.12,79.36,Mundali_Barrage_Cuttack,Mahanadi,11226.81,23013.59,24.09,26.5,27.5,29.2,103.31518632682953,0.0,0.0,95.51000000000009,98.37999999999998,21.46,2.629999999999999,8596.40000000001,5887.545000000001,11.32000000000005,0,23.06,0
2020-10-24,0.0,42.21,30.6,1008.24,10.7,62.1,Mundali_Barrage_Cuttack,Mahanadi,446.49,1302.75,23.06,26.5,27.5,29.2,87.8179083778051,95.51,0.0,95.51000000000009,98.37999999999998,24.09,-1.0300000000000011,8605.646666666677,5836.650000000001,5.009999999999991,0,22.43,0
2020-10-25,0.0,45.0,34.41,1006.45,15.95,59.06,Mundali_Barrage_Cuttack,Mahanadi,462.83,1614.86,22.43,26.5,27.5,29.2,74.64522212113432,0.0,95.51,95.51000000000009,95.50999999999998,23.06,-0.629999999999999,8643.733333333343,454.6600000000009,6.7999999999999545,0,27.78,2
2020-10-26,151.96,40.54,28.64,997.25,56.04,100.0,Mundali_Barrage_Cuttack,Mahanadi,27933.33,49295.18,27.78,26.5,27.5,29.2,215.40843880296418,0.0,0.0,151.9600000000001,247.46999999999997,22.43,5.350000000000001,17404.263333333343,14198.080000000002,16.0,1,25.59,0
2020-10-27,0.0,41.87,30.65,1010.03,11.97,49.53,Mundali_Barrage_Cuttack,Mahanadi,515.63,1613.5,25.59,26.5,27.5,29.2,183.09717298251954,151.96,0.0,151.9600000000001,247.47,27.78,-2.1900000000000013,17507.846666666675,14224.480000000001,3.2200000000000273,0,24.2,0
2020-10-28,0.0,40.25,29.8,1011.18,13.27,45.55,Mundali_Barrage_Cuttack,Mahanadi,583.4,2022.9,24.2,26.5,27.5,29.2,155.6325970351416,0.0,151.96,151.9600000000001,247.47,25.59,-1.3900000000000006,17643.86000000001,549.515,2.07000000000005,0,23.42,0
2020-10-29,0.0,41.16,31.66,1007.79,19.05,60.0,Mundali_Barrage_Cuttack,Mahanadi,566.61,1730.38,23.42,26.5,27.5,29.2,132.28770747987036,0.0,0.0,0.0,247.47,24.2,-0.7799999999999976,1788.9266666666765,575.005,5.460000000000036,0,22.66,0
2020-10-30,0.0,42.61,36.57,1004.07,17.21,61.36,Mundali_Barrage_Cuttack,Mahanadi,581.02,1574.84,22.66,26.5,27.5,29.2,112.44455135788981,0.0,0.0,0.0,151.95999999999998,23.42,-0.7600000000000016,1776.0400000000097,573.815,9.17999999999995,0,27.32,1
2020-10-31,148.92,42.18,33.17,999.57,52.0,100.0,Mundali_Barrage_Cuttack,Mahanadi,24538.46,44686.95,27.32,26.5,27.5,29.2,244.49786865420631,0.0,0.0,148.92000000000007,300.88,22.66,4.66,15997.390000000009,12559.74,13.67999999999995,1,25.19,0
2020-11-01,0.0,41.99,33.14,1009.66,15.17,54.53,Mundali_Barrage_Cuttack,Mahanadi,522.4,1461.05,25.19,26.5,27.5,29.2,207.82318835607535,148.92,0.0,148.92000000000007,300.88,27.32,-2.129999999999999,15907.613333333344,12530.43,3.590000000000032,0,24.05,0
2020-11-02,4.97,40.67,31.37,1007.65,18.21,55.4,Mundali_Barrage_Cuttack,Mahanadi,685.48,1932.54,24.05,26.5,27.5,29.2,181.61971010266404,0.0,148.92,153.89000000000007,153.89,25.19,-1.1400000000000006,16026.846666666674,603.94,5.600000000000023,0,23.34,0
2020-11-03,0.0,40.86,29.03,1008.13,8.41,55.56,Mundali_Barrage_Cuttack,Mahanadi,579.87,1710.49,23.34,26.5,27.5,29.2,154.37675358726443,4.97,0.0,4.970000000000085,153.89,24.05,-0.7100000000000009,1701.3600000000097,632.675,5.1200000000000045,0,22.69,0
2020-11-04,0.0,40.2,33.43,1007.09,16.96,51.44,Mundali_Barrage_Cuttack,Mahanadi,412.45,1546.27,22.69,26.5,27.5,29.2,131.22024054917478,0.0,4.97,4.970000000000085,153.89,23.34,-0.6499999999999986,1729.7666666666762,496.15999999999997,6.159999999999968,0,22.23,0
2020-11-05,0.0,41.09,29.45,1006.55,10.01,54.69,Mundali_Barrage_Cuttack,Mahanadi,443.09,1135.3,22.23,26.5,27.5,29.2,111.53720446679856,0.0,0.0,0.0,153.89,22.69,-0.46000000000000085,1464.0200000000095,427.77,6.7000000000000455,0,21.99,0
2020-11-06,0.0,40.06,32.96,1009.47,12.56,56.8,Mundali_Barrage_Cuttack,Mahanadi,551.94,1685.48,21.99,26.5,27.5,29.2,94.80662379677877,0.0,0.0,0.0,153.89,22.23,-0.240000000000002,1455.6833333333432,497.515,3.7799999999999727,0,21.87,0
2020-11-07,0.0,41.12,30.42,1007.91,13.52,59.68,Mundali_Barrage_Cuttack,Mahanadi,578.91,1749.11,21.87,26.5,27.5,29.2,80.58563022726194,0.0,0.0,0.0,4.97,21.99,-0.11999999999999744,1523.2966666666762,565.425,5.340000000000032,0,21.68,0
2020-11-08,0.0,43.69,32.32,1007.62,17.29,47.17,Mundali_Barrage_Cuttack,Mahanadi,509.84,1696.8,21.68,26.5,27.5,29.2,68.49778569317264,0.0,0.0,0.0,4.97,21.87,-0.19000000000000128,1710.463333333343,544.375,5.6299999999999955,0,21.54,0
2020-11-09,0.0,35.83,28.16,1008.86,9.06,58.02,Mundali_Barrage_Cuttack,Mahanadi,581.66,1296.62,21.54,26.5,27.5,29.2,58.223117839196746,0.0,0.0,0.0,0.0,21.68,-0.14000000000000057,1580.843333333343,545.75,4.389999999999986,0,21.49,0
2020-11-10,0.0,40.2,33.28,1008.22,15.48,40.73,Mundali_Barrage_Cuttack,Mahanadi,477.69,1306.96,21.49,26.5,27.5,29.2,49.489650163317236,0.0,0.0,0.0,0.0,21.54,-0.05000000000000071,1433.4600000000098,529.675,5.029999999999973,0,21.5,0
2020-11-11,0.0,41.22,29.42,1007.19,13.52,57.15,Mundali_Barrage_Cuttack,Mahanadi,499.69,1843.39,21.5,26.5,27.5,29.2,42.06620263881965,0.0,0.0,0.0,0.0,21.49,0.010000000000001563,1482.3233333333428,488.68999999999994,6.059999999999945,0,21.51,0
2020-11-12,0.0,41.04,33.49,1008.04,19.57,52.59,Mundali_Barrage_Cuttack,Mahanadi,472.56,1554.06,21.51,26.5,27.5,29.2,35.7562722429967,0.0,0.0,0.0,0.0,21.5,0.010000000000001563,1568.1366666666763,486.12499999999994,5.210000000000036,0,21.49,0
2020-11-13,0.0,42.27,33.07,1005.29,10.47,53.32,Mundali_Barrage_Cuttack,Mahanadi,591.09,1488.91,21.49,26.5,27.5,29.2,30.392831406547195,0.0,0.0,0.0,0.0,21.51,-0.020000000000003126,1628.7866666666762,531.8249999999999,7.960000000000036,0,21.54,0
2020-11-14,0.0,46.58,39.22,1007.94,19.61,57.1,Mundali_Barrage_Cuttack,Mahanadi,593.85,1422.25,21.54,26.5,27.5,29.2,25.833906695565116,0.0,0.0,0.0,0.0,21.49,0.05000000000000071,1488.4066666666765,592.47,5.309999999999945,0,21.48,0
2020-11-15,0.0,38.36,27.72,1010.03,12.81,49.35,Mundali_Barrage_Cuttack,Mahanadi,429.43,1325.57,21.48,26.5,27.5,29.2,21.958820691230347,0.0,0.0,0.0,0.0,21.54,-0.05999999999999872,1412.243333333343,511.64,3.2200000000000273,0,21.5,0
2020-11-16,0.0,41.27,30.5,1010.27,8.47,59.46,Mundali_Barrage_Cuttack,Mahanadi,409.11,1345.8,21.5,26.5,27.5,29.2,18.664997587545795,0.0,0.0,0.0,0.0,21.48,0.019999999999999574,1364.5400000000097,419.27,2.980000000000018,0,21.52,0
2020-11-17,0.0,41.42,33.86,1005.69,5.29,57.96,Mundali_Barrage_Cuttack,Mahanadi,539.99,1573.92,21.52,26.5,27.5,29.2,15.865247949413925,0.0,0.0,0.0,0.0,21.5,0.019999999999999574,1415.0966666666764,474.54999999999995,7.559999999999945,0,21.53,0
2020-11-18,0.0,43.42,33.92,1008.3,11.49,62.12,Mundali_Barrage_Cuttack,Mahanadi,576.52,1540.03,21.53,26.5,27.5,29.2,13.485460757001837,0.0,0.0,0.0,0.0,21.52,0.010000000000001563,1486.583333333343,558.2549999999999,4.9500000000000455,0,21.51,0
2020-11-19,0.0,43.24,35.77,1007.57,11.75,48.77,Mundali_Barrage_Cuttack,Mahanadi,590.07,1518.98,21.51,26.5,27.5,29.2,11.462641643451562,0.0,0.0,0.0,0.0,21.53,-0.019999999999999574,1544.3100000000097,583.295,5.67999999999995,0,21.52,0
2020-11-20,0.0,37.4,28.25,1007.11,10.64,59.65,Mundali_Barrage_Cuttack,Mahanadi,536.36,1588.72,21.52,26.5,27.5,29.2,9.743245396933828,0.0,0.0,0.0,0.0,21.51,0.00999999999999801,1549.243333333343,563.2149999999999,6.139999999999986,0,21.49,0
2020-11-21,0.13,37.96,30.07,1006.16,7.97,54.53,Mundali_Barrage_Cuttack,Mahanadi,478.49,1403.24,21.49,26.5,27.5,29.2,8.411758587393754,0.0,0.0,0.13000000000008527,0.13,21.52,-0.030000000000001137,1503.6466666666765,507.42499999999995,7.090000000000032,0,21.43,0
2020-11-22,0.0,40.91,32.24,1008.55,14.87,55.23,Mundali_Barrage_Cuttack,Mahanadi,466.42,1411.77,21.43,26.5,27.5,29.2,7.14999479928469,0.13,0.0,0.13000000000008527,0.13,21.49,-0.05999999999999872,1467.9100000000096,472.4549999999999,4.7000000000000455,0,21.37,0
2020-11-23,0.0,42.49,35.96,1010.29,12.63,55.93,Mundali_Barrage_Cuttack,Mahanadi,563.49,1552.83,21.37,26.5,27.5,29.2,6.077495579391987,0.0,0.13,0.13000000000008527,0.13,21.43,-0.05999999999999872,1455.9466666666765,514.9549999999999,2.9600000000000364,0,21.33,0
2020-11-24,0.0,41.92,35.74,1007.35,13.58,61.03,Mundali_Barrage_Cuttack,Mahanadi,440.8,1377.61,21.33,26.5,27.5,29.2,5.165871242483188,0.0,0.0,0.0,0.13,21.37,-0.0400000000000027,1447.403333333343,502.14499999999987,5.899999999999977,0,21.48,0
2020-11-25,7.66,43.25,33.98,1005.25,14.77,53.9,Mundali_Barrage_Cuttack,Mahanadi,645.63,2187.74,21.48,26.5,27.5,29.2,12.05099055611071,0.0,0.0,7.660000000000085,7.79,21.33,0.15000000000000213,1706.0600000000097,543.2149999999999,8.0,0,21.55,0
2020-11-26,0.0,44.06,36.76,1006.92,10.08,47.01,Mundali_Barrage_Cuttack,Mahanadi,421.34,1677.37,21.55,26.5,27.5,29.2,10.243341972694104,7.66,0.0,7.660000000000085,7.79,21.48,0.07000000000000028,1747.5733333333428,533.4849999999999,6.330000000000041,0,21.53,0
2020-11-27,0.0,39.43,33.02,1009.1,10.59,50.54,Mundali_Barrage_Cuttack,Mahanadi,405.8,1505.18,21.53,26.5,27.5,29.2,8.706840676789987,0.0,7.66,7.660000000000085,7.79,21.55,-0.019999999999999574,1790.0966666666764,413.5699999999999,4.149999999999977,0,21.46,0
2020-11-28,0.0,40.82,32.66,1008.16,10.62,60.64,Mundali_Barrage_Cuttack,Mahanadi,544.46,1545.98,21.46,26.5,27.5,29.2,7.400814575271489,0.0,0.0,0.0,7.66,21.53,-0.07000000000000028,1576.1766666666765,475.1299999999999,5.090000000000032,0,27.49,1
2020-11-29,202.25,40.5,32.53,995.7,67.7,100.0,Mundali_Barrage_Cuttack,Mahanadi,26341.58,51306.19,27.49,26.5,27.5,29.2,208.54069238898077,0.0,0.0,202.25000000000009,209.91,21.46,6.029999999999998,18119.11666666668,13443.02,17.549999999999955,1,25.43,0
2020-11-30,0.0,39.54,29.18,1005.32,16.04,49.23,Mundali_Barrage_Cuttack,Mahanadi,526.69,1636.58,25.43,26.5,27.5,29.2,177.25958853063366,202.25,0.0,202.25000000000009,209.91,27.49,-2.0599999999999987,18162.91666666668,13434.135,7.92999999999995,0,23.94,0
2020-12-01,0.0,41.24,33.59,1010.34,7.81,53.41,Mundali_Barrage_Cuttack,Mahanadi,532.5,1330.0,23.94,26.5,27.5,29.2,150.6706502510386,0.0,202.25,202.25000000000009,209.91,25.43,-1.4899999999999984,18090.923333333343,529.595,2.909999999999968,0,23.08,0
2020-12-02,0.0,40.66,30.87,1009.43,12.04,55.14,Mundali_Barrage_Cuttack,Mahanadi,579.41,1557.7,23.08,26.5,27.5,29.2,128.0700527133828,0.0,0.0,0.0,202.25,23.94,-0.860000000000003,1508.093333333343,555.9549999999999,3.82000000000005,0,22.55,0
2020-12-03,0.0,36.31,29.22,1007.88,7.89,55.24,Mundali_Barrage_Cuttack,Mahanadi,598.78,1496.83,22.55,26.5,27.5,29.2,108.85954480637538,0.0,0.0,0.0,202.25,23.08,-0.5299999999999976,1461.5100000000095,589.095,5.3700000000000045,0,22.1,0
2020-12-04,0.0,37.96,26.4,1007.84,15.21,58.58,Mundali_Barrage_Cuttack,Mahanadi,489.21,1268.49,22.1,26.5,27.5,29.2,92.53061308541908,0.0,0.0,0.0,202.25,22.55,-0.4499999999999993,1441.0066666666764,543.995,5.409999999999968,0,21.88,0
2020-12-05,3.74,41.27,34.59,1008.8,18.04,58.35,Mundali_Barrage_Cuttack,Mahanadi,598.48,2101.44,21.88,26.5,27.5,29.2,82.3910211226062,0.0,0.0,3.7400000000000855,205.99,22.1,-0.22000000000000242,1622.253333333343,543.845,4.4500000000000455,0,21.68,0
2020-12-06,0.0,38.81,29.64,1011.15,14.29,53.38,Mundali_Barrage_Cuttack,Mahanadi,562.63,1385.77,21.68,26.5,27.5,29.2,70.03236795421527,3.74,0.0,3.7400000000000855,3.74,21.88,-0.1999999999999993,1585.2333333333434,580.5550000000001,2.1000000000000227,0,21.65,0
2020-12-07,1.43,40.72,33.92,1005.2,17.34,58.66,Mundali_Barrage_Cuttack,Mahanadi,576.28,1765.94,21.65,26.5,27.5,29.2,60.95751276108298,0.0,3.74,5.170000000000085,5.17,21.68,-0.030000000000001137,1751.0500000000095,569.4549999999999,8.049999999999955,0,21.63,0
2020-12-08,0.28,35.11,28.47,1011.05,16.74,56.89,Mundali_Barrage_Cuttack,Mahanadi,411.59,1367.95,21.63,26.5,27.5,29.2,52.093885846920536,1.43,0.0,1.7100000000000852,5.45,21.65,-0.019999999999999574,1506.553333333343,493.93499999999995,2.2000000000000455,0,21.52,0
2020-12-09,0.0,38.43,31.76,1008.3,12.78,51.92,Mundali_Barrage_Cuttack,Mahanadi,524.26,1460.35,21.52,26.5,27.5,29.2,44.279802969882454,0.28,1.43,1.7100000000000852,5.45,21.63,-0.10999999999999943,1531.413333333343,467.92499999999995,4.9500000000000455,0,21.4,0
2020-12-10,0.0,39.98,28.97,1008.88,12.13,56.69,Mundali_Barrage_Cuttack,Mahanadi,445.46,1383.31,21.4,26.5,27.5,29.2,37.63783252440008,0.0,0.28,0.2800000000000853,5.45,21.52,-0.120000000000001,1403.8700000000097,484.86,4.3700000000000045,0,21.51,0
2020-12-11,0.0,41.29,33.24,1005.96,14.96,54.18,Mundali_Barrage_Cuttack,Mahanadi,562.49,1616.03,21.51,26.5,27.5,29.2,31.99215764574007,0.0,0.0,0.0,5.45,21.4,0.11000000000000298,1486.5633333333433,503.975,7.289999999999964,0,21.54,0
2020-12-12,2.98,41.05,29.2,1008.59,16.21,61.25,Mundali_Barrage_Cuttack,Mahanadi,597.28,1877.38,21.54,26.5,27.5,29.2,30.17333399887906,0.0,0.0,2.9800000000000852,4.6899999999999995,21.51,0.029999999999997584,1625.5733333333428,579.885,4.659999999999968,0,21.45,0
2020-12-13,0.0,40.15,28.25,1006.69,13.62,59.23,Mundali_Barrage_Cuttack,Mahanadi,512.04,1341.39,21.45,26.5,27.5,29.2,25.6473338990472,2.98,0.0,2.9800000000000852,4.6899999999999995,21.54,-0.08999999999999986,1611.6000000000097,554.66,6.559999999999945,0,21.47,0
2020-12-14,1.12,40.44,31.69,1009.25,13.97,52.16,Mundali_Barrage_Cuttack,Mahanadi,555.87,1576.22,21.47,26.5,27.5,29.2,22.92023381419012,0.0,2.98,4.100000000000085,4.380000000000001,21.45,0.019999999999999574,1598.3300000000097,533.9549999999999,4.0,0,21.55,0
2020-12-15,0.0,39.68,31.81,1008.91,11.76,55.22,Mundali_Barrage_Cuttack,Mahanadi,566.01,1686.31,21.55,26.5,27.5,29.2,19.482198742061602,1.12,0.0,1.1200000000000854,4.1,21.47,0.08000000000000185,1534.6400000000096,560.94,4.340000000000032,0,21.5,0
2020-12-16,0.0,38.49,30.36,1004.67,17.37,61.33,Mundali_Barrage_Cuttack,Mahanadi,413.76,1423.94,21.5,26.5,27.5,29.2,16.559868930752362,0.0,1.12,1.1200000000000854,4.1,21.55,-0.05000000000000071,1562.156666666676,489.885,8.580000000000041,0,21.45,0
2020-12-17,0.0,37.31,30.56,1006.3,13.03,55.54,Mundali_Barrage_Cuttack,Mahanadi,572.52,1427.15,21.45,26.5,27.5,29.2,14.075888591139508,0.0,0.0,0.0,4.1,21.5,-0.05000000000000071,1512.4666666666762,493.14,6.9500000000000455,0,21.41,0
2020-12-18,0.0,35.46,29.0,1004.65,16.99,57.65,Mundali_Barrage_Cuttack,Mahanadi,489.82,1642.72,21.41,26.5,27.5,29.2,11.96450530246858,0.0,0.0,0.0,4.1,21.45,-0.03999999999999915,1497.9366666666765,531.17,8.600000000000023,0,21.42,0
2020-12-19,0.0,41.29,30.03,1007.59,14.93,47.11,Mundali_Barrage_Cuttack,Mahanadi,593.29,1487.22,21.42,26.5,27.5,29.2,10.169829507098294,0.0,0.0,0.0,1.12,21.41,0.010000000000001563,1519.0300000000097,541.555,5.659999999999968,0,21.46,0
2020-12-20,0.27,38.43,30.38,1009.75,11.43,55.58,Mundali_Barrage_Cuttack,Mahanadi,587.62,1653.79,21.46,26.5,27.5,29.2,8.91435508103355,0.0,0.0,0.2700000000000853,1.3900000000000001,21.42,0.03999999999999915,1594.5766666666761,590.4549999999999,3.5,0,21.41,0
2020-12-21,0.0,36.22,29.09,1008.5,17.45,56.48,Mundali_Barrage_Cuttack,Mahanadi,439.93,1369.67,21.41,26.5,27.5,29.2,7.5772018188785175,0.27,0.0,0.2700000000000853,0.27,21.46,-0.05000000000000071,1503.5600000000097,513.775,4.75,0,21.42,0
2020-12-22,0.13,41.22,33.26,1008.43,17.32,46.49,Mundali_Barrage_Cuttack,Mahanadi,494.02,1497.08,21.42,26.5,27.5,29.2,6.570621546046739,0.0,0.27,0.4000000000000853,0.4,21.41,0.010000000000001563,1506.8466666666764,466.975,4.82000000000005,0,21.45,0
2020-12-23,0.0,40.98,30.53,1010.77,10.83,58.15,Mundali_Barrage_Cuttack,Mahanadi,564.52,1388.0,21.45,26.5,27.5,29.2,5.585028314139729,0.13,0.0,0.13000000000008527,0.4,21.42,0.029999999999997584,1418.2500000000098,529.27,2.480000000000018,0,21.53,0
2020-12-24,0.0,40.22,28.44,1008.63,10.56,57.33,Mundali_Barrage_Cuttack,Mahanadi,546.86,1430.15,21.53,26.5,27.5,29.2,4.747274067018769,0.0,0.13,0.13000000000008527,0.4,21.45,0.08000000000000185,1438.4100000000096,555.69,4.6200000000000045,0,21.53,0
2020-12-25,4.19,42.16,31.48,1009.61,17.58,58.83,Mundali_Barrage_Cuttack,Mahanadi,710.66,1980.76,21.53,26.5,27.5,29.2,8.225182956965954,0.0,0.0,4.190000000000086,4.590000000000001,21.53,0.0,1599.6366666666763,628.76,3.6399999999999864,0,21.61,0
2020-12-26,3.44,37.42,27.58,1008.93,15.46,55.63,Mundali_Barrage_Cuttack,Mahanadi,515.84,1822.28,21.61,26.5,27.5,29.2,10.43140551342106,4.19,0.0,7.630000000000086,8.030000000000001,21.53,0.0799999999999983,1744.3966666666765,613.25,4.32000000000005,0,21.51,0
2020-12-27,2.17,39.3,32.24,1006.64,14.44,47.68,Mundali_Barrage_Cuttack,Mahanadi,528.09,1633.91,21.51,26.5,27.5,29.2,11.0366946864079,3.44,4.19,9.800000000000086,9.930000000000001,21.61,-0.09999999999999787,1812.3166666666764,521.965,6.610000000000014,0,21.47,0
2020-12-28,0.0,37.25,26.7,1007.44,16.64,55.01,Mundali_Barrage_Cuttack,Mahanadi,449.44,1469.41,21.47,26.5,27.5,29.2,9.381190483446716,2.17,3.44,5.610000000000085,9.930000000000001,21.51,-0.0400000000000027,1641.8666666666766,488.765,5.809999999999945,0,21.38,0
2020-12-29,2.6,36.91,26.81,1007.16,19.05,58.48,Mundali_Barrage_Cuttack,Mahanadi,581.03,1711.14,21.38,26.5,27.5,29.2,10.574011910929709,0.0,2.17,4.770000000000085,12.4,21.47,-0.08999999999999986,1604.8200000000097,515.2349999999999,6.090000000000032,0,21.39,0
2020-12-30,0.0,33.66,21.76,1006.21,10.91,49.78,Mundali_Barrage_Cuttack,Mahanadi,437.28,1422.23,21.39,26.5,27.5,29.2,8.987910124290252,2.6,0.0,2.6000000000000854,12.4,21.38,0.010000000000001563,1534.26000000001,509.1549999999999,7.039999999999964,0,21.4,0
2020-12-31,0.0,34.75,23.26,1008.62,15.49,53.53,Mundali_Barrage_Cuttack,Mahanadi,416.63,1374.24,21.4,26.5,27.5,29.2,7.639723605646714,0.0,2.6,2.6000000000000854,12.4,21.39,0.00999999999999801,1502.5366666666766,426.9549999999999,4.6299999999999955,0,21.45,0
2021-01-01,2.67,37.82,26.14,1008.57,11.11,61.09,Mundali_Barrage_Cuttack,Mahanadi,675.74,1705.36,21.45,26.5,27.5,29.2,9.163765064799707,0.0,0.0,2.670000000000085,10.88,21.4,0.05000000000000071,1500.6100000000097,546.185,4.67999999999995,0,21.5,0
2021-01-02,0.91,37.47,26.7,1006.58,10.8,57.98,Mundali_Barrage_Cuttack,Mahanadi,467.72,1687.85,21.5,26.5,27.5,29.2,8.69920030507975,2.67,0.0,3.5800000000000853,8.35,21.45,0.05000000000000071,1589.1500000000096,571.73,6.669999999999959,0,21.54,0
2021-01-03,0.46,40.44,31.21,1006.08,17.65,60.86,Mundali_Barrage_Cuttack,Mahanadi,561.79,1717.92,21.54,26.5,27.5,29.2,7.854320259317786,0.91,2.67,4.040000000000085,6.64,21.5,0.03999999999999915,1703.7100000000098,514.7549999999999,7.169999999999959,0,21.49,0
2021-01-04,0.0,39.6,30.18,1007.83,15.5,50.61,Mundali_Barrage_Cuttack,Mahanadi,537.08,1261.3,21.49,26.5,27.5,29.2,6.676172220420118,0.46,0.91,1.3700000000000854,6.640000000000001,21.54,-0.05000000000000071,1555.6900000000096,549.435,5.419999999999959,0,21.44,0
2021-01-05,0.0,35.39,24.6,1009.19,14.65,53.48,Mundali_Barrage_Cuttack,Mahanadi,548.78,1233.95,21.44,26.5,27.5,29.2,5.6747463873571,0.0,0.46,0.4600000000000853,4.04,21.49,-0.04999999999999716,1404.3900000000096,542.93,4.059999999999945,0,21.46,0
2021-01-06,0.0,40.53,31.95,1005.95,8.54,52.01,Mundali_Barrage_Cuttack,Mahanadi,560.39,1584.43,21.46,26.5,27.5,29.2,4.8235344292535345,0.0,0.0,0.0,4.04,21.44,0.019999999999999574,1359.893333333343,554.5849999999999,7.2999999999999545,0,21.46,0
2021-01-07,0.0,37.66,27.24,1007.83,13.7,54.71,Mundali_Barrage_Cuttack,Mahanadi,433.09,1175.44,21.46,26.5,27.5,29.2,4.100004264865504,0.0,0.0,0.0,4.04,21.46,0.0,1331.273333333343,496.7399999999999,5.419999999999959,0,21.43,0
2021-01-08,0.0,37.78,27.45,1009.08,16.62,50.17,Mundali_Barrage_Cuttack,Mahanadi,580.72,1597.3,21.43,26.5,27.5,29.2,3.485003625135678,0.0,0.0,0.0,1.37,21.46,-0.030000000000001137,1452.3900000000096,506.9049999999999,4.169999999999959,0,21.46,0
2021-01-09,1.18,35.22,24.28,1008.47,16.39,49.27,Mundali_Barrage_Cuttack,Mahanadi,593.62,1728.46,21.46,26.5,27.5,29.2,4.142253081365326,0.0,0.0,1.1800000000000852,1.6400000000000001,21.43,0.030000000000001137,1500.4000000000096,587.1699999999998,4.779999999999973,0,21.4,0
2021-01-10,0.0,35.35,29.25,1008.33,13.27,57.17,Mundali_Barrage_Cuttack,Mahanadi,570.15,1383.46,21.4,26.5,27.5,29.2,3.5209151191605272,1.18,0.0,1.1800000000000852,1.18,21.46,-0.060000000000002274,1569.7400000000098,581.8849999999999,4.919999999999959,0,21.38,0
2021-01-11,0.0,38.76,26.97,1006.16,14.02,59.29,Mundali_Barrage_Cuttack,Mahanadi,577.99,1932.71,21.38,26.5,27.5,29.2,2.9927778512864482,0.0,1.18,1.1800000000000852,1.18,21.4,-0.019999999999999574,1681.543333333343,574.0699999999999,7.090000000000032,0,21.32,0
2021-01-12,0.0,35.78,28.15,1007.55,12.65,60.83,Mundali_Barrage_Cuttack,Mahanadi,418.58,1118.4,21.32,26.5,27.5,29.2,2.543861173593481,0.0,0.0,0.0,1.18,21.38,-0.05999999999999872,1478.1900000000096,498.28499999999985,5.7000000000000455,0,21.45,0
2021-01-13,1.05,36.95,28.45,1008.09,12.56,59.47,Mundali_Barrage_Cuttack,Mahanadi,538.71,1774.71,21.45,26.5,27.5,29.2,3.2122819975544585,0.0,0.0,1.0500000000000853,2.23,21.32,0.129999999999999,1608.6066666666763,478.64499999999987,5.159999999999968,0,21.5,0
2021-01-14,0.15,37.23,25.65,1006.51,17.72,54.99,Mundali_Barrage_Cuttack,Mahanadi,431.85,1458.51,21.5,26.5,27.5,29.2,2.8804396979212896,1.05,0.0,1.2000000000000852,2.38,21.45,0.05000000000000071,1450.5400000000097,485.2799999999999,6.740000000000009,0,21.5,0
2021-01-15,0.0,38.77,31.72,1009.38,18.09,48.11,Mundali_Barrage_Cuttack,Mahanadi,577.81,1693.96,21.5,26.5,27.5,29.2,2.448373743233096,0.15,1.05,1.2000000000000852,2.38,21.5,0.0,1642.3933333333432,504.82999999999987,3.8700000000000045,0,21.42,0
2021-01-16,1.12,36.93,28.08,1007.95,13.45,61.79,Mundali_Barrage_Cuttack,Mahanadi,606.75,1372.61,21.42,26.5,27.5,29.2,3.2011176817481317,0.0,0.15,1.2700000000000853,2.3200000000000003,21.5,-0.0799999999999983,1508.3600000000097,592.2799999999999,5.2999999999999545,0,21.45,0
2021-01-17,0.0,38.41,29.94,1008.34,18.91,61.56,Mundali_Barrage_Cuttack,Mahanadi,586.56,1617.71,21.45,26.5,27.5,29.2,2.7209500294859117,1.12,0.0,1.1200000000000854,2.3200000000000003,21.42,0.029999999999997584,1561.4266666666763,596.6549999999999,4.909999999999968,0,21.46,0
2021-01-18,0.0,35.01,24.59,1007.0,14.2,44.9,Mundali_Barrage_Cuttack,Mahanadi,559.39,1390.45,21.46,26.5,27.5,29.2,2.312807525063025,0.0,1.12,1.1200000000000854,2.3200000000000003,21.45,0.010000000000001563,1460.2566666666764,572.9749999999999,6.25,0,21.55,0
2021-01-19,8.03,39.28,32.41,1006.75,12.49,68.78,Mundali_Barrage_Cuttack,Mahanadi,699.2,2392.42,21.55,26.5,27.5,29.2,9.99588639630357,0.0,0.0,8.030000000000085,10.35,21.46,0.08999999999999986,1800.193333333343,629.2949999999998,6.5,0,21.45,0
2021-01-20,0.0,36.28,25.97,1007.84,19.0,52.94,Mundali_Barrage_Cuttack,Mahanadi,546.8,1361.28,21.45,26.5,27.5,29.2,8.496503436858035,8.03,0.0,8.030000000000085,9.299999999999999,21.55,-0.10000000000000142,1714.7166666666765,622.9999999999999,5.409999999999968,0,21.43,0
2021-01-21,0.0,36.94,29.68,1009.89,15.92,48.42,Mundali_Barrage_Cuttack,Mahanadi,493.78,1569.02,21.43,26.5,27.5,29.2,7.222027921329329,0.0,8.03,8.030000000000085,9.15,21.45,-0.019999999999999574,1774.2400000000098,520.2899999999998,3.3600000000000136,0,21.49,0
2021-01-22,0.0,33.06,21.86,1007.19,12.21,64.74,Mundali_Barrage_Cuttack,Mahanadi,560.53,1338.7,21.49,26.5,27.5,29.2,6.13872373312993,0.0,0.0,0.0,9.15,21.43,0.05999999999999872,1423.0000000000098,527.1549999999999,6.059999999999945,0,21.4,0
2021-01-23,0.0,37.12,28.97,1006.17,13.98,55.89,Mundali_Barrage_Cuttack,Mahanadi,503.26,1159.69,21.4,26.5,27.5,29.2,5.21791517316044,0.0,0.0,0.0,8.03,21.49,-0.08999999999999986,1355.803333333343,531.8949999999999,7.080000000000041,0,21.44,0
2021-01-24,0.0,37.62,26.82,1008.19,19.25,53.05,Mundali_Barrage_Cuttack,Mahanadi,569.63,1731.45,21.44,26.5,27.5,29.2,4.435227897186374,0.0,0.0,0.0,8.03,21.4,0.0400000000000027,1409.9466666666765,536.4449999999999,5.059999999999945,0,21.57,0
2021-01-25,0.0,33.13,24.34,1007.95,14.85,54.14,Mundali_Barrage_Cuttack,Mahanadi,421.04,1391.06,21.57,26.5,27.5,29.2,3.769943712608418,0.0,0.0,0.0,8.03,21.44,0.129999999999999,1427.4000000000096,495.3349999999999,5.2999999999999545,0,21.49,0
2021-01-26,0.0,35.93,26.14,1008.94,10.78,55.62,Mundali_Barrage_Cuttack,Mahanadi,504.63,1561.19,21.49,26.5,27.5,29.2,3.2044521557171555,0.0,0.0,0.0,0.0,21.57,-0.08000000000000185,1561.233333333343,462.8349999999999,4.309999999999945,0,21.58,0
2021-01-27,0.0,36.25,27.57,1006.8,11.93,58.44,Mundali_Barrage_Cuttack,Mahanadi,416.96,1604.79,21.58,26.5,27.5,29.2,2.7237843323595823,0.0,0.0,0.0,0.0,21.49,0.08999999999999986,1519.013333333343,460.79499999999985,6.4500000000000455,0,21.55,0
2021-01-28,1.3,36.08,27.56,1008.52,11.76,55.57,Mundali_Barrage_Cuttack,Mahanadi,621.84,1543.71,21.55,26.5,27.5,29.2,3.615216682505645,0.0,0.0,1.3000000000000853,1.3,21.58,-0.029999999999997584,1569.8966666666763,519.3999999999999,4.730000000000018,0,21.49,0
2021-01-29,0.0,33.14,23.62,1009.44,15.44,49.72,Mundali_Barrage_Cuttack,Mahanadi,514.55,1471.06,21.49,26.5,27.5,29.2,3.0729341801297982,1.3,0.0,1.3000000000000853,1.3,21.55,-0.060000000000002274,1539.8533333333432,568.1949999999999,3.8099999999999454,0,21.47,0
2021-01-30,0.0,37.39,27.35,1009.1,16.58,56.26,Mundali_Barrage_Cuttack,Mahanadi,416.91,1454.55,21.47,26.5,27.5,29.2,2.6119940531103283,0.0,1.3,1.3000000000000853,1.3,21.49,-0.019999999999999574,1489.7733333333429,465.7299999999999,4.149999999999977,0,21.51,0
2021-01-31,1.0,38.4,28.29,1006.89,12.23,51.58,Mundali_Barrage_Cuttack,Mahanadi,573.95,1731.78,21.51,26.5,27.5,29.2,3.220194945143779,0.0,0.0,1.0000000000000853,2.3,21.47,0.0400000000000027,1552.4633333333431,495.42999999999995,6.360000000000014,0,21.55,0
2021-02-01,0.0,32.5,26.38,1007.28,10.19,48.76,Mundali_Barrage_Cuttack,Mahanadi,406.58,1367.66,21.55,26.5,27.5,29.2,2.737165703372212,1.0,0.0,1.0000000000000853,2.3,21.51,0.03999999999999915,1517.9966666666762,490.2649999999999,5.970000000000027,0,21.6,0
2021-02-02,2.85,34.72,27.76,1008.24,16.24,62.22,Mundali_Barrage_Cuttack,Mahanadi,594.72,1740.45,21.6,26.5,27.5,29.2,5.176590847866381,0.0,1.0,3.8500000000000854,5.15,21.55,0.05000000000000071,1613.2966666666764,500.64999999999986,5.009999999999991,0,21.61,0
2021-02-03,2.44,33.25,22.63,1005.69,13.41,61.95,Mundali_Barrage_Cuttack,Mahanadi,584.07,1521.48,21.61,26.5,27.5,29.2,6.840102220686424,2.85,0.0,5.290000000000085,7.59,21.6,0.00999999999999801,1543.1966666666765,589.395,7.559999999999945,0,21.52,0
2021-02-04,0.0,37.98,29.08,1007.27,15.47,57.74,Mundali_Barrage_Cuttack,Mahanadi,514.05,1384.55,21.52,26.5,27.5,29.2,5.81408688758346,2.44,2.85,5.290000000000085,6.290000000000001,21.61,-0.08999999999999986,1548.8266666666761,549.06,5.980000000000018,0,21.51,0
2021-02-05,0.0,35.92,28.18,1008.54,14.38,49.11,Mundali_Barrage_Cuttack,Mahanadi,474.79,1469.68,21.51,26.5,27.5,29.2,4.941973854445941,0.0,2.44,2.440000000000085,6.290000000000001,21.52,-0.00999999999999801,1458.5700000000097,494.41999999999985,4.710000000000036,0,21.48,0
2021-02-06,0.0,36.47,26.48,1008.17,7.9,65.56,Mundali_Barrage_Cuttack,Mahanadi,491.54,1322.65,21.48,26.5,27.5,29.2,4.20067777627905,0.0,0.0,0.0,6.290000000000001,21.51,-0.030000000000001137,1392.293333333343,483.1649999999999,5.080000000000041,0,21.52,0
2021-02-07,0.0,35.38,26.36,1007.27,13.74,62.94,Mundali_Barrage_Cuttack,Mahanadi,580.89,1771.18,21.52,26.5,27.5,29.2,3.570576109837192,0.0,0.0,0.0,5.290000000000001,21.48,0.03999999999999915,1521.1700000000098,536.2149999999999,5.980000000000018,0,21.46,0
2021-02-08,2.61,35.16,25.48,1007.67,12.28,55.95,Mundali_Barrage_Cuttack,Mahanadi,637.19,1867.26,21.46,26.5,27.5,29.2,5.644989693361613,0.0,0.0,2.610000000000085,7.9,21.52,-0.05999999999999872,1653.6966666666765,609.04,5.580000000000041,0,21.44,0
2021-02-09,0.0,36.36,25.45,1007.06,14.0,57.07,Mundali_Barrage_Cuttack,Mahanadi,592.1,1609.67,21.44,26.5,27.5,29.2,4.798241239357371,2.61,0.0,2.610000000000085,5.05,21.46,-0.019999999999999574,1749.37000000001,614.6449999999999,6.190000000000055,0,21.44,0
2021-02-10,0.0,33.65,24.37,1008.57,11.4,55.49,Mundali_Barrage_Cuttack,Mahanadi,592.45,1685.17,21.44,26.5,27.5,29.2,4.078505053453766,0.0,2.61,2.610000000000085,2.61,21.44,0.0,1720.7000000000098,592.2749999999999,4.67999999999995,0,21.48,0
2021-02-11,0.0,35.86,29.09,1007.44,12.4,56.47,Mundali_Barrage_Cuttack,Mahanadi,586.73,1438.88,21.48,26.5,27.5,29.2,3.4667292954357007,0.0,0.0,0.0,2.61,21.44,0.03999999999999915,1577.9066666666765,589.5899999999999,5.809999999999945,0,21.52,0
2021-02-12,0.0,37.0,29.59,1007.12,10.19,58.34,Mundali_Barrage_Cuttack,Mahanadi,466.8,1464.22,21.52,26.5,27.5,29.2,2.9467199011203458,0.0,0.0,0.0,2.61,21.48,0.03999999999999915,1529.4233333333432,526.7649999999999,6.1299999999999955,0,21.48,0
2021-02-13,0.0,35.09,28.32,1009.53,10.45,53.74,Mundali_Barrage_Cuttack,Mahanadi,470.51,1429.83,21.48,26.5,27.5,29.2,2.504711915952294,0.0,0.0,0.0,2.61,21.52,-0.03999999999999915,1444.3100000000097,468.65499999999986,3.7200000000000273,0,21.5,0
2021-02-14,0.0,33.69,24.66,1008.4,15.94,55.1,Mundali_Barrage_Cuttack,Mahanadi,545.31,1543.61,21.5,26.5,27.5,29.2,2.1290051285594496,0.0,0.0,0.0,2.61,21.48,0.019999999999999574,1479.2200000000096,507.90999999999985,4.850000000000023,0,21.57,0
2021-02-15,0.0,36.6,27.64,1007.51,10.71,39.12,Mundali_Barrage_Cuttack,Mahanadi,565.74,1643.14,21.57,26.5,27.5,29.2,1.809654359275532,0.0,0.0,0.0,0.0,21.5,0.07000000000000028,1538.8600000000097,555.5249999999999,5.740000000000009,0,21.56,0
2021-02-16,0.0,33.7,25.7,1009.75,22.27,53.47,Mundali_Barrage_Cuttack,Mahanadi,485.39,1472.11,21.56,26.5,27.5,29.2,1.5382062053842023,0.0,0.0,0.0,0.0,21.57,-0.010000000000001563,1552.953333333343,525.5649999999998,3.5,0,21.49,0
2021-02-17,0.0,34.19,26.18,1010.18,13.2,53.0,Mundali_Barrage_Cuttack,Mahanadi,479.67,1387.91,21.49,26.5,27.5,29.2,1.3074752745765719,0.0,0.0,0.0,0.0,21.56,-0.07000000000000028,1501.053333333343,482.52999999999986,3.07000000000005,0,21.42,0
2021-02-18,0.0,32.5,23.73,1007.22,15.46,45.25,Mundali_Barrage_Cuttack,Mahanadi,508.75,1326.2,21.42,26.5,27.5,29.2,1.111353983390086,0.0,0.0,0.0,0.0,21.49,-0.06999999999999673,1395.4066666666765,494.2099999999999,6.029999999999973,0,21.41,0
2021-02-19,0.0,32.71,20.91,1004.93,9.81,51.46,Mundali_Barrage_Cuttack,Mahanadi,505.48,1525.11,21.41,26.5,27.5,29.2,0.9446508858815731,0.0,0.0,0.0,0.0,21.42,-0.010000000000001563,1413.073333333343,507.1149999999999,8.32000000000005,0,21.41,0
2021-02-20,0.0,37.32,30.08,1007.61,18.28,52.9,Mundali_Barrage_Cuttack,Mahanadi,496.87,1277.83,21.41,26.5,27.5,29.2,0.8029532529993371,0.0,0.0,0.0,0.0,21.41,0.0,1376.3800000000094,501.1749999999999,5.639999999999986,0,21.42,0
2021-02-21,0.0,31.32,20.87,1008.45,14.92,53.76,Mundali_Barrage_Cuttack,Mahanadi,464.92,1596.07,21.42,26.5,27.5,29.2,0.6825102650494365,0.0,0.0,0.0,0.0,21.41,0.010000000000001563,1466.3366666666764,480.89499999999987,4.7999999999999545,0,21.37,0
2021-02-22,0.0,32.17,20.73,1009.74,13.53,54.08,Mundali_Barrage_Cuttack,Mahanadi,554.03,1603.06,21.37,26.5,27.5,29.2,0.580133725292021,0.0,0.0,0.0,0.0,21.42,-0.05000000000000071,1492.3200000000097,509.47499999999985,3.509999999999991,0,21.45,0
2021-02-23,0.0,35.35,26.08,1007.7,16.77,49.75,Mundali_Barrage_Cuttack,Mahanadi,448.69,1650.51,21.45,26.5,27.5,29.2,0.49311366649821786,0.0,0.0,0.0,0.0,21.37,0.0799999999999983,1616.5466666666762,501.3599999999999,5.5499999999999545,0,21.53,0
2021-02-24,0.0,33.19,26.5,1008.22,15.76,58.1,Mundali_Barrage_Cuttack,Mahanadi,560.29,1673.14,21.53,26.5,27.5,29.2,0.41914661652348517,0.0,0.0,0.0,0.0,21.45,0.08000000000000185,1642.2366666666765,504.4899999999999,5.029999999999973,0,21.6,0
2021-02-25,0.0,32.27,24.56,1007.3,18.05,51.73,Mundali_Barrage_Cuttack,Mahanadi,591.71,1825.68,21.6,26.5,27.5,29.2,0.3562746240449624,0.0,0.0,0.0,0.0,21.53,0.07000000000000028,1716.443333333343,575.9999999999999,5.9500000000000455,0,21.62,0
2021-02-26,0.0,33.45,21.85,1006.68,17.5,57.65,Mundali_Barrage_Cuttack,Mahanadi,569.85,1720.66,21.62,26.5,27.5,29.2,0.30283343043821803,0.0,0.0,0.0,0.0,21.6,0.019999999999999574,1739.8266666666766,580.78,6.57000000000005,0,21.51,0
2021-02-27,0.0,32.17,20.92,1007.57,12.31,57.4,Mundali_Barrage_Cuttack,Mahanadi,446.83,1230.05,21.51,26.5,27.5,29.2,0.2574084158724853,0.0,0.0,0.0,0.0,21.62,-0.10999999999999943,1592.1300000000094,508.3399999999999,5.67999999999995,0,21.49,0
2021-02-28,0.0,38.43,26.75,1007.65,17.54,66.72,Mundali_Barrage_Cuttack,Mahanadi,501.15,1463.97,21.49,26.5,27.5,29.2,0.2187971534916125,0.0,0.0,0.0,0.0,21.51,-0.020000000000003126,1471.5600000000097,473.9899999999999,5.600000000000023,0,21.53,0
2021-03-01,0.16,35.45,28.63,1009.41,13.21,56.39,Mundali_Barrage_Cuttack,Mahanadi,527.04,1401.37,21.53,26.5,27.5,29.2,0.34597758046787064,0.0,0.0,0.16000000000008527,0.16,21.49,0.0400000000000027,1365.1300000000099,514.0949999999999,3.840000000000032,0,21.58,0
2021-03-02,0.0,32.29,24.76,1005.97,6.28,53.46,Mundali_Barrage_Cuttack,Mahanadi,566.31,1765.65,21.58,26.5,27.5,29.2,0.29408094339769003,0.16,0.0,0.16000000000008527,0.16,21.53,0.04999999999999716,1543.663333333343,546.675,7.279999999999973,0,21.6,0
2021-03-03,0.0,33.91,27.59,1007.22,14.13,61.29,Mundali_Barrage_Cuttack,Mahanadi,458.89,1712.43,21.6,26.5,27.5,29.2,0.24996880188803652,0.0,0.16,0.16000000000008527,0.16,21.58,0.020000000000003126,1626.483333333343,512.5999999999999,6.029999999999973,0,21.55,0
2021-03-04,0.0,31.09,23.9,1008.35,16.61,46.58,Mundali_Barrage_Cuttack,Mahanadi,517.82,1474.86,21.55,26.5,27.5,29.2,0.21247348160483104,0.0,0.0,0.0,0.16,21.6,-0.05000000000000071,1650.9800000000096,488.35499999999996,4.899999999999977,0,21.55,0
2021-03-05,0.0,32.18,25.36,1009.45,15.34,51.01,Mundali_Barrage_Cuttack,Mahanadi,594.38,1494.0,21.55,26.5,27.5,29.2,0.18060245936410638,0.0,0.0,0.0,0.16,21.55,0.0,1560.4300000000096,556.0999999999999,3.7999999999999545,0,21.59,0
2021-03-06,0.0,31.8,24.34,1008.71,12.73,57.5,Mundali_Barrage_Cuttack,Mahanadi,485.49,1346.82,21.59,26.5,27.5,29.2,0.1535120904594904,0.0,0.0,0.0,0.16,21.55,0.03999999999999915,1438.5600000000097,539.935,4.539999999999964,0,21.62,0
2021-03-07,3.04,34.96,25.06,1007.56,12.29,49.81,Mundali_Barrage_Cuttack,Mahanadi,553.71,1859.34,21.62,26.5,27.5,29.2,3.1704852768905667,0.0,0.0,3.0400000000000853,3.2,21.59,0.030000000000001137,1566.7200000000096,519.5999999999999,5.690000000000055,0,21.67,0
2021-03-08,0.0,33.42,26.68,1007.01,8.93,49.4,Mundali_Barrage_Cuttack,Mahanadi,595.06,1486.82,21.67,26.5,27.5,29.2,2.6949124853569817,3.04,0.0,3.0400000000000853,3.04,21.62,0.05000000000000071,1564.3266666666761,574.385,6.240000000000009,0,21.54,0
2021-03-09,0.0,32.53,24.33,1008.57,10.92,53.13,Mundali_Barrage_Cuttack,Mahanadi,461.05,1297.17,21.54,26.5,27.5,29.2,2.2906756125534344,0.0,3.04,3.0400000000000853,3.04,21.67,-0.13000000000000256,1547.7766666666764,528.055,4.67999999999995,0,21.47,0
2021-03-10,0.0,31.56,23.36,1008.91,14.8,50.88,Mundali_Barrage_Cuttack,Mahanadi,481.84,1345.76,21.47,26.5,27.5,29.2,1.9470742706704192,0.0,0.0,0.0,3.04,21.54,-0.07000000000000028,1376.583333333343,471.44499999999994,4.340000000000032,0,21.52,0
2021-03-11,10.66,32.29,22.82,1009.35,17.0,62.48,Mundali_Barrage_Cuttack,Mahanadi,863.22,2684.29,21.52,26.5,27.5,29.2,12.315013130069856,0.0,0.0,10.660000000000085,13.7,21.47,0.05000000000000071,1775.7400000000098,672.53,3.8999999999999773,0,21.47,0
2021-03-12,1.19,34.14,24.24,1009.43,19.29,56.88,Mundali_Barrage_Cuttack,Mahanadi,465.42,1368.7,21.47,26.5,27.5,29.2,11.657761160559376,10.66,0.0,11.850000000000085,14.889999999999999,21.52,-0.05000000000000071,1799.583333333343,664.32,3.82000000000005,0,21.46,0
2021-03-13,0.0,31.0,20.21,1008.55,12.65,56.19,Mundali_Barrage_Cuttack,Mahanadi,506.61,1474.27,21.46,26.5,27.5,29.2,9.90909698647547,1.19,10.66,11.850000000000085,14.889999999999999,21.47,-0.00999999999999801,1842.4200000000098,486.015,4.7000000000000455,0,21.53,0
2021-03-14,0.0,32.24,26.13,1006.49,17.29,44.04,Mundali_Barrage_Cuttack,Mahanadi,513.32,1379.03,21.53,26.5,27.5,29.2,8.42273243850415,0.0,1.19,1.1900000000000852,11.849999999999998,21.46,0.07000000000000028,1407.333333333343,509.96500000000003,6.759999999999991,0,21.45,0
2021-03-15,0.0,35.16,27.87,1008.71,14.01,61.15,Mundali_Barrage_Cuttack,Mahanadi,476.3,1427.47,21.45,26.5,27.5,29.2,7.159322572728527,0.0,0.0,0.0,11.849999999999998,21.53,-0.08000000000000185,1426.9233333333432,494.81000000000006,4.539999999999964,0,21.46,0
2021-03-16,0.0,32.61,22.78,1007.11,15.76,53.97,Mundali_Barrage_Cuttack,Mahanadi,502.9,1706.66,21.46,26.5,27.5,29.2,6.085424186819248,0.0,0.0,0.0,11.849999999999998,21.45,0.010000000000001563,1504.3866666666763,489.6,6.139999999999986,0,21.51,0
2021-03-17,1.99,36.67,29.13,1009.44,17.57,53.58,Mundali_Barrage_Cuttack,Mahanadi,626.2,1682.16,21.51,26.5,27.5,29.2,7.162610558796361,0.0,0.0,1.9900000000000853,13.839999999999998,21.46,0.05000000000000071,1605.4300000000096,564.5500000000001,3.8099999999999454,0,21.53,0
2021-03-18,4.38,36.21,25.93,1008.29,16.08,49.37,Mundali_Barrage_Cuttack,Mahanadi,655.81,2038.14,21.53,26.5,27.5,29.2,10.468218974976907,1.99,0.0,6.370000000000085,7.559999999999998,21.51,0.019999999999999574,1808.9866666666765,641.0050000000001,4.960000000000036,0,21.54,0
2021-03-19,0.0,34.09,25.38,1007.9,13.04,49.85,Mundali_Barrage_Cuttack,Mahanadi,476.37,1183.74,21.54,26.5,27.5,29.2,8.89798612873037,4.38,1.99,6.370000000000085,6.369999999999997,21.53,0.00999999999999801,1634.6800000000096,566.09,5.350000000000023,0,21.51,0
2021-03-20,0.0,34.71,23.42,1007.41,12.03,53.82,Mundali_Barrage_Cuttack,Mahanadi,406.15,1448.58,21.51,26.5,27.5,29.2,7.563288209420814,0.0,4.38,4.380000000000085,6.369999999999997,21.54,-0.029999999999997584,1556.8200000000097,441.26000000000005,5.840000000000032,0,21.52,0
2021-03-21,0.0,35.16,26.51,1006.97,18.59,54.59,Mundali_Barrage_Cuttack,Mahanadi,519.28,1680.07,21.52,26.5,27.5,29.2,6.428794978007692,0.0,0.0,0.0,6.369999999999997,21.51,0.00999999999999801,1437.463333333343,462.71500000000003,6.279999999999973,0,21.45,0
2021-03-22,0.0,28.93,20.73,1006.57,18.14,55.58,Mundali_Barrage_Cuttack,Mahanadi,505.11,1481.99,21.45,26.5,27.5,29.2,5.464475731306537,0.0,0.0,0.0,6.369999999999997,21.52,-0.07000000000000028,1536.8800000000099,512.195,6.67999999999995,0,21.51,0
2021-03-23,0.0,37.15,29.53,1008.44,14.86,54.26,Mundali_Barrage_Cuttack,Mahanadi,522.35,1615.37,21.51,26.5,27.5,29.2,4.644804371610556,0.0,0.0,0.0,6.369999999999997,21.45,0.060000000000002274,1592.4766666666765,513.73,4.809999999999945,0,21.51,0
2021-03-24,0.0,36.77,30.59,1009.46,14.58,66.96,Mundali_Barrage_Cuttack,Mahanadi,554.15,1351.45,21.51,26.5,27.5,29.2,3.9480837158689726,0.0,0.0,0.0,4.379999999999998,21.51,0.0,1482.9366666666763,538.25,3.7899999999999636,0,21.44,0
2021-03-25,0.0,31.7,24.54,1007.66,13.66,57.83,Mundali_Barrage_Cuttack,Mahanadi,480.85,1435.45,21.44,26.5,27.5,29.2,3.3558711584886267,0.0,0.0,0.0,0.0,21.51,-0.07000000000000028,1467.4233333333432,517.5,5.590000000000032,0,21.35,0
2021-03-26,0.0,33.65,24.6,1010.67,16.42,50.76,Mundali_Barrage_Cuttack,Mahanadi,462.5,1406.17,21.35,26.5,27.5,29.2,2.8524904847153327,0.0,0.0,0.0,0.0,21.44,-0.08999999999999986,1397.6900000000098,471.67500000000007,2.580000000000041,0,21.34,0
2021-03-27,0.53,29.43,21.94,1007.47,18.16,61.62,Mundali_Barrage_Cuttack,Mahanadi,537.12,1594.94,21.34,26.5,27.5,29.2,2.9546169120080332,0.0,0.0,0.5300000000000853,0.5299999999999983,21.35,-0.010000000000001563,1478.8533333333432,499.81000000000006,5.779999999999973,0,21.28,0
2021-03-28,0.0,31.54,23.9,1007.79,14.17,56.42,Mundali_Barrage_Cuttack,Mahanadi,485.33,1543.59,21.28,26.5,27.5,29.2,2.511424375206828,0.53,0.0,0.5300000000000853,0.5299999999999983,21.34,-0.05999999999999872,1514.9000000000099,511.225,5.460000000000036,0,21.39,0
2021-03-29,0.0,33.03,26.8,1007.64,16.36,55.65,Mundali_Barrage_Cuttack,Mahanadi,556.48,1613.21,21.39,26.5,27.5,29.2,2.134710718925804,0.0,0.53,0.5300000000000853,0.5299999999999983,21.28,0.10999999999999943,1583.913333333343,520.905,5.610000000000014,0,21.41,0
2021-03-30,0.0,28.79,17.12,1011.06,12.58,55.95,Mundali_Barrage_Cuttack,Mahanadi,552.08,1729.95,21.41,26.5,27.5,29.2,1.8145041110869333,0.0,0.0,0.0,0.5299999999999983,21.39,0.019999999999999574,1628.9166666666763,554.2800000000001,2.1900000000000546,0,21.33,0
2021-03-31,0.0,32.63,23.9,1005.6,8.52,60.24,Mundali_Barrage_Cuttack,Mahanadi,477.35,1486.91,21.33,26.5,27.5,29.2,1.5423284944238933,0.0,0.0,0.0,0.5299999999999983,21.41,-0.08000000000000185,1610.0233333333429,514.7150000000001,7.649999999999977,0,21.24,0
2021-04-01,1.75,33.98,25.95,1009.38,16.63,58.22,Mundali_Barrage_Cuttack,Mahanadi,516.34,1570.29,21.24,26.5,27.5,29.2,3.060979220260309,0.0,0.0,1.7500000000000853,2.2799999999999985,21.33,-0.08999999999999986,1595.7166666666762,496.8450000000001,3.8700000000000045,0,21.31,0
2021-04-02,0.0,33.47,24.29,1009.35,20.56,51.57,Mundali_Barrage_Cuttack,Mahanadi,571.27,1208.4,21.31,26.5,27.5,29.2,2.601832337221263,1.75,0.0,1.7500000000000853,2.2799999999999985,21.24,0.07000000000000028,1421.8666666666766,543.8050000000001,3.8999999999999773,0,21.22,0
2021-04-03,0.0,31.25,21.86,1009.44,13.49,50.94,Mundali_Barrage_Cuttack,Mahanadi,449.55,1450.55,21.22,26.5,27.5,29.2,2.2115574866380734,0.0,1.75,1.7500000000000853,1.7499999999999982,21.31,-0.08999999999999986,1409.7466666666762,510.4100000000001,3.8099999999999454,0,21.28,0
2021-04-04,0.0,32.98,25.0,1005.3,17.37,54.07,Mundali_Barrage_Cuttack,Mahanadi,549.22,1469.98,21.28,26.5,27.5,29.2,1.8798238636423623,0.0,0.0,0.0,1.7499999999999982,21.22,0.060000000000002274,1376.3100000000097,499.3850000000001,7.9500000000000455,0,21.23,0
2021-04-05,0.0,32.57,21.33,1008.43,10.35,49.39,Mundali_Barrage_Cuttack,Mahanadi,475.93,1231.2,21.23,26.5,27.5,29.2,1.5978502840960078,0.0,0.0,0.0,1.7499999999999982,21.28,-0.05000000000000071,1383.9100000000096,512.5750000000002,4.82000000000005,0,21.2,0
2021-04-06,0.0,34.9,26.52,1007.42,12.99,48.29,Mundali_Barrage_Cuttack,Mahanadi,558.7,1529.63,21.2,26.5,27.5,29.2,1.3581727414816067,0.0,0.0,0.0,1.7499999999999982,21.23,-0.030000000000001137,1410.2700000000095,517.3150000000002,5.830000000000041,0,21.25,0
2021-04-07,0.0,33.31,24.28,1008.34,13.94,56.45,Mundali_Barrage_Cuttack,Mahanadi,524.78,1597.45,21.25,26.5,27.5,29.2,1.1544468302593658,0.0,0.0,0.0,1.7499999999999982,21.2,0.05000000000000071,1452.76000000001,541.7400000000001,4.909999999999968,0,21.34,0
2021-04-08,0.76,30.68,18.99,1007.62,11.87,59.68,Mundali_Barrage_Cuttack,Mahanadi,532.22,1754.13,21.34,26.5,27.5,29.2,1.741279805720461,0.0,0.0,0.7600000000000853,0.7599999999999982,21.25,0.08999999999999986,1627.0700000000097,528.5000000000001,5.6299999999999955,0,21.42,0
2021-04-09,0.0,33.45,22.16,1008.15,18.63,55.43,Mundali_Barrage_Cuttack,Mahanadi,448.7,1407.08,21.42,26.5,27.5,29.2,1.4800878348623918,0.76,0.0,0.7600000000000853,0.7599999999999982,21.34,0.08000000000000185,1586.2200000000096,490.46000000000015,5.100000000000023,0,21.45,0
2021-04-10,0.0,31.07,24.31,1008.2,8.8,56.11,Mundali_Barrage_Cuttack,Mahanadi,521.83,1503.84,21.45,26.5,27.5,29.2,1.258074659633033,0.0,0.76,0.7600000000000853,0.7599999999999982,21.42,0.029999999999997584,1555.0166666666764,485.2650000000001,5.0499999999999545,0,21.57,0
2021-04-11,3.21,33.24,24.01,1007.17,14.75,58.49,Mundali_Barrage_Cuttack,Mahanadi,616.61,1796.94,21.57,26.5,27.5,29.2,4.279363460688078,0.0,0.0,3.2100000000000852,3.969999999999998,21.45,0.120000000000001,1569.2866666666766,569.22,6.080000000000041,0,21.54,0
2021-04-12,2.01,29.44,18.0,1006.82,15.86,49.56,Mundali_Barrage_Cuttack,Mahanadi,569.78,1770.69,21.54,26.5,27.5,29.2,5.6474589415848655,3.21,0.0,5.220000000000085,5.979999999999998,21.57,-0.030000000000001137,1690.4900000000098,593.1950000000002,6.42999999999995,0,21.42,0
2021-04-13,0.0,32.87,25.28,1007.48,14.94,55.65,Mundali_Barrage_Cuttack,Mahanadi,400.23,1414.67,21.42,26.5,27.5,29.2,4.800340100347135,2.01,3.21,5.220000000000085,5.979999999999998,21.54,-0.11999999999999744,1660.7666666666764,485.0050000000001,5.769999999999982,0,21.51,0
2021-04-14,0.0,31.59,19.98,1008.1,16.12,60.95,Mundali_Barrage_Cuttack,Mahanadi,519.09,1479.74,21.51,26.5,27.5,29.2,4.080289085295065,0.0,2.01,2.010000000000085,5.979999999999998,21.42,0.08999999999999986,1555.033333333343,459.66000000000014,5.149999999999977,0,21.58,0
2021-04-15,0.0,33.64,23.35,1008.12,14.1,59.03,Mundali_Barrage_Cuttack,Mahanadi,501.88,1450.81,21.58,26.5,27.5,29.2,3.468245722500805,0.0,0.0,0.0,5.219999999999998,21.51,0.06999999999999673,1448.4066666666765,510.4850000000001,5.1299999999999955,0,21.61,0
2021-04-16,1.88,33.65,24.76,1006.39,14.35,48.54,Mundali_Barrage_Cuttack,Mahanadi,578.1,1669.75,21.61,26.5,27.5,29.2,4.8280088641256835,0.0,0.0,1.8800000000000852,7.099999999999998,21.58,0.030000000000001137,1533.4333333333432,539.9900000000001,6.860000000000014,0,21.52,0
2021-04-17,0.0,30.72,20.43,1005.15,9.25,59.08,Mundali_Barrage_Cuttack,Mahanadi,477.03,1420.79,21.52,26.5,27.5,29.2,4.103807534506831,1.88,0.0,1.8800000000000852,7.099999999999998,21.61,-0.08999999999999986,1513.783333333343,527.565,8.100000000000023,0,21.49,0
2021-04-18,0.0,32.56,26.4,1006.59,16.07,51.58,Mundali_Barrage_Cuttack,Mahanadi,560.85,1274.85,21.49,26.5,27.5,29.2,3.488236404330806,0.0,1.88,1.8800000000000852,3.889999999999998,21.52,-0.030000000000001137,1455.1300000000094,518.94,6.659999999999968,0,21.45,0
2021-04-19,0.0,33.13,27.07,1006.76,14.45,55.49,Mundali_Barrage_Cuttack,Mahanadi,557.23,1663.15,21.45,26.5,27.5,29.2,2.965000943681185,0.0,0.0,0.0,1.8799999999999981,21.49,-0.03999999999999915,1452.9300000000096,559.0400000000002,6.490000000000009,0,21.52,0
2021-04-20,0.0,32.58,21.89,1008.21,15.18,57.27,Mundali_Barrage_Cuttack,Mahanadi,522.05,1614.8,21.52,26.5,27.5,29.2,2.520250802129007,0.0,0.0,0.0,1.8799999999999981,21.45,0.07000000000000028,1517.6000000000095,539.6400000000001,5.039999999999964,0,21.41,0
2021-04-21,0.0,34.45,24.09,1007.32,11.92,51.7,Mundali_Barrage_Cuttack,Mahanadi,558.47,1470.24,21.41,26.5,27.5,29.2,2.142213181809656,0.0,0.0,0.0,1.8799999999999981,21.52,-0.10999999999999943,1582.7300000000098,540.2600000000001,5.92999999999995,0,21.42,0
2021-04-22,0.0,32.47,21.42,1009.59,16.72,55.62,Mundali_Barrage_Cuttack,Mahanadi,531.82,1761.33,21.42,26.5,27.5,29.2,1.8208812045382077,0.0,0.0,0.0,1.8799999999999981,21.41,0.010000000000001563,1615.4566666666763,545.1450000000002,3.659999999999968,0,21.42,0
2021-04-23,0.0,34.94,23.61,1006.23,20.83,50.74,Mundali_Barrage_Cuttack,Mahanadi,526.79,1523.24,21.42,26.5,27.5,29.2,1.5477490238574765,0.0,0.0,0.0,0.0,21.42,0.0,1584.9366666666763,529.3050000000001,7.019999999999982,0,21.51,0
2021-04-24,4.09,31.64,22.29,1007.74,11.52,56.27,Mundali_Barrage_Cuttack,Mahanadi,666.84,1849.82,21.51,26.5,27.5,29.2,5.405586670278855,0.0,0.0,4.090000000000085,4.089999999999998,21.42,0.08999999999999986,1711.4633333333431,596.815,5.509999999999991,0,21.41,0
2021-04-25,0.0,33.96,24.44,1004.89,11.36,62.02,Mundali_Barrage_Cuttack,Mahanadi,453.6,1161.49,21.41,26.5,27.5,29.2,4.594748669737027,4.09,0.0,4.090000000000085,4.089999999999998,21.51,-0.10000000000000142,1511.5166666666764,560.2200000000001,8.360000000000014,0,21.54,0
2021-04-26,3.52,31.46,22.0,1006.96,13.64,51.08,Mundali_Barrage_Cuttack,Mahanadi,551.16,1876.35,21.54,26.5,27.5,29.2,7.425536369276473,0.0,4.09,7.610000000000085,7.609999999999998,21.41,0.129999999999999,1629.2200000000096,502.3800000000001,6.289999999999964,0,21.51,0
2021-04-27,0.0,29.36,20.84,1009.64,13.63,55.08,Mundali_Barrage_Cuttack,Mahanadi,513.09,1470.75,21.51,26.5,27.5,29.2,6.311705913885001,3.52,0.0,3.5200000000000853,7.609999999999998,21.54,-0.029999999999997584,1502.863333333343,532.1250000000001,3.6100000000000136,0,21.58,0
2021-04-28,5.33,33.96,22.44,1007.01,12.97,49.63,Mundali_Barrage_Cuttack,Mahanadi,598.14,1827.47,21.58,26.5,27.5,29.2,10.694950026802251,0.0,3.52,8.850000000000085,12.939999999999998,21.51,0.06999999999999673,1724.8566666666763,555.6150000000001,6.240000000000009,0,21.55,0
2021-04-29,0.0,32.82,22.81,1008.32,11.59,42.73,Mundali_Barrage_Cuttack,Mahanadi,440.76,1201.16,21.55,26.5,27.5,29.2,9.090707522781914,5.33,0.0,5.330000000000085,12.939999999999998,21.58,-0.029999999999997584,1499.793333333343,519.45,4.92999999999995,0,21.41,0
2021-04-30,0.53,33.14,25.33,1010.13,17.22,53.47,Mundali_Barrage_Cuttack,Mahanadi,578.94,1547.62,21.41,26.5,27.5,29.2,8.257101394364627,0.0,5.33,5.860000000000086,13.469999999999997,21.55,-0.14000000000000057,1525.4166666666763,509.85000000000014,3.1200000000000045,0,21.39,0
2021-05-01,0.0,32.98,21.46,1007.23,17.0,67.19,Mundali_Barrage_Cuttack,Mahanadi,593.14,1692.52,21.39,26.5,27.5,29.2,7.018536185209933,0.53,0.0,0.5300000000000853,9.379999999999997,21.41,-0.019999999999999574,1480.4333333333427,586.0400000000002,6.019999999999982,0,21.34,0
2021-05-02,0.0,33.89,27.19,1010.08,14.32,49.61,Mundali_Barrage_Cuttack,Mahanadi,551.02,1517.15,21.34,26.5,27.5,29.2,5.965755757428442,0.0,0.53,0.5300000000000853,9.379999999999997,21.39,-0.05000000000000071,1585.763333333343,572.0800000000002,3.169999999999959,0,21.45,0
2021-05-03,0.0,34.45,26.96,1008.76,11.47,58.21,Mundali_Barrage_Cuttack,Mahanadi,470.04,1499.63,21.45,26.5,27.5,29.2,5.070892393814176,0.0,0.0,0.0,5.8599999999999985,21.34,0.10999999999999943,1569.7666666666764,510.5300000000001,4.490000000000009,0,21.47,0
2021-05-04,0.0,32.62,24.19,1008.5,22.81,49.63,Mundali_Barrage_Cuttack,Mahanadi,495.2,1338.21,21.47,26.5,27.5,29.2,4.310258534742049,0.0,0.0,0.0,5.859999999999998,21.45,0.019999999999999574,1451.663333333343,482.6200000000001,4.75,0,21.6,0
2021-05-05,4.12,34.88,24.69,1010.5,11.86,54.95,Mundali_Barrage_Cuttack,Mahanadi,674.32,1939.7,21.6,26.5,27.5,29.2,7.7837197545307415,0.0,0.0,4.120000000000085,4.649999999999998,21.47,0.13000000000000256,1592.513333333343,584.7600000000001,2.75,0,21.51,0
2021-05-06,0.0,31.07,19.63,1009.8,11.61,55.84,Mundali_Barrage_Cuttack,Mahanadi,596.36,1801.96,21.51,26.5,27.5,29.2,6.61616179135113,4.12,0.0,4.120000000000085,4.649999999999998,21.6,-0.08999999999999986,1693.2900000000097,635.3400000000001,3.4500000000000455,0,21.53,0
2021-05-07,0.0,33.86,22.5,1010.18,12.2,47.21,Mundali_Barrage_Cuttack,Mahanadi,432.21,1474.99,21.53,26.5,27.5,29.2,5.623737522648461,0.0,4.12,4.120000000000085,4.119999999999997,21.51,0.019999999999999574,1738.883333333343,514.2850000000002,3.07000000000005,0,21.4,0
2021-05-08,0.0,35.61,29.07,1008.64,12.8,59.08,Mundali_Barrage_Cuttack,Mahanadi,534.35,1480.77,21.4,26.5,27.5,29.2,4.780176894251191,0.0,0.0,0.0,4.119999999999997,21.53,-0.13000000000000256,1585.9066666666765,483.28000000000014,4.610000000000014,0,21.37,0
2021-05-09,0.0,30.97,23.04,1007.24,12.76,51.31,Mundali_Barrage_Cuttack,Mahanadi,422.09,1106.0,21.37,26.5,27.5,29.2,4.063150360113513,0.0,0.0,0.0,4.119999999999997,21.4,-0.029999999999997584,1353.9200000000098,478.22000000000014,6.009999999999991,0,21.35,0
2021-05-10,0.0,36.58,25.22,1006.83,11.7,60.85,Mundali_Barrage_Cuttack,Mahanadi,469.82,1339.16,21.35,26.5,27.5,29.2,3.4536778060964854,0.0,0.0,0.0,4.119999999999997,21.37,-0.019999999999999574,1308.6433333333432,445.9550000000001,6.419999999999959,0,21.42,0
2021-05-11,0.35,36.31,28.83,1007.16,15.17,59.95,Mundali_Barrage_Cuttack,Mahanadi,425.81,1390.54,21.42,26.5,27.5,29.2,3.285626135182013,0.0,0.0,0.35000000000008524,4.469999999999997,21.35,0.07000000000000028,1278.5666666666764,447.8150000000001,6.090000000000032,0,21.49,0
2021-05-12,0.0,38.41,31.01,1008.56,12.77,58.92,Mundali_Barrage_Cuttack,Mahanadi,479.35,1756.2,21.49,26.5,27.5,29.2,2.792782214904711,0.35,0.0,0.35000000000008524,0.3499999999999973,21.42,0.06999999999999673,1495.3000000000095,452.58000000000015,4.690000000000055,0,21.45,0
2021-05-13,1.17,35.46,29.02,1004.81,12.37,58.64,Mundali_Barrage_Cuttack,Mahanadi,619.48,1614.89,21.45,26.5,27.5,29.2,3.5438648826690042,0.0,0.35,1.5200000000000853,1.5199999999999974,21.49,-0.03999999999999915,1587.2100000000098,549.4150000000002,8.440000000000055,0,21.45,0
2021-05-14,0.0,37.53,27.56,1008.62,17.36,52.38,Mundali_Barrage_Cuttack,Mahanadi,595.16,1543.27,21.45,26.5,27.5,29.2,3.0122851502686534,1.17,0.0,1.1700000000000852,1.5199999999999974,21.45,0.0,1638.12000000001,607.3200000000002,4.6299999999999955,0,21.43,0
2021-05-15,0.0,32.98,25.16,1010.09,17.97,54.15,Mundali_Barrage_Cuttack,Mahanadi,429.53,1415.07,21.43,26.5,27.5,29.2,2.5604423777283554,0.0,1.17,1.1700000000000852,1.5199999999999974,21.45,-0.019999999999999574,1524.4100000000096,512.3450000000001,3.159999999999968,0,21.45,0
2021-05-16,0.0,35.8,29.21,1008.42,16.29,50.1,Mundali_Barrage_Cuttack,Mahanadi,599.18,1515.78,21.45,26.5,27.5,29.2,2.176376021069102,0.0,0.0,0.0,1.5199999999999974,21.43,0.019999999999999574,1491.373333333343,514.3550000000001,4.830000000000041,0,21.37,0
2021-05-17,0.0,32.83,24.2,1007.75,11.72,50.11,Mundali_Barrage_Cuttack,Mahanadi,416.32,962.58,21.37,26.5,27.5,29.2,1.8499196179087365,0.0,0.0,0.0,1.5199999999999974,21.45,-0.0799999999999983,1297.8100000000097,507.7500000000001,5.5,0,21.47,0
2021-05-18,4.39,38.35,31.81,1005.58,13.13,55.02,Mundali_Barrage_Cuttack,Mahanadi,652.94,2107.77,21.47,26.5,27.5,29.2,5.962431675222426,0.0,0.0,4.390000000000085,5.559999999999997,21.37,0.09999999999999787,1528.7100000000098,534.6300000000001,7.669999999999959,0,21.49,0
2021-05-19,0.0,31.58,19.98,1007.67,11.05,52.74,Mundali_Barrage_Cuttack,Mahanadi,506.95,1554.3,21.49,26.5,27.5,29.2,5.068066923939062,4.39,0.0,4.390000000000085,5.559999999999997,21.47,0.019999999999999574,1541.55000000001,579.9450000000002,5.580000000000041,0,21.44,0
2021-05-20,0.0,35.01,23.84,1006.55,14.6,54.95,Mundali_Barrage_Cuttack,Mahanadi,429.37,1304.2,21.44,26.5,27.5,29.2,4.307856885348203,0.0,4.39,4.390000000000085,4.389999999999997,21.49,-0.04999999999999716,1655.4233333333432,468.1600000000002,6.7000000000000455,0,21.61,0
2021-05-21,12.35,31.51,22.16,1006.21,15.47,57.43,Mundali_Barrage_Cuttack,Mahanadi,798.43,2522.87,21.61,26.5,27.5,29.2,16.01167835254597,0.0,0.0,12.350000000000085,16.739999999999995,21.44,0.16999999999999815,1793.7900000000097,613.9000000000001,7.039999999999964,0,26.57,1
2021-05-22,161.93,35.3,23.31,1000.07,51.47,98.7,Mundali_Barrage_Cuttack,Mahanadi,22822.03,43284.59,26.57,26.5,27.5,29.2,175.53992659966408,12.35,0.0,174.2800000000001,178.67000000000002,21.61,4.960000000000001,15703.886666666675,11810.23,13.17999999999995,1,24.79,0
2021-05-23,0.84,34.16,27.48,1009.11,15.22,59.83,Mundali_Barrage_Cuttack,Mahanadi,488.9,1602.52,24.79,26.5,27.5,29.2,150.04893760971447,161.93,12.35,175.1200000000001,179.51000000000002,26.57,-1.7800000000000011,15803.326666666675,11655.465,4.139999999999986,0,23.58,0
2021-05-24,0.0,36.92,28.2,1006.65,13.18,43.99,Mundali_Barrage_Cuttack,Mahanadi,478.25,1397.28,23.58,26.5,27.5,29.2,127.5415969682573,0.84,161.93,162.7700000000001,179.51000000000002,24.79,-1.2100000000000009,15428.13000000001,483.575,6.600000000000023,0,22.76,0
2021-05-25,0.0,36.22,24.59,1008.56,15.22,56.78,Mundali_Barrage_Cuttack,Mahanadi,429.15,1445.3,22.76,26.5,27.5,29.2,108.4103574230187,0.0,0.84,0.8400000000000852,175.12000000000003,23.58,-0.8199999999999967,1481.7000000000098,453.7,4.690000000000055,0,22.28,0
2021-05-26,0.0,33.4,25.5,1005.59,8.58,53.63,Mundali_Barrage_Cuttack,Mahanadi,413.48,1683.68,22.28,26.5,27.5,29.2,92.14880380956589,0.0,0.0,0.0,175.12000000000003,22.76,-0.4800000000000004,1508.753333333343,421.315,7.659999999999968,0,21.98,0
2021-05-27,0.0,35.25,28.91,1006.61,13.29,53.36,Mundali_Barrage_Cuttack,Mahanadi,484.37,1617.75,21.98,26.5,27.5,29.2,78.326483238131,0.0,0.0,0.0,175.12000000000003,22.28,-0.3000000000000007,1582.2433333333431,448.925,6.639999999999986,0,21.72,0
2021-05-28,0.0,36.49,27.93,1009.21,10.27,49.37,Mundali_Barrage_Cuttack,Mahanadi,465.13,1049.04,21.72,26.5,27.5,29.2,66.57751075241136,0.0,0.0,0.0,162.77,21.98,-0.26000000000000156,1450.1566666666765,474.75,4.039999999999964,0,21.61,0
2021-05-29,0.03,35.05,28.27,1010.16,15.3,58.71,Mundali_Barrage_Cuttack,Mahanadi,469.41,1407.59,21.61,26.5,27.5,29.2,56.62088413954965,0.0,0.0,0.030000000000085264,0.87,21.72,-0.10999999999999943,1358.1266666666763,467.27,3.090000000000032,0,21.57,0
2021-05-30,0.0,36.56,29.38,1007.16,15.98,49.63,Mundali_Barrage_Cuttack,Mahanadi,577.9,1428.14,21.57,26.5,27.5,29.2,48.1277515186172,0.03,0.0,0.030000000000085264,0.03,21.61,-0.03999999999999915,1294.9233333333432,523.655,6.090000000000032,0,21.57,0
2021-05-31,0.0,35.47,23.96,1006.67,18.05,47.44,Mundali_Barrage_Cuttack,Mahanadi,518.23,1522.3,21.57,26.5,27.5,29.2,40.90858879082462,0.0,0.03,0.030000000000085264,0.03,21.57,0.0,1452.6766666666765,548.065,6.580000000000041,0,21.62,0
2021-06-01,4.86,32.83,23.24,992.44,18.49,76.08,Mundali_Barrage_Cuttack,Mahanadi,575.54,1876.69,21.62,26.5,27.5,29.2,39.63230047220093,0.0,0.0,4.860000000000086,4.890000000000001,21.57,0.05000000000000071,1609.043333333343,546.885,20.809999999999945,0,21.73,0
2021-06-02,9.01,34.31,22.86,995.75,10.57,86.26,Mundali_Barrage_Cuttack,Mahanadi,761.12,2687.86,21.73,26.5,27.5,29.2,42.69745540137079,4.86,0.0,13.870000000000086,13.9,21.62,0.10999999999999943,2028.9500000000098,668.33,17.5,0,21.77,0
2021-06-03,13.97,36.71,27.69,995.3,18.12,82.58,Mundali_Barrage_Cuttack,Mahanadi,1005.42,3241.31,21.77,26.5,27.5,29.2,50.26283709116517,9.01,4.86,27.840000000000085,27.87,21.73,0.03999999999999915,2601.9533333333434,883.27,17.950000000000045,0,21.97,0
2021-06-04,11.64,33.05,25.91,994.88,14.62,89.87,Mundali_Barrage_Cuttack,Mahanadi,845.19,2758.13,21.97,26.5,27.5,29.2,54.36341152749039,13.97,9.01,34.62000000000009,39.510000000000005,21.77,0.1999999999999993,2895.766666666676,925.3050000000001,18.370000000000005,0,22.39,0
2021-06-05,40.82,35.03,23.37,990.59,21.26,92.26,Mundali_Barrage_Cuttack,Mahanadi,1811.48,6300.05,22.39,26.5,27.5,29.2,87.02889979836684,11.64,13.97,66.43000000000008,80.3,21.97,0.4200000000000017,4099.83000000001,1328.335,22.659999999999968,0,22.36,0
2021-06-06,19.97,35.53,24.16,991.19,16.68,79.12,Mundali_Barrage_Cuttack,Mahanadi,1183.25,3963.36,22.36,26.5,27.5,29.2,93.9445648286118,40.82,11.64,72.43000000000008,100.27,22.39,-0.030000000000001137,4340.513333333343,1497.365,22.059999999999945,0,22.19,0
2021-06-07,7.31,36.17,28.59,995.04,17.08,85.99,Mundali_Barrage_Cuttack,Mahanadi,755.65,2658.68,22.19,26.5,27.5,29.2,87.16288010432004,19.97,40.82,68.10000000000008,107.58,22.36,-0.16999999999999815,4307.363333333343,969.45,18.210000000000036,0,22.2,0
2021-06-08,18.48,34.64,27.6,993.46,20.89,86.43,Mundali_Barrage_Cuttack,Mahanadi,988.95,3456.07,22.2,26.5,27.5,29.2,92.56844808867203,7.31,19.97,45.760000000000076,121.19999999999999,22.19,0.00999999999999801,3359.37000000001,872.3,19.789999999999964,0,22.38,0
2021-06-09,26.75,36.75,27.06,992.28,20.38,87.61,Mundali_Barrage_Cuttack,Mahanadi,1311.54,4711.29,22.38,26.5,27.5,29.2,105.43318087537122,18.48,7.31,52.54000000000008,138.94,22.2,0.17999999999999972,3608.6800000000094,1150.245,20.970000000000027,0,22.55,0
2021-06-10,29.33,33.37,26.81,995.87,18.22,89.78,Mundali_Barrage_Cuttack,Mahanadi,1427.77,5114.35,22.55,26.5,27.5,29.2,118.94820374406554,26.75,18.48,74.56000000000007,154.29999999999998,22.38,0.1700000000000017,4427.236666666676,1369.6549999999997,17.379999999999995,0,24.36,0
2021-06-11,82.58,38.45,29.46,989.92,37.52,100.0,Mundali_Barrage_Cuttack,Mahanadi,8779.12,18582.34,24.36,26.5,27.5,29.2,183.6859731824557,29.33,26.75,138.66000000000008,225.24,22.55,1.8099999999999987,9469.326666666677,5103.445,23.33000000000004,0,24.19,0
2021-06-12,56.52,36.52,25.95,991.73,27.01,96.45,Mundali_Barrage_Cuttack,Mahanadi,2263.3,8298.33,24.19,26.5,27.5,29.2,212.65307720508736,82.58,29.33,168.43000000000006,240.94000000000003,24.36,-0.16999999999999815,10665.006666666675,5521.210000000001,21.519999999999982,0,30.2,3
2021-06-13,242.86,31.2,25.15,979.49,73.27,100.0,Mundali_Barrage_Cuttack,Mahanadi,32189.31,62409.53,30.2,26.5,27.5,29.2,423.6151156243243,56.52,82.58,381.9600000000001,463.83000000000004,24.19,6.009999999999998,29763.40000000001,17226.305,33.75999999999999,1,27.49,1
2021-06-14,21.79,36.68,27.49,994.75,21.03,87.95,Mundali_Barrage_Cuttack,Mahanadi,1132.55,4150.78,27.49,26.5,27.5,29.2,381.8628482806757,242.86,56.52,321.17000000000013,478.31000000000006,30.2,-2.710000000000001,24952.880000000005,16660.930000000004,18.5,0,25.74,0
2021-06-15,28.77,39.41,30.59,992.46,22.49,84.25,Mundali_Barrage_Cuttack,Mahanadi,1449.24,5030.7,25.74,26.5,27.5,29.2,353.3534210385743,21.79,242.86,293.4200000000001,488.6,27.49,-1.75,23863.67000000001,1290.8950000000018,20.789999999999964,0,24.27,0
2021-06-16,1.75,32.29,21.8,998.29,15.97,85.62,Mundali_Barrage_Cuttack,Mahanadi,608.32,1752.42,24.27,26.5,27.5,29.2,302.10040788278815,28.77,21.79,52.31000000000006,463.6,25.74,-1.4699999999999989,3644.6333333333405,1028.7800000000018,14.960000000000036,0,23.35,0
2021-06-17,1.11,38.24,27.23,996.03,12.83,86.54,Mundali_Barrage_Cuttack,Mahanadi,524.44,1707.93,23.35,26.5,27.5,29.2,257.89534670036994,1.75,28.77,31.630000000000056,435.38000000000005,24.27,-0.9199999999999982,2830.350000000007,566.3800000000019,17.220000000000027,0,23.0,0
2021-06-18,15.71,36.39,24.82,994.84,23.33,91.01,Mundali_Barrage_Cuttack,Mahanadi,970.12,3340.01,23.0,26.5,27.5,29.2,234.92104469531446,1.11,1.75,18.570000000000057,368.51000000000005,23.35,-0.3500000000000014,2266.786666666674,747.2800000000018,18.409999999999968,0,24.02,0
2021-06-19,67.92,36.09,28.97,992.09,32.49,100.0,Mundali_Barrage_Cuttack,Mahanadi,6059.05,14333.03,24.02,26.5,27.5,29.2,267.60288799101727,15.71,1.11,84.74000000000007,379.91,23.0,1.0199999999999996,6460.323333333341,3514.585000000002,21.159999999999968,0,23.25,0
2021-06-20,12.09,35.52,28.02,994.28,15.16,89.94,Mundali_Barrage_Cuttack,Mahanadi,946.96,2885.83,23.25,26.5,27.5,29.2,239.55245479236467,67.92,15.71,95.72000000000006,149.14,24.02,-0.7699999999999996,6852.956666666675,3503.005000000002,18.970000000000027,0,22.7,0
2021-06-21,5.95,36.33,29.86,996.46,19.36,80.04,Mundali_Barrage_Cuttack,Mahanadi,609.29,2084.98,22.7,26.5,27.5,29.2,209.56958657350995,12.09,67.92,85.96000000000005,133.3,23.25,-0.5500000000000007,6434.613333333341,778.1250000000018,16.789999999999964,0,22.75,0
2021-06-22,22.4,36.87,30.62,998.41,19.51,89.31,Mundali_Barrage_Cuttack,Mahanadi,1200.19,4297.47,22.75,26.5,27.5,29.2,200.53414858748346,5.95,12.09,40.440000000000055,126.92999999999999,22.7,0.05000000000000071,3089.426666666674,904.7400000000018,14.840000000000032,0,22.45,0
2021-06-23,4.62,38.57,29.05,993.28,18.83,82.4,Mundali_Barrage_Cuttack,Mahanadi,556.29,1993.92,22.45,26.5,27.5,29.2,175.07402629936095,22.4,5.95,32.970000000000056,129.79999999999998,22.75,-0.3000000000000007,2792.1233333333407,878.2400000000018,19.970000000000027,0,22.25,0
2021-06-24,8.62,41.43,30.72,996.19,21.08,78.68,Mundali_Barrage_Cuttack,Mahanadi,790.9,2543.02,22.25,26.5,27.5,29.2,157.43292235445682,4.62,22.4,35.64000000000006,137.31,22.45,-0.1999999999999993,2944.803333333341,673.5950000000018,17.059999999999945,0,22.05,0
2021-06-25,4.57,40.34,34.22,994.62,14.95,76.12,Mundali_Barrage_Cuttack,Mahanadi,693.28,1927.71,22.05,26.5,27.5,29.2,138.3879840012883,8.62,4.62,17.810000000000056,126.17,22.25,-0.1999999999999993,2154.8833333333405,742.0900000000017,18.629999999999995,0,22.88,0
2021-06-26,58.96,37.47,28.53,993.62,29.37,98.37,Mundali_Barrage_Cuttack,Mahanadi,2260.63,8456.94,22.88,26.5,27.5,29.2,176.58978640109504,4.57,8.62,72.15000000000006,117.21,22.05,0.8299999999999983,4309.223333333341,1476.9550000000017,19.629999999999995,0,22.48,0
2021-06-27,7.94,41.65,30.98,995.87,16.8,79.39,Mundali_Barrage_Cuttack,Mahanadi,711.98,2406.04,22.48,26.5,27.5,29.2,158.04131844093078,58.96,4.57,71.47000000000006,113.05999999999999,22.88,-0.3999999999999986,4263.56333333334,1486.3050000000019,17.379999999999995,0,22.07,0
2021-06-28,0.98,37.01,28.82,995.38,20.17,76.87,Mundali_Barrage_Cuttack,Mahanadi,493.6,1644.54,22.07,26.5,27.5,29.2,135.31512067479116,7.94,58.96,67.88000000000007,108.08999999999999,22.48,-0.41000000000000014,4169.17333333334,602.7900000000018,17.870000000000005,0,21.84,0
2021-06-29,2.17,38.38,28.55,993.96,19.47,84.61,Mundali_Barrage_Cuttack,Mahanadi,576.9,1930.94,21.84,26.5,27.5,29.2,117.18785257357248,0.98,7.94,11.090000000000057,87.86,22.07,-0.23000000000000043,1993.8400000000074,535.2500000000018,19.289999999999964,0,21.9,0
2021-06-30,11.45,36.58,26.69,991.2,12.3,90.18,Mundali_Barrage_Cuttack,Mahanadi,797.74,2657.36,21.9,26.5,27.5,29.2,111.05967468753661,2.17,0.98,14.600000000000055,94.69,21.84,0.05999999999999872,2077.6133333333405,687.3200000000018,22.049999999999955,0,28.17,2
2021-07-01,211.0,36.45,28.31,983.91,70.23,100.0,Mundali_Barrage_Cuttack,Mahanadi,28752.88,55044.05,28.17,26.5,27.5,29.2,305.4007234844061,11.45,2.17,224.62000000000006,297.07,21.9,6.270000000000003,19877.450000000008,14775.310000000003,29.340000000000032,1,25.89,0
2021-07-02,1.25,35.16,28.75,996.96,13.67,87.23,Mundali_Barrage_Cuttack,Mahanadi,605.18,1582.85,25.89,26.5,27.5,29.2,260.8406149617452,211.0,11.45,223.70000000000007,293.75,28.17,-2.280000000000001,19761.42000000001,14679.030000000002,16.289999999999964,0,24.86,0
2021-07-03,35.68,35.59,26.48,993.29,23.47,90.63,Mundali_Barrage_Cuttack,Mahanadi,1602.04,5740.06,24.86,26.5,27.5,29.2,257.39452271748337,1.25,211.0,247.93000000000006,270.46999999999997,25.89,-1.0300000000000011,20788.986666666675,1103.6100000000017,19.960000000000036,0,24.01,0
2021-07-04,23.75,38.4,27.13,993.0,18.41,76.36,Mundali_Barrage_Cuttack,Mahanadi,1116.25,4046.04,24.01,26.5,27.5,29.2,242.53534430986085,35.68,1.25,60.68000000000006,286.28,24.86,-0.8499999999999979,3789.6500000000074,1359.1450000000018,20.25,0,23.01,0
2021-07-05,2.05,39.08,31.39,995.65,20.49,80.34,Mundali_Barrage_Cuttack,Mahanadi,556.53,1464.39,23.01,26.5,27.5,29.2,208.20504266338173,23.75,35.68,61.480000000000054,287.34999999999997,24.01,-1.0,3750.1633333333407,836.3900000000018,17.600000000000023,0,22.51,0
2021-07-06,4.95,39.61,29.85,996.3,12.81,85.32,Mundali_Barrage_Cuttack,Mahanadi,557.57,2114.81,22.51,26.5,27.5,29.2,181.92428626387445,2.05,23.75,30.750000000000057,290.13,23.01,-0.5,2541.7466666666737,557.0500000000018,16.950000000000045,0,24.24,0
2021-07-07,81.61,36.99,25.39,992.4,37.26,100.0,Mundali_Barrage_Cuttack,Mahanadi,9497.94,19509.91,24.24,26.5,27.5,29.2,236.24564332429327,4.95,2.05,88.61000000000006,360.28999999999996,22.51,1.7299999999999969,7696.370000000007,5027.755000000002,20.850000000000023,0,23.36,0
2021-07-08,6.92,41.23,34.6,996.46,18.09,81.28,Mundali_Barrage_Cuttack,Mahanadi,720.38,2303.95,23.36,26.5,27.5,29.2,207.72879682564925,81.61,4.95,93.48000000000006,156.20999999999998,24.24,-0.879999999999999,7976.2233333333415,5109.160000000002,16.789999999999964,0,23.04,0
2021-07-09,20.45,40.16,29.79,992.16,24.43,82.03,Mundali_Barrage_Cuttack,Mahanadi,1203.32,3998.94,23.04,26.5,27.5,29.2,197.01947730180186,6.92,81.61,108.98000000000005,175.41,23.36,-0.3200000000000003,8604.266666666674,961.8500000000017,21.090000000000032,0,23.14,0
2021-07-10,33.65,35.37,27.91,993.54,25.44,91.87,Mundali_Barrage_Cuttack,Mahanadi,1503.12,5562.29,23.14,26.5,27.5,29.2,201.11655570653159,20.45,6.92,61.02000000000005,173.38,23.04,0.10000000000000142,3955.060000000007,1353.2200000000016,19.710000000000036,0,22.8,0
2021-07-11,13.31,38.7,26.75,993.82,15.21,89.29,Mundali_Barrage_Cuttack,Mahanadi,926.12,3123.53,22.8,26.5,27.5,29.2,184.25907235055183,33.65,20.45,67.41000000000005,162.93999999999997,23.14,-0.33999999999999986,4228.25333333334,1214.6200000000017,19.42999999999995,0,22.64,0
2021-07-12,19.49,41.67,31.04,994.16,13.68,94.52,Mundali_Barrage_Cuttack,Mahanadi,1084.08,4090.73,22.64,26.5,27.5,29.2,176.11021149796906,13.31,33.65,66.45000000000005,180.38,22.8,-0.16000000000000014,4258.850000000008,1005.1000000000017,19.090000000000032,0,22.53,0
2021-07-13,19.52,37.7,28.67,999.07,20.23,85.52,Mundali_Barrage_Cuttack,Mahanadi,1076.74,3710.15,22.53,26.5,27.5,29.2,169.2136797732737,19.49,13.31,52.32000000000005,194.95,22.64,-0.10999999999999943,3641.470000000007,1080.4100000000017,14.17999999999995,0,22.51,0
2021-07-14,21.85,38.77,31.96,995.45,16.44,88.79,Mundali_Barrage_Cuttack,Mahanadi,1090.31,4163.69,22.51,26.5,27.5,29.2,165.68162780728264,19.52,19.49,60.860000000000056,135.19,22.53,-0.019999999999999574,3988.1900000000073,1083.525000000002,17.799999999999955,0,24.11,0
2021-07-15,76.1,38.02,29.72,989.19,32.39,100.0,Mundali_Barrage_Cuttack,Mahanadi,8351.96,17632.57,24.11,26.5,27.5,29.2,216.92938363619024,21.85,19.52,117.47000000000006,204.37,22.51,1.5999999999999979,8502.136666666675,4721.135000000001,24.059999999999945,0,23.32,0
2021-07-16,5.24,36.87,27.2,995.73,20.44,86.19,Mundali_Barrage_Cuttack,Mahanadi,748.86,2057.5,23.32,26.5,27.5,29.2,189.62997609076172,76.1,21.85,103.19000000000005,189.16,24.11,-0.7899999999999991,7951.25333333334,4550.410000000002,17.519999999999982,0,24.48,0
2021-07-17,77.72,38.52,27.15,990.22,32.94,100.0,Mundali_Barrage_Cuttack,Mahanadi,7442.56,16752.17,24.48,26.5,27.5,29.2,238.90547967714744,5.24,76.1,159.06000000000006,233.22999999999996,23.32,1.1600000000000001,12147.41333333334,4095.710000000002,23.029999999999973,0,28.7,2
2021-07-18,167.94,38.71,29.04,982.8,57.11,100.0,Mundali_Barrage_Cuttack,Mahanadi,24661.85,45852.53,28.7,26.5,27.5,29.2,371.0096577255753,77.72,5.24,250.90000000000006,387.86,24.48,4.219999999999999,21554.066666666673,16052.205000000002,30.450000000000045,1,26.37,0
2021-07-19,15.94,35.88,29.59,995.44,20.55,88.77,Mundali_Barrage_Cuttack,Mahanadi,1072.86,3472.61,26.37,26.5,27.5,29.2,331.298209066739,167.94,77.72,261.6000000000001,384.31,28.7,-2.3299999999999983,22025.770000000004,12867.355000000001,17.809999999999945,0,24.8,0
2021-07-20,4.98,40.47,32.54,995.31,13.36,83.86,Mundali_Barrage_Cuttack,Mahanadi,655.23,2460.6,24.8,26.5,27.5,29.2,286.58347770672816,15.94,167.94,188.86000000000007,369.77,26.37,-1.5700000000000003,17261.91333333334,864.0450000000018,17.940000000000055,0,23.7,0
2021-07-21,1.26,36.4,29.26,995.37,12.97,76.3,Mundali_Barrage_Cuttack,Mahanadi,441.54,1627.07,23.7,26.5,27.5,29.2,244.85595605071893,4.98,15.94,22.180000000000085,349.17999999999995,24.8,-1.1000000000000014,2520.0933333333405,548.3850000000018,17.879999999999995,0,23.32,0
2021-07-22,18.57,40.0,30.15,994.81,18.48,85.66,Mundali_Barrage_Cuttack,Mahanadi,980.19,3826.95,23.32,26.5,27.5,29.2,226.69756264311107,1.26,4.98,24.810000000000088,291.65,23.7,-0.379999999999999,2638.2066666666738,710.8650000000018,18.440000000000055,0,23.57,0
2021-07-23,58.23,40.23,30.6,992.01,26.67,99.96,Mundali_Barrage_Cuttack,Mahanadi,2283.39,8459.89,23.57,26.5,27.5,29.2,250.9229282466444,18.57,1.26,78.06000000000009,344.64,23.32,0.25,4637.970000000007,1631.7900000000018,21.24000000000001,0,22.92,0
2021-07-24,4.24,39.93,30.66,993.55,15.41,82.99,Mundali_Barrage_Cuttack,Mahanadi,583.35,2130.56,22.92,26.5,27.5,29.2,217.52448900964774,58.23,18.57,81.04000000000008,271.15999999999997,23.57,-0.6499999999999986,4805.800000000007,1433.3700000000017,19.700000000000045,0,23.19,0
2021-07-25,51.75,37.48,25.61,992.86,26.8,91.36,Mundali_Barrage_Cuttack,Mahanadi,2093.63,7696.18,23.19,26.5,27.5,29.2,236.64581565820058,4.24,58.23,114.22000000000008,154.96999999999997,22.92,0.2699999999999996,6095.543333333339,1338.4900000000018,20.389999999999986,0,22.79,0
2021-07-26,12.68,39.66,32.01,993.68,20.07,82.42,Mundali_Barrage_Cuttack,Mahanadi,974.22,3107.7,22.79,26.5,27.5,29.2,213.8289433094705,51.75,4.24,68.67000000000007,151.70999999999998,23.19,-0.40000000000000213,4311.480000000007,1533.925000000002,19.57000000000005,0,22.38,0
2021-07-27,0.89,36.32,28.14,996.33,14.54,80.67,Mundali_Barrage_Cuttack,Mahanadi,567.21,1497.09,22.38,26.5,27.5,29.2,182.64460181304992,12.68,51.75,65.32000000000008,147.61999999999998,22.79,-0.41000000000000014,4100.32333333334,770.7150000000019,16.91999999999996,0,22.34,0
2021-07-28,16.37,40.61,31.72,992.58,16.92,87.83,Mundali_Barrage_Cuttack,Mahanadi,948.68,3304.72,22.34,26.5,27.5,29.2,171.61791154109244,0.89,12.68,29.94000000000008,162.72999999999996,22.38,-0.03999999999999915,2636.50333333334,757.9450000000018,20.66999999999996,0,22.11,0
2021-07-29,6.03,38.71,29.27,996.54,16.86,82.03,Mundali_Barrage_Cuttack,Mahanadi,593.5,1908.35,22.11,26.5,27.5,29.2,151.90522480992857,16.37,0.89,23.29000000000008,150.18999999999997,22.34,-0.23000000000000043,2236.7200000000066,771.0900000000017,16.710000000000036,0,24.05,0
2021-07-30,79.81,37.89,31.59,990.18,36.5,99.57,Mundali_Barrage_Cuttack,Mahanadi,9162.35,19140.47,24.05,26.5,27.5,29.2,208.9294410884393,6.03,16.37,102.21000000000008,171.76999999999998,22.11,1.9400000000000013,8117.8466666666745,4877.925000000002,23.07000000000005,0,23.46,0
2021-07-31,21.36,43.63,34.69,993.44,14.1,88.88,Mundali_Barrage_Cuttack,Mahanadi,1063.22,4088.25,23.46,26.5,27.5,29.2,198.9500249251734,79.81,6.03,107.20000000000007,188.89,24.05,-0.5899999999999999,8379.02333333334,5112.785000000002,19.809999999999945,0,23.06,0
2021-08-01,16.99,41.1,33.13,995.19,18.23,84.13,Mundali_Barrage_Cuttack,Mahanadi,993.17,3545.43,23.06,26.5,27.5,29.2,186.09752118639742,21.36,79.81,118.16000000000007,154.12999999999997,23.46,-0.40000000000000213,8924.716666666674,1028.1950000000018,18.059999999999945,0,22.76,0
2021-08-02,22.02,41.34,32.61,995.72,23.04,89.29,Mundali_Barrage_Cuttack,Mahanadi,1167.87,3939.28,22.76,26.5,27.5,29.2,180.2028930084378,16.99,21.36,60.37000000000007,163.46999999999997,23.06,-0.29999999999999716,3857.6533333333405,1080.5200000000018,17.529999999999973,0,22.53,0
2021-08-03,18.32,46.06,38.93,994.55,19.46,90.86,Mundali_Barrage_Cuttack,Mahanadi,1018.18,3417.28,22.53,26.5,27.5,29.2,171.4924590571721,22.02,16.99,57.33000000000007,180.89999999999998,22.76,-0.23000000000000043,3633.9966666666737,1093.0250000000017,18.700000000000045,0,27.75,2
2021-08-04,188.71,35.86,26.32,985.7,60.75,100.0,Mundali_Barrage_Cuttack,Mahanadi,24755.92,48142.0,27.75,26.5,27.5,29.2,334.4785901985963,18.32,22.02,229.05000000000007,353.24,22.53,5.219999999999999,18499.520000000008,12887.050000000001,27.549999999999955,1,25.58,0
2021-08-05,5.38,44.47,36.51,996.57,13.55,75.24,Mundali_Barrage_Cuttack,Mahanadi,709.76,2173.13,25.58,26.5,27.5,29.2,289.6868016688068,188.71,18.32,212.41000000000008,352.59,27.75,-2.1700000000000017,17910.80333333334,12732.84,16.67999999999995,0,30.2,3
2021-08-06,220.92,37.34,30.97,983.18,65.92,100.0,Mundali_Barrage_Cuttack,Mahanadi,26541.02,52964.18,30.2,26.5,27.5,29.2,467.1537814184858,5.38,188.71,415.0100000000001,493.69999999999993,25.58,4.620000000000001,34426.436666666676,13625.390000000001,30.07000000000005,1,27.16,1
2021-08-07,1.9,37.13,28.95,998.05,16.46,77.04,Mundali_Barrage_Cuttack,Mahanadi,588.62,1992.27,27.16,26.5,27.5,29.2,398.9807142057129,220.92,5.38,228.20000000000007,474.23999999999995,30.2,-3.039999999999999,19043.19333333334,13564.820000000002,15.200000000000045,0,27.3,1
2021-08-08,98.81,38.09,29.41,992.87,40.87,100.0,Mundali_Barrage_Cuttack,Mahanadi,8122.54,19150.44,27.3,26.5,27.5,29.2,437.94360707485595,1.9,220.92,321.6300000000001,556.06,27.16,0.14000000000000057,24702.296666666673,4355.580000000002,20.379999999999995,0,25.57,0
2021-08-09,18.59,39.23,32.72,994.04,15.98,90.72,Mundali_Barrage_Cuttack,Mahanadi,962.32,3676.68,25.57,26.5,27.5,29.2,390.8420660136275,98.81,1.9,119.3000000000001,552.63,27.3,-1.7300000000000004,8273.130000000006,4542.430000000002,19.210000000000036,0,24.62,0
2021-08-10,32.8,39.34,31.14,990.34,21.3,88.68,Mundali_Barrage_Cuttack,Mahanadi,1454.93,5226.29,24.62,26.5,27.5,29.2,365.0157561115834,18.59,98.81,150.2000000000001,567.1099999999999,25.57,-0.9499999999999993,9351.136666666673,1208.6250000000018,22.909999999999968,0,24.04,0
2021-08-11,30.52,40.54,33.38,991.48,21.15,92.24,Mundali_Barrage_Cuttack,Mahanadi,1389.55,4914.82,24.04,26.5,27.5,29.2,340.7833926948459,32.8,18.59,81.91000000000008,408.91999999999996,24.62,-0.5800000000000018,4605.930000000007,1422.2400000000016,21.769999999999982,0,23.22,0
2021-08-12,7.23,41.95,35.49,994.22,16.89,79.62,Mundali_Barrage_Cuttack,Mahanadi,731.84,2184.87,23.22,26.5,27.5,29.2,296.895883790619,30.52,32.8,70.55000000000008,410.77,24.04,-0.8200000000000003,4108.660000000007,1060.6950000000018,19.029999999999973,0,22.87,0
2021-08-13,11.62,38.1,28.2,995.87,17.19,80.41,Mundali_Barrage_Cuttack,Mahanadi,814.66,2899.62,22.87,26.5,27.5,29.2,263.9815012220261,7.23,30.52,49.37000000000008,201.46999999999997,23.22,-0.34999999999999787,3333.1033333333403,773.2500000000018,17.379999999999995,0,22.57,0
2021-08-14,16.09,43.37,31.37,995.45,13.59,95.19,Mundali_Barrage_Cuttack,Mahanadi,906.66,3330.79,22.57,26.5,27.5,29.2,240.4742760387222,11.62,7.23,34.94000000000008,215.65999999999997,22.87,-0.3000000000000007,2805.09333333334,860.6600000000018,17.799999999999955,0,22.23,0
2021-08-15,7.14,36.93,25.45,995.05,11.61,76.91,Mundali_Barrage_Cuttack,Mahanadi,776.88,2544.18,22.23,26.5,27.5,29.2,211.54313463291385,16.09,11.62,34.85000000000009,123.98999999999997,22.57,-0.33999999999999986,2924.8633333333405,841.7700000000018,18.200000000000045,0,22.23,0
2021-08-16,13.55,43.91,35.9,997.55,17.5,91.52,Mundali_Barrage_Cuttack,Mahanadi,840.63,2899.19,22.23,26.5,27.5,29.2,193.36166443797677,7.14,16.09,36.780000000000086,118.94999999999997,22.23,0.0,2924.720000000007,808.7550000000018,15.700000000000045,0,22.23,0
2021-08-17,14.22,41.28,33.23,996.74,17.0,80.78,Mundali_Barrage_Cuttack,Mahanadi,989.83,3351.18,22.23,26.5,27.5,29.2,178.57741477228024,13.55,7.14,34.91000000000009,100.36999999999998,22.23,0.0,2931.5166666666737,915.2300000000018,16.50999999999999,0,22.3,0
2021-08-18,19.2,40.08,28.31,997.51,22.57,89.79,Mundali_Barrage_Cuttack,Mahanadi,1033.13,3798.84,22.3,26.5,27.5,29.2,170.99080255643818,14.22,13.55,46.970000000000084,89.04999999999998,22.23,0.07000000000000028,3349.7366666666735,1011.4800000000018,15.740000000000009,0,22.02,0
2021-08-19,3.24,43.3,32.14,993.0,13.62,85.4,Mundali_Barrage_Cuttack,Mahanadi,499.83,1903.05,22.02,26.5,27.5,29.2,148.58218217297247,19.2,14.22,36.66000000000009,85.05999999999997,22.3,-0.28000000000000114,3017.6900000000073,766.4800000000018,20.25,0,22.37,0
2021-08-20,30.94,42.09,30.41,992.55,16.48,86.98,Mundali_Barrage_Cuttack,Mahanadi,1343.8,4744.23,22.37,26.5,27.5,29.2,157.2348548470266,3.24,19.2,53.38000000000008,104.37999999999997,22.02,0.3500000000000014,3482.040000000007,921.8150000000018,20.700000000000045,0,22.39,0
2021-08-21,26.13,44.18,36.47,995.04,22.77,86.45,Mundali_Barrage_Cuttack,Mahanadi,1187.42,4316.62,22.39,26.5,27.5,29.2,159.77962661997262,30.94,3.24,60.31000000000009,114.41999999999996,22.37,0.019999999999999574,3654.63333333334,1265.610000000002,18.210000000000036,0,22.09,0
2021-08-22,1.62,47.66,37.29,996.32,18.09,74.58,Mundali_Barrage_Cuttack,Mahanadi,470.97,1344.19,22.09,26.5,27.5,29.2,137.4326826269767,26.13,30.94,58.69000000000008,108.89999999999998,22.39,-0.3000000000000007,3468.3466666666736,829.1950000000019,16.92999999999995,0,22.3,0
2021-08-23,24.65,39.29,32.78,995.68,19.29,87.38,Mundali_Barrage_Cuttack,Mahanadi,1195.02,4313.84,22.3,26.5,27.5,29.2,141.4677802329302,1.62,26.13,52.400000000000084,119.99999999999997,22.09,0.21000000000000085,3324.8833333333405,832.9950000000018,17.57000000000005,0,22.33,0
2021-08-24,19.42,43.92,35.82,995.85,13.85,80.35,Mundali_Barrage_Cuttack,Mahanadi,1061.03,3801.94,22.33,26.5,27.5,29.2,139.66761319799068,24.65,1.62,45.69000000000008,125.19999999999996,22.3,0.029999999999997584,3153.3233333333405,1128.025000000002,17.399999999999977,0,27.31,1
2021-08-25,164.6,43.44,33.21,985.33,54.78,100.0,Mundali_Barrage_Cuttack,Mahanadi,24692.02,46230.15,27.31,26.5,27.5,29.2,283.3174712182921,19.42,24.65,208.67000000000007,270.59999999999997,22.33,4.98,18115.31000000001,12876.525000000001,27.91999999999996,1,25.73,0
2021-08-26,30.37,40.46,33.33,997.34,31.31,95.59,Mundali_Barrage_Cuttack,Mahanadi,1505.4,4970.6,25.73,26.5,27.5,29.2,271.18985053554826,164.6,19.42,214.39000000000007,297.72999999999996,27.31,-1.5799999999999983,18334.230000000007,13098.710000000003,15.909999999999968,0,24.92,0
2021-08-27,46.59,40.59,30.27,993.69,28.57,95.98,Mundali_Barrage_Cuttack,Mahanadi,1939.1,6899.58,24.92,26.5,27.5,29.2,277.101372955216,30.37,164.6,241.5600000000001,313.38,25.73,-0.8099999999999987,19366.776666666676,1722.2500000000018,19.559999999999945,0,29.62,3
2021-08-28,263.77,41.96,32.71,979.61,81.28,100.0,Mundali_Barrage_Cuttack,Mahanadi,20945.28,49234.14,29.62,26.5,27.5,29.2,499.30616701193355,46.59,30.37,340.7300000000001,551.02,24.92,4.699999999999999,20368.106666666674,11442.19,33.639999999999986,1,26.76,1
2021-08-29,0.23,45.53,34.03,996.92,17.1,88.13,Mundali_Barrage_Cuttack,Mahanadi,431.52,1718.76,26.76,26.5,27.5,29.2,424.64024196014356,263.77,46.59,310.5900000000001,549.63,29.62,-2.8599999999999994,19284.160000000007,10688.400000000001,16.33000000000004,0,27.16,1
2021-08-30,102.06,46.25,37.75,990.47,40.01,100.0,Mundali_Barrage_Cuttack,Mahanadi,7780.9,18996.14,27.16,26.5,27.5,29.2,463.004205666122,0.23,263.77,366.0600000000001,627.04,26.76,0.3999999999999986,23316.346666666675,4106.210000000002,22.779999999999973,0,25.17,0
2021-08-31,2.16,43.31,31.94,997.0,11.54,85.24,Mundali_Barrage_Cuttack,Mahanadi,600.15,1606.97,25.17,26.5,27.5,29.2,395.71357481620373,102.06,0.23,104.45000000000012,609.78,27.16,-1.9899999999999984,7440.62333333334,4190.5250000000015,16.25,0,24.23,0
2021-09-01,24.31,44.66,37.54,992.72,15.58,95.01,Mundali_Barrage_Cuttack,Mahanadi,1272.15,4310.29,24.23,26.5,27.5,29.2,360.66653859377317,2.16,102.06,128.53000000000011,469.49,25.17,-0.9400000000000013,8304.466666666674,936.1500000000019,20.529999999999973,0,23.37,0
2021-09-02,6.64,39.53,30.84,994.73,19.08,79.81,Mundali_Barrage_Cuttack,Mahanadi,670.86,2021.8,23.37,26.5,27.5,29.2,313.2065578047072,24.31,2.16,33.11000000000011,445.76,24.23,-0.8599999999999994,2646.3533333333407,971.5050000000019,18.519999999999982,0,24.62,0
2021-09-03,99.35,42.84,35.9,991.68,39.25,100.0,Mundali_Barrage_Cuttack,Mahanadi,6467.0,16773.49,24.62,26.5,27.5,29.2,365.57557413400104,6.64,24.31,130.3000000000001,498.52,23.37,1.25,7701.860000000008,3568.930000000002,21.57000000000005,0,23.94,0
2021-09-04,29.44,44.29,33.79,994.03,28.84,89.46,Mundali_Barrage_Cuttack,Mahanadi,1329.97,4869.23,23.94,26.5,27.5,29.2,340.1792380139009,99.35,6.64,135.43000000000012,264.19,24.62,-0.6799999999999997,7888.17333333334,3898.4850000000024,19.220000000000027,0,23.28,0
2021-09-05,11.03,41.88,33.92,995.51,15.1,86.08,Mundali_Barrage_Cuttack,Mahanadi,888.54,2944.97,23.28,26.5,27.5,29.2,300.1823523118157,29.44,99.35,139.82000000000014,274.99,23.94,-0.6600000000000001,8195.896666666675,1109.2550000000024,17.74000000000001,0,22.65,0
2021-09-06,0.68,41.15,33.57,993.1,15.68,77.75,Mundali_Barrage_Cuttack,Mahanadi,422.32,1391.65,22.65,26.5,27.5,29.2,255.83499946504332,11.03,29.44,41.15000000000011,173.60999999999999,23.28,-0.6300000000000026,3068.6166666666736,655.4300000000022,20.149999999999977,0,22.48,0
2021-09-07,20.24,44.31,37.88,992.24,20.82,91.71,Mundali_Barrage_Cuttack,Mahanadi,1205.28,3957.43,22.48,26.5,27.5,29.2,237.69974954528683,0.68,11.03,31.950000000000113,191.69,22.65,-0.16999999999999815,2764.68333333334,813.8000000000022,21.00999999999999,0,22.74,0
2021-09-08,39.19,42.06,32.21,996.73,24.13,91.67,Mundali_Barrage_Cuttack,Mahanadi,1646.49,6226.35,22.74,26.5,27.5,29.2,241.2347871134938,20.24,0.68,60.11000000000011,206.57,22.48,0.259999999999998,3858.476666666674,1425.8850000000023,16.519999999999982,0,22.95,0
2021-09-09,42.13,39.96,30.11,992.18,26.78,96.59,Mundali_Barrage_Cuttack,Mahanadi,1813.18,6395.72,22.95,26.5,27.5,29.2,247.17956904646974,39.19,20.24,101.56000000000012,242.06,22.74,0.21000000000000085,5526.500000000007,1729.8350000000023,21.07000000000005,0,22.68,0
2021-09-10,11.73,44.68,35.51,995.54,24.86,88.51,Mundali_Barrage_Cuttack,Mahanadi,951.21,3247.84,22.68,26.5,27.5,29.2,221.83263368949926,42.13,39.19,93.05000000000011,154.44,22.95,-0.2699999999999996,5289.9700000000075,1382.1950000000024,17.710000000000036,0,22.88,0
2021-09-11,38.74,42.81,33.12,994.76,20.96,93.43,Mundali_Barrage_Cuttack,Mahanadi,1643.55,6137.49,22.88,26.5,27.5,29.2,227.29773863607437,11.73,42.13,92.60000000000011,163.74,22.68,0.1999999999999993,5260.350000000007,1297.3800000000024,18.49000000000001,0,22.99,0
2021-09-12,40.92,40.49,29.46,991.9,25.96,86.73,Mundali_Barrage_Cuttack,Mahanadi,1660.88,6114.62,22.99,26.5,27.5,29.2,234.1230778406632,38.74,11.73,91.39000000000011,193.63,22.88,0.10999999999999943,5166.650000000007,1652.2150000000024,21.350000000000023,0,24.13,0
2021-09-13,76.97,46.18,38.12,990.23,35.46,100.0,Mundali_Barrage_Cuttack,Mahanadi,6177.77,14953.3,24.13,26.5,27.5,29.2,275.9746161645637,40.92,38.74,156.6300000000001,269.92,22.99,1.1400000000000006,9068.470000000007,3919.3250000000025,23.019999999999982,0,25.38,0
2021-09-14,86.95,45.89,36.67,991.26,31.85,100.0,Mundali_Barrage_Cuttack,Mahanadi,8142.71,18423.07,25.38,26.5,27.5,29.2,321.52842373987914,76.97,40.92,204.84000000000012,336.63,24.13,1.25,13163.66333333334,7160.2400000000025,21.99000000000001,0,30.02,3
2021-09-15,229.72,43.35,34.02,982.16,72.63,100.0,Mundali_Barrage_Cuttack,Mahanadi,24561.48,50856.71,30.02,26.5,27.5,29.2,503.0191601788972,86.95,76.97,393.6400000000001,527.16,25.38,4.640000000000001,28077.69333333334,16352.095000000001,31.090000000000032,1,30.2,3
2021-09-16,137.9,42.98,33.82,988.83,50.59,100.0,Mundali_Barrage_Cuttack,Mahanadi,24654.3,43904.64,30.2,26.5,27.5,29.2,565.4662861520626,229.72,86.95,454.5700000000001,622.9300000000001,30.02,0.17999999999999972,37728.14000000001,24607.890000000003,24.41999999999996,1,27.27,1
2021-09-17,6.55,43.22,36.24,994.51,12.95,89.28,Mundali_Barrage_Cuttack,Mahanadi,660.1,2408.11,27.27,26.5,27.5,29.2,487.1963432292532,137.9,229.72,374.17000000000013,617.75,30.2,-2.9299999999999997,32389.820000000003,12657.200000000003,18.74000000000001,0,25.48,0
2021-09-18,17.43,43.95,36.13,993.86,15.5,89.5,Mundali_Barrage_Cuttack,Mahanadi,1076.68,3797.98,25.48,26.5,27.5,29.2,431.5468917448652,6.55,137.9,161.8800000000001,596.4399999999999,27.27,-1.7899999999999991,16703.576666666675,868.3900000000037,19.389999999999986,0,24.61,0
2021-09-19,32.62,39.83,29.34,993.36,23.81,90.07,Mundali_Barrage_Cuttack,Mahanadi,1566.86,5293.86,24.61,26.5,27.5,29.2,399.43485798313543,17.43,6.55,56.60000000000011,588.14,25.48,-0.870000000000001,3833.3166666666743,1321.7700000000036,19.889999999999986,0,25.06,0
2021-09-20,62.27,41.39,33.04,992.58,32.42,100.0,Mundali_Barrage_Cuttack,Mahanadi,5928.56,13496.01,25.06,26.5,27.5,29.2,401.7896292856651,32.62,17.43,112.3200000000001,573.4399999999999,24.61,0.4499999999999993,7529.28333333334,3747.7100000000037,20.66999999999996,0,24.2,0
2021-09-21,27.44,41.28,30.97,993.97,26.47,90.41,Mundali_Barrage_Cuttack,Mahanadi,1300.23,4662.62,24.2,26.5,27.5,29.2,368.9611848928153,62.27,32.62,122.33000000000011,513.93,25.06,-0.8599999999999994,7817.496666666673,3614.395000000004,19.279999999999973,0,23.35,0
2021-09-22,8.02,45.12,33.74,994.66,7.51,90.2,Mundali_Barrage_Cuttack,Mahanadi,821.24,2505.98,23.35,26.5,27.5,29.2,321.63700715889297,27.44,62.27,97.73000000000012,292.22999999999996,24.2,-0.8499999999999979,6888.203333333339,1060.7350000000038,18.590000000000032,0,22.59,0
2021-09-23,0.88,38.68,27.13,995.73,14.41,80.4,Mundali_Barrage_Cuttack,Mahanadi,612.63,1468.94,22.59,26.5,27.5,29.2,274.271456085059,8.02,27.44,36.34000000000012,155.21,23.35,-0.7600000000000016,2879.1800000000076,716.9350000000036,17.519999999999982,0,22.52,0
2021-09-24,22.29,46.75,36.39,993.34,18.11,85.61,Mundali_Barrage_Cuttack,Mahanadi,1184.41,3933.18,22.52,26.5,27.5,29.2,255.42073767230013,0.88,8.02,31.19000000000011,170.95,22.59,-0.07000000000000028,2636.0333333333406,898.5200000000037,19.909999999999968,0,24.46,0
2021-09-25,97.02,44.42,36.88,990.85,33.81,100.0,Mundali_Barrage_Cuttack,Mahanadi,9363.37,20650.99,24.46,26.5,27.5,29.2,314.1276270214551,22.29,0.88,120.19000000000011,250.54000000000002,22.52,1.9400000000000013,8684.370000000008,5273.890000000004,22.399999999999977,0,23.73,0
2021-09-26,20.32,39.1,30.82,996.12,23.82,85.04,Mundali_Barrage_Cuttack,Mahanadi,1171.35,4034.89,23.73,26.5,27.5,29.2,287.3284829682368,97.02,22.29,139.6300000000001,238.24,24.46,-0.7300000000000004,9539.686666666674,5267.360000000004,17.129999999999995,0,23.22,0
2021-09-27,16.82,42.67,33.3,995.65,14.18,85.07,Mundali_Barrage_Cuttack,Mahanadi,915.59,3349.83,23.22,26.5,27.5,29.2,261.0492105230013,20.32,97.02,134.1600000000001,192.79,23.73,-0.5100000000000016,9345.236666666677,1043.4700000000037,17.600000000000023,0,23.54,0
2021-09-28,58.58,47.47,37.32,991.08,31.54,98.05,Mundali_Barrage_Cuttack,Mahanadi,2289.16,8649.14,23.54,26.5,27.5,29.2,280.4718289445511,16.82,20.32,95.72000000000011,223.93,23.22,0.3200000000000003,5344.620000000008,1602.3750000000036,22.16999999999996,0,23.14,0
2021-09-29,23.52,42.88,31.95,993.47,23.25,90.99,Mundali_Barrage_Cuttack,Mahanadi,1138.91,4143.43,23.14,26.5,27.5,29.2,261.9210546028684,58.58,16.82,98.92000000000012,239.43,23.54,-0.3999999999999986,5380.800000000008,1714.0350000000035,19.779999999999973,0,25.04,0
2021-09-30,91.12,45.17,34.42,988.92,36.66,99.88,Mundali_Barrage_Cuttack,Mahanadi,10078.97,21595.47,25.04,26.5,27.5,29.2,313.7528964124382,23.52,58.58,173.2200000000001,329.66999999999996,23.14,1.8999999999999986,11462.680000000008,5608.940000000003,24.33000000000004,0,23.8,0
2021-10-01,0.0,41.98,34.8,1007.43,12.34,49.51,Mundali_Barrage_Cuttack,Mahanadi,425.98,1419.47,23.8,26.5,27.5,29.2,266.68996195057247,91.12,23.52,114.64000000000011,307.38,25.04,-1.2399999999999984,9052.79000000001,5252.475000000003,5.82000000000005,0,23.06,0
2021-10-02,4.57,43.18,33.91,1009.19,11.66,64.28,Mundali_Barrage_Cuttack,Mahanadi,668.39,2114.29,23.06,26.5,27.5,29.2,231.25646765798658,0.0,91.12,95.69000000000011,214.92999999999998,23.8,-0.740000000000002,8376.410000000009,547.1850000000036,4.059999999999945,0,22.56,0
2021-10-03,0.14,47.32,35.99,1005.2,12.61,48.52,Mundali_Barrage_Cuttack,Mahanadi,580.01,1370.97,22.56,26.5,27.5,29.2,196.70799750928856,4.57,0.0,4.710000000000114,194.75,23.06,-0.5,1634.9100000000087,624.2000000000037,8.049999999999955,0,22.21,0
2021-10-04,0.0,43.02,32.21,1006.21,12.61,40.58,Mundali_Barrage_Cuttack,Mahanadi,523.6,1197.15,22.21,26.5,27.5,29.2,167.20179788289528,0.14,4.57,4.710000000000114,177.93,22.56,-0.34999999999999787,1560.8033333333417,551.8050000000037,7.039999999999964,0,21.86,0
2021-10-05,0.0,39.59,28.28,1007.9,9.72,56.97,Mundali_Barrage_Cuttack,Mahanadi,461.33,1623.53,21.86,26.5,27.5,29.2,142.12152820046097,0.0,0.14,0.1400000000001137,119.35,22.21,-0.3500000000000014,1397.216666666675,492.46500000000367,5.350000000000023,0,21.69,0
2021-10-06,0.0,43.56,35.19,1007.45,17.13,54.89,Mundali_Barrage_Cuttack,Mahanadi,485.63,1562.96,21.69,26.5,27.5,29.2,120.80329897039182,0.0,0.0,0.0,95.83,21.86,-0.16999999999999815,1461.2133333333416,473.48000000000366,5.7999999999999545,0,21.57,0
2021-10-07,0.0,44.55,37.83,1006.32,13.35,50.3,Mundali_Barrage_Cuttack,Mahanadi,506.29,1430.39,21.57,26.5,27.5,29.2,102.68280412483304,0.0,0.0,0.0,4.71,21.69,-0.120000000000001,1538.9600000000084,495.9600000000037,6.92999999999995,0,21.58,0
2021-10-08,0.0,41.75,30.82,1008.75,15.52,62.03,Mundali_Barrage_Cuttack,Mahanadi,576.98,1432.17,21.58,26.5,27.5,29.2,87.28038350610808,0.0,0.0,0.0,4.71,21.57,0.00999999999999801,1475.173333333342,541.6350000000036,4.5,0,21.46,0
2021-10-09,0.0,43.0,33.49,1006.42,12.84,43.97,Mundali_Barrage_Cuttack,Mahanadi,587.64,1270.66,21.46,26.5,27.5,29.2,74.18832598019186,0.0,0.0,0.0,0.14,21.58,-0.11999999999999744,1377.7400000000086,582.3100000000037,6.830000000000041,0,21.49,0
2021-10-10,0.0,40.93,31.18,1007.5,14.8,55.7,Mundali_Barrage_Cuttack,Mahanadi,507.82,1531.28,21.49,26.5,27.5,29.2,63.06007708316308,0.0,0.0,0.0,0.0,21.46,0.029999999999997584,1411.3700000000083,547.7300000000037,5.75,0,21.44,0
2021-10-11,0.0,43.22,36.88,1007.04,14.22,59.84,Mundali_Barrage_Cuttack,Mahanadi,480.25,1254.8,21.44,26.5,27.5,29.2,53.601065520688614,0.0,0.0,0.0,0.0,21.49,-0.04999999999999716,1352.246666666675,494.0350000000037,6.210000000000036,0,21.43,0
2021-10-12,0.0,42.18,35.41,1009.11,21.18,51.16,Mundali_Barrage_Cuttack,Mahanadi,409.51,1247.71,21.43,26.5,27.5,29.2,45.56090569258532,0.0,0.0,0.0,0.0,21.44,-0.010000000000001563,1344.5966666666752,444.8800000000037,4.139999999999986,0,25.75,0
2021-10-13,133.98,42.73,31.36,999.28,43.87,95.48,Mundali_Barrage_Cuttack,Mahanadi,20247.45,37640.83,25.75,26.5,27.5,29.2,172.7067698386975,0.0,0.0,133.9800000000001,133.98,21.43,4.32,13381.113333333342,10328.480000000003,13.970000000000027,0,24.31,0
2021-10-14,0.0,44.71,37.51,1009.53,16.0,49.89,Mundali_Barrage_Cuttack,Mahanadi,487.75,1407.21,24.31,26.5,27.5,29.2,146.8007543628929,133.98,0.0,133.9800000000001,133.98,25.75,-1.4400000000000013,13431.916666666673,10367.600000000004,3.7200000000000273,0,23.32,0
2021-10-15,0.0,44.19,35.47,1009.0,15.52,57.18,Mundali_Barrage_Cuttack,Mahanadi,429.74,1233.87,23.32,26.5,27.5,29.2,124.78064120845895,0.0,133.98,133.9800000000001,133.98,24.31,-0.9899999999999984,13427.303333333342,458.74500000000364,4.25,0,22.56,0
2021-10-16,0.0,40.97,34.27,1006.3,11.39,51.6,Mundali_Barrage_Cuttack,Mahanadi,547.71,1097.51,22.56,26.5,27.5,29.2,106.0635450271901,0.0,0.0,0.0,133.98,23.32,-0.7600000000000016,1246.196666666674,488.72500000000366,6.9500000000000455,0,22.17,0
2021-10-17,0.0,43.42,33.3,1007.17,8.16,59.89,Mundali_Barrage_Cuttack,Mahanadi,570.29,1648.71,22.17,26.5,27.5,29.2,90.15401327311159,0.0,0.0,0.0,133.98,22.56,-0.389999999999997,1326.696666666674,559.0000000000036,6.080000000000041,0,21.94,0
2021-10-18,0.0,42.64,31.61,1008.04,20.22,51.07,Mundali_Barrage_Cuttack,Mahanadi,403.67,1582.41,21.94,26.5,27.5,29.2,76.63091128214485,0.0,0.0,0.0,133.98,22.17,-0.23000000000000043,1442.876666666674,486.98000000000366,5.210000000000036,0,21.83,0
2021-10-19,0.0,42.45,32.74,1010.32,16.87,54.47,Mundali_Barrage_Cuttack,Mahanadi,524.37,1601.48,21.83,26.5,27.5,29.2,65.13627458982312,0.0,0.0,0.0,133.98,21.94,-0.11000000000000298,1610.866666666674,464.0200000000036,2.92999999999995,0,21.76,0
2021-10-20,0.0,41.95,34.57,1009.96,17.59,53.28,Mundali_Barrage_Cuttack,Mahanadi,538.41,1572.98,21.76,26.5,27.5,29.2,55.36583340134965,0.0,0.0,0.0,0.0,21.83,-0.06999999999999673,1585.6233333333405,531.3900000000035,3.2899999999999636,0,21.66,0
2021-10-21,0.0,41.62,31.77,1009.68,12.67,53.56,Mundali_Barrage_Cuttack,Mahanadi,480.48,1695.29,21.66,26.5,27.5,29.2,47.060958391147196,0.0,0.0,0.0,0.0,21.76,-0.10000000000000142,1623.2500000000073,509.44500000000363,3.57000000000005,0,21.53,0
2021-10-22,0.79,41.87,30.03,1009.35,11.42,54.67,Mundali_Barrage_Cuttack,Mahanadi,598.96,1510.56,21.53,26.5,27.5,29.2,40.791814632475116,0.0,0.0,0.7900000000001137,0.79,21.66,-0.129999999999999,1592.9433333333407,539.7200000000037,3.8999999999999773,0,21.59,0
2021-10-23,5.1,44.58,36.2,1008.63,11.77,52.93,Mundali_Barrage_Cuttack,Mahanadi,739.15,1981.39,21.59,26.5,27.5,29.2,39.77304243760385,0.79,0.0,5.890000000000113,5.89,21.53,0.05999999999999872,1729.0800000000072,669.0550000000037,4.6200000000000045,0,21.56,0
2021-10-24,0.0,39.9,28.21,1009.1,13.96,53.29,Mundali_Barrage_Cuttack,Mahanadi,532.74,1373.25,21.56,26.5,27.5,29.2,33.80708607196327,5.1,0.79,5.890000000000113,5.89,21.59,-0.030000000000001137,1621.7333333333406,635.9450000000036,4.149999999999977,0,21.55,0
2021-10-25,0.0,39.1,30.62,1010.85,16.7,60.62,Mundali_Barrage_Cuttack,Mahanadi,575.23,1696.9,21.55,26.5,27.5,29.2,28.736023161168777,0.0,5.1,5.100000000000113,5.89,21.56,-0.00999999999999801,1683.8466666666739,553.9850000000037,2.3999999999999773,0,21.47,0
2021-10-26,0.0,45.32,37.1,1010.68,8.06,54.26,Mundali_Barrage_Cuttack,Mahanadi,465.97,1399.81,21.47,26.5,27.5,29.2,24.42561968699346,0.0,0.0,0.0,5.89,21.55,-0.08000000000000185,1489.986666666674,520.6000000000037,2.57000000000005,0,21.48,0
2021-10-27,0.0,43.13,33.16,1006.98,13.48,60.49,Mundali_Barrage_Cuttack,Mahanadi,453.97,1493.42,21.48,26.5,27.5,29.2,20.76177673394444,0.0,0.0,0.0,5.89,21.47,0.010000000000001563,1530.0433333333406,459.97000000000367,6.269999999999982,0,21.5,0
2021-10-28,0.0,44.27,37.77,1008.11,13.23,48.31,Mundali_Barrage_Cuttack,Mahanadi,490.6,1523.68,21.5,26.5,27.5,29.2,17.647510223852773,0.0,0.0,0.0,5.89,21.48,0.019999999999999574,1472.3033333333406,472.28500000000366,5.139999999999986,0,21.53,0
2021-10-29,0.0,39.89,30.92,1008.66,16.53,58.77,Mundali_Barrage_Cuttack,Mahanadi,542.18,1856.26,21.53,26.5,27.5,29.2,15.000383690274857,0.0,0.0,0.0,5.1,21.5,0.030000000000001137,1624.4533333333404,516.3900000000036,4.590000000000032,0,21.48,0
2021-10-30,0.0,39.2,28.81,1007.0,12.0,52.38,Mundali_Barrage_Cuttack,Mahanadi,540.1,1615.4,21.48,26.5,27.5,29.2,12.750326136733628,0.0,0.0,0.0,0.0,21.53,-0.05000000000000071,1665.1133333333407,541.1400000000036,6.25,0,21.49,0
2021-10-31,0.0,40.58,30.65,1008.44,12.9,57.52,Mundali_Barrage_Cuttack,Mahanadi,590.06,1846.94,21.49,26.5,27.5,29.2,10.837777216223584,0.0,0.0,0.0,0.0,21.48,0.00999999999999801,1772.866666666674,565.0800000000036,4.809999999999945,0,21.6,0
2021-11-01,0.0,42.13,32.04,1008.46,13.54,51.8,Mundali_Barrage_Cuttack,Mahanadi,547.41,1598.77,21.6,26.5,27.5,29.2,9.212110633790045,0.0,0.0,0.0,0.0,21.49,0.11000000000000298,1687.036666666674,568.7350000000035,4.789999999999964,0,21.54,0
2021-11-02,0.0,40.95,30.72,1007.45,10.15,62.38,Mundali_Barrage_Cuttack,Mahanadi,576.33,1444.46,21.54,26.5,27.5,29.2,7.830294038721538,0.0,0.0,0.0,0.0,21.6,-0.060000000000002274,1630.056666666674,561.8700000000036,5.7999999999999545,0,21.56,0
2021-11-03,0.91,41.74,34.22,1008.77,18.13,55.96,Mundali_Barrage_Cuttack,Mahanadi,596.21,1781.59,21.56,26.5,27.5,29.2,7.565749932913308,0.0,0.0,0.9100000000001137,0.91,21.54,0.019999999999999574,1608.2733333333406,586.2700000000036,4.480000000000018,0,21.5,0
2021-11-04,0.0,41.05,30.78,1008.76,9.75,46.66,Mundali_Barrage_Cuttack,Mahanadi,427.71,1406.11,21.5,26.5,27.5,29.2,6.430887442976312,0.91,0.0,0.9100000000001137,0.91,21.56,-0.05999999999999872,1544.0533333333406,511.9600000000037,4.490000000000009,0,21.5,0
2021-11-05,0.0,41.68,32.79,1006.48,9.56,48.3,Mundali_Barrage_Cuttack,Mahanadi,564.64,1427.8,21.5,26.5,27.5,29.2,5.466254326529865,0.0,0.91,0.9100000000001137,0.91,21.5,0.0,1538.5000000000073,496.1750000000036,6.769999999999982,0,27.29,1
2021-11-06,199.69,39.37,28.47,995.6,63.73,100.0,Mundali_Barrage_Cuttack,Mahanadi,26224.93,50660.16,27.29,26.5,27.5,29.2,204.33631617755037,0.0,0.0,199.6900000000001,200.6,21.5,5.789999999999999,17831.356666666674,13394.785000000003,17.649999999999977,1,25.26,0
2021-11-07,0.0,40.06,29.68,1006.83,11.7,52.69,Mundali_Barrage_Cuttack,Mahanadi,416.45,1226.71,25.26,26.5,27.5,29.2,173.68586875091782,199.69,0.0,199.6900000000001,200.6,27.29,-2.0299999999999976,17771.556666666675,13320.690000000004,6.419999999999959,0,23.95,0
2021-11-08,0.0,37.45,26.21,1008.5,9.1,49.8,Mundali_Barrage_Cuttack,Mahanadi,533.51,1604.19,23.95,26.5,27.5,29.2,147.63298843828014,0.0,199.69,199.6900000000001,200.6,25.26,-1.3100000000000023,17830.353333333343,474.98000000000366,4.75,0,23.14,0
2021-11-09,0.0,44.18,36.45,1006.23,11.91,55.62,Mundali_Barrage_Cuttack,Mahanadi,566.16,1586.53,23.14,26.5,27.5,29.2,125.4880401725381,0.0,0.0,0.0,200.6,23.95,-0.8099999999999987,1472.476666666674,549.8350000000037,7.019999999999982,0,22.53,0
2021-11-10,0.0,41.51,31.53,1008.9,12.31,53.15,Mundali_Barrage_Cuttack,Mahanadi,476.09,1442.72,22.53,26.5,27.5,29.2,106.66483414665738,0.0,0.0,0.0,199.69,23.14,-0.6099999999999994,1544.4800000000075,521.1250000000036,4.350000000000023,0,27.08,1
2021-11-11,138.87,41.14,30.57,999.15,48.83,95.09,Mundali_Barrage_Cuttack,Mahanadi,24787.91,43808.35,27.08,26.5,27.5,29.2,229.53510902465877,0.0,0.0,138.87000000000012,338.56,22.53,4.549999999999997,15612.53333333334,12632.000000000004,14.100000000000023,1,25.07,0
2021-11-12,0.0,38.08,30.3,1008.92,15.84,56.93,Mundali_Barrage_Cuttack,Mahanadi,447.96,1254.84,25.07,26.5,27.5,29.2,195.10484267095995,138.87,0.0,138.87000000000012,338.56,27.08,-2.009999999999998,15501.970000000007,12617.935000000003,4.330000000000041,0,23.9,0
2021-11-13,5.7,43.06,34.91,1004.62,16.14,51.73,Mundali_Barrage_Cuttack,Mahanadi,765.22,2096.24,23.9,26.5,27.5,29.2,171.53911627031596,0.0,138.87,144.5700000000001,144.57,25.07,-1.1700000000000017,15719.810000000007,606.5900000000037,8.629999999999995,0,23.19,0
2021-11-14,0.0,44.43,34.89,1007.66,14.32,50.47,Mundali_Barrage_Cuttack,Mahanadi,470.56,1664.63,23.19,26.5,27.5,29.2,145.80824882976856,5.7,0.0,5.700000000000114,144.57,23.9,-0.7099999999999973,1671.9033333333407,617.8900000000036,5.590000000000032,0,22.56,0
2021-11-15,0.0,39.51,29.25,1008.57,8.77,50.39,Mundali_Barrage_Cuttack,Mahanadi,407.1,1169.22,22.56,26.5,27.5,29.2,123.93701150530327,0.0,5.7,5.700000000000114,144.57,23.19,-0.6300000000000026,1643.3633333333407,438.8300000000037,4.67999999999995,0,22.1,0
2021-11-16,0.0,43.09,32.31,1008.26,17.2,53.71,Mundali_Barrage_Cuttack,Mahanadi,408.34,1552.17,22.1,26.5,27.5,29.2,105.34645977950778,0.0,0.0,0.0,144.57,22.56,-0.4599999999999973,1462.0066666666742,407.72000000000367,4.990000000000009,0,21.76,0
2021-11-17,0.0,43.97,37.46,1008.74,15.7,51.52,Mundali_Barrage_Cuttack,Mahanadi,422.37,1234.56,21.76,26.5,27.5,29.2,89.54449081258161,0.0,0.0,0.0,144.57,22.1,-0.33999999999999986,1318.6500000000071,415.35500000000366,4.509999999999991,0,27.15,1
2021-11-18,220.7,43.98,33.81,992.39,66.89,100.0,Mundali_Barrage_Cuttack,Mahanadi,21435.4,46326.1,27.15,26.5,27.5,29.2,296.8128171906944,0.0,0.0,220.7000000000001,226.39999999999998,21.76,5.389999999999997,16370.943333333338,10928.885000000004,20.860000000000014,1,30.2,3
2021-11-19,184.23,44.69,35.63,997.16,54.49,100.0,Mundali_Barrage_Cuttack,Mahanadi,21692.47,43772.96,30.2,26.5,27.5,29.2,436.52089461209016,220.7,0.0,404.93000000000006,410.63,27.15,3.0500000000000007,30444.540000000008,21563.935000000005,16.090000000000032,1,30.2,3
2021-11-20,143.69,43.03,31.95,996.77,48.9,97.9,Mundali_Barrage_Cuttack,Mahanadi,29959.67,51328.5,30.2,26.5,27.5,29.2,514.7327604202767,184.23,220.7,548.6200000000001,548.62,30.2,0.0,47142.52000000001,25826.070000000003,16.480000000000018,1,30.2,3
2021-11-21,171.66,42.34,32.63,998.39,56.25,100.0,Mundali_Barrage_Cuttack,Mahanadi,24397.7,46248.05,30.2,26.5,27.5,29.2,609.1828463572351,143.69,184.23,499.5800000000001,720.28,30.2,0.0,47116.503333333334,27178.685000000005,14.860000000000014,1,27.08,1
2021-11-22,0.0,42.87,35.58,1006.48,12.45,49.88,Mundali_Barrage_Cuttack,Mahanadi,544.74,1085.89,27.08,26.5,27.5,29.2,517.8054194036498,171.66,143.69,315.35000000000014,720.28,30.2,-3.120000000000001,32887.48000000001,12471.220000000005,6.769999999999982,0,25.07,0
2021-11-23,0.0,37.54,31.37,1007.73,9.34,62.83,Mundali_Barrage_Cuttack,Mahanadi,482.06,1081.84,25.07,26.5,27.5,29.2,440.1346064931023,0.0,171.66,171.6600000000001,720.28,27.08,-2.009999999999998,16138.593333333343,513.4000000000036,5.519999999999982,0,23.8,0
2021-11-24,0.0,42.21,33.24,1008.64,15.19,51.26,Mundali_Barrage_Cuttack,Mahanadi,549.75,1563.97,23.8,26.5,27.5,29.2,374.11441551913697,0.0,0.0,0.0,720.28,25.07,-1.2699999999999996,1243.9000000000071,515.9050000000036,4.610000000000014,0,22.94,0
2021-11-25,0.0,40.69,30.22,1009.67,17.65,57.4,Mundali_Barrage_Cuttack,Mahanadi,468.31,1574.9,22.94,26.5,27.5,29.2,317.9972531912664,0.0,0.0,0.0,499.58,23.8,-0.8599999999999994,1406.9033333333407,509.0300000000036,3.580000000000041,0,22.38,0
2021-11-26,0.0,42.23,33.31,1007.91,18.43,54.03,Mundali_Barrage_Cuttack,Mahanadi,460.94,1377.09,22.38,26.5,27.5,29.2,270.2976652125764,0.0,0.0,0.0,315.35,22.94,-0.5600000000000023,1505.3200000000072,464.62500000000364,5.340000000000032,0,22.0,0
2021-11-27,0.0,40.5,28.69,1006.02,16.19,57.96,Mundali_Barrage_Cuttack,Mahanadi,544.29,1672.23,22.0,26.5,27.5,29.2,229.75301543068994,0.0,0.0,0.0,171.66,22.38,-0.379999999999999,1541.4066666666738,502.61500000000365,7.230000000000018,0,27.7,2
2021-11-28,164.86,42.78,36.48,998.8,55.69,100.0,Mundali_Barrage_Cuttack,Mahanadi,29117.81,51659.56,27.7,26.5,27.5,29.2,360.15006311608647,0.0,0.0,164.86000000000013,164.86,22.0,5.699999999999999,18236.29333333334,14831.050000000005,14.450000000000045,1,25.5,0
2021-11-29,0.0,41.12,34.81,1005.31,15.12,52.96,Mundali_Barrage_Cuttack,Mahanadi,463.79,1658.89,25.5,26.5,27.5,29.2,306.1275536486735,164.86,0.0,164.86000000000013,164.86,27.7,-2.1999999999999993,18330.226666666673,14790.800000000005,7.940000000000055,0,24.05,0
2021-11-30,0.0,42.64,32.06,1003.72,18.29,53.7,Mundali_Barrage_Cuttack,Mahanadi,402.62,1481.97,24.05,26.5,27.5,29.2,260.20842060137244,0.0,164.86,164.86000000000013,164.86,25.5,-1.4499999999999993,18266.806666666675,433.2050000000037,9.529999999999973,0,23.18,0
2021-12-01,0.0,36.4,25.94,1006.14,8.48,61.64,Mundali_Barrage_Cuttack,Mahanadi,534.17,1615.37,23.18,26.5,27.5,29.2,221.17715751116657,0.0,0.0,0.0,164.86,24.05,-0.870000000000001,1585.4100000000071,468.3950000000036,7.110000000000014,0,22.68,0
2021-12-02,0.64,36.86,27.77,1010.57,15.64,50.22,Mundali_Barrage_Cuttack,Mahanadi,575.85,1507.5,22.68,26.5,27.5,29.2,188.64058388449158,0.0,0.0,0.6400000000001137,165.5,23.18,-0.5,1534.946666666674,555.0100000000036,2.67999999999995,0,22.25,0
2021-12-03,0.0,40.2,28.35,1005.45,16.91,46.5,Mundali_Barrage_Cuttack,Mahanadi,596.72,1370.39,22.25,26.5,27.5,29.2,160.34449630181783,0.64,0.0,0.6400000000001137,165.5,22.68,-0.4299999999999997,1497.7533333333406,586.2850000000037,7.7999999999999545,0,22.02,0
2021-12-04,2.33,42.08,31.85,1008.89,10.9,66.68,Mundali_Barrage_Cuttack,Mahanadi,528.46,1745.0,22.02,26.5,27.5,29.2,138.62282185654516,0.0,0.64,2.970000000000114,167.83,22.25,-0.23000000000000043,1540.9633333333406,562.5900000000037,4.360000000000014,0,21.83,0
2021-12-05,0.0,40.16,28.57,1008.9,17.27,66.83,Mundali_Barrage_Cuttack,Mahanadi,435.74,1332.11,21.83,26.5,27.5,29.2,117.82939857806338,2.33,0.0,2.3300000000001138,2.97,22.02,-0.19000000000000128,1482.5000000000073,482.10000000000366,4.350000000000023,0,21.73,0
2021-12-06,0.0,40.21,31.93,1005.57,15.1,54.8,Mundali_Barrage_Cuttack,Mahanadi,475.46,1227.61,21.73,26.5,27.5,29.2,100.15498879135387,0.0,2.33,2.3300000000001138,2.97,21.83,-0.09999999999999787,1434.9066666666738,455.60000000000366,7.67999999999995,0,21.58,0
2021-12-07,0.0,37.83,31.54,1007.79,15.12,62.28,Mundali_Barrage_Cuttack,Mahanadi,575.43,1447.02,21.58,26.5,27.5,29.2,85.13174047265079,0.0,0.0,0.0,2.97,21.73,-0.15000000000000213,1335.5800000000072,525.4450000000036,5.460000000000036,0,21.48,0
2021-12-08,0.0,40.39,32.87,1006.3,12.82,51.19,Mundali_Barrage_Cuttack,Mahanadi,422.59,1566.91,21.48,26.5,27.5,29.2,72.36197940175317,0.0,0.0,0.0,2.97,21.58,-0.09999999999999787,1413.8466666666739,499.0100000000035,6.9500000000000455,0,21.56,0
2021-12-09,10.65,38.33,31.13,1006.77,14.65,58.87,Mundali_Barrage_Cuttack,Mahanadi,764.58,2711.02,21.56,26.5,27.5,29.2,72.15768249149019,0.0,0.0,10.650000000000114,12.98,21.48,0.0799999999999983,1908.316666666674,593.5850000000037,6.480000000000018,0,21.57,0
2021-12-10,0.0,38.97,29.13,1007.94,9.26,52.04,Mundali_Barrage_Cuttack,Mahanadi,512.13,1578.5,21.57,26.5,27.5,29.2,61.33403011776666,10.65,0.0,10.650000000000114,12.98,21.56,0.010000000000001563,1952.1433333333407,638.3550000000037,5.309999999999945,0,21.54,0
2021-12-11,0.0,37.73,30.65,1010.7,15.87,64.05,Mundali_Barrage_Cuttack,Mahanadi,534.14,1639.64,21.54,26.5,27.5,29.2,52.13392560010166,0.0,10.65,10.650000000000114,10.65,21.57,-0.030000000000001137,1976.3866666666738,523.1350000000036,2.5499999999999545,0,21.49,0
2021-12-12,0.0,40.12,30.08,1007.48,15.04,51.57,Mundali_Barrage_Cuttack,Mahanadi,524.52,1466.04,21.49,26.5,27.5,29.2,44.31383676008641,0.0,0.0,0.0,10.65,21.54,-0.05000000000000071,1561.3933333333407,529.3300000000036,5.769999999999982,0,21.57,0
2021-12-13,0.0,36.99,25.25,1010.3,14.69,54.57,Mundali_Barrage_Cuttack,Mahanadi,514.38,1527.75,21.57,26.5,27.5,29.2,37.66676124607345,0.0,0.0,0.0,10.65,21.49,0.08000000000000185,1544.476666666674,519.4500000000037,2.9500000000000455,0,21.49,0
2021-12-14,0.0,41.11,29.14,1007.05,12.78,47.06,Mundali_Barrage_Cuttack,Mahanadi,557.23,1397.14,21.49,26.5,27.5,29.2,32.016747059162434,0.0,0.0,0.0,10.65,21.57,-0.08000000000000185,1463.6433333333407,535.8050000000037,6.2000000000000455,0,21.53,0
2021-12-15,0.0,37.92,29.26,1006.61,14.32,54.53,Mundali_Barrage_Cuttack,Mahanadi,410.78,1599.97,21.53,26.5,27.5,29.2,27.214235000288067,0.0,0.0,0.0,10.65,21.49,0.0400000000000027,1508.286666666674,484.00500000000363,6.639999999999986,0,21.49,0
2021-12-16,0.0,39.76,29.84,1007.0,14.43,54.58,Mundali_Barrage_Cuttack,Mahanadi,465.23,1323.07,21.49,26.5,27.5,29.2,23.132099750244855,0.0,0.0,0.0,0.0,21.53,-0.0400000000000027,1440.0600000000074,438.00500000000363,6.25,0,21.52,0
2021-12-17,0.0,41.07,34.52,1009.17,9.28,55.41,Mundali_Barrage_Cuttack,Mahanadi,419.86,1205.58,21.52,26.5,27.5,29.2,19.662284787708128,0.0,0.0,0.0,0.0,21.49,0.030000000000001137,1376.206666666674,442.54500000000365,4.080000000000041,0,21.58,0
2021-12-18,4.16,38.92,27.29,1006.08,15.09,56.96,Mundali_Barrage_Cuttack,Mahanadi,659.07,2028.83,21.58,26.5,27.5,29.2,20.872942069551907,0.0,0.0,4.160000000000114,4.16,21.52,0.05999999999999872,1519.1600000000071,539.4650000000037,7.169999999999959,0,21.56,0
2021-12-19,0.95,35.51,27.83,1006.9,16.56,56.18,Mundali_Barrage_Cuttack,Mahanadi,462.93,1738.54,21.56,26.5,27.5,29.2,18.69200075911912,4.16,0.0,5.110000000000114,5.11,21.58,-0.019999999999999574,1657.6500000000071,561.0000000000036,6.350000000000023,0,21.55,0
2021-12-20,0.0,39.98,29.71,1006.38,10.65,60.82,Mundali_Barrage_Cuttack,Mahanadi,554.8,1419.9,21.55,26.5,27.5,29.2,15.888200645251253,0.95,4.16,5.110000000000114,5.11,21.56,-0.00999999999999801,1729.0900000000074,508.8650000000036,6.8700000000000045,0,21.56,0
2021-12-21,0.0,41.24,32.52,1007.78,10.52,53.72,Mundali_Barrage_Cuttack,Mahanadi,438.51,1599.11,21.56,26.5,27.5,29.2,13.504970548463564,0.0,0.95,0.9500000000001136,5.11,21.55,0.00999999999999801,1585.8500000000074,496.6550000000036,5.470000000000027,0,21.49,0
2021-12-22,0.0,37.94,29.28,1008.05,16.05,60.35,Mundali_Barrage_Cuttack,Mahanadi,463.83,1449.39,21.49,26.5,27.5,29.2,11.47922496619403,0.0,0.0,0.0,5.11,21.56,-0.07000000000000028,1489.4666666666737,451.1700000000036,5.2000000000000455,0,21.45,0
2021-12-23,0.0,41.56,32.31,1008.43,11.51,52.99,Mundali_Barrage_Cuttack,Mahanadi,459.94,1360.16,21.45,26.5,27.5,29.2,9.757341221264925,0.0,0.0,0.0,5.11,21.49,-0.03999999999999915,1469.5533333333406,461.88500000000363,4.82000000000005,0,21.47,0
2021-12-24,0.0,40.7,31.18,1007.88,17.1,57.96,Mundali_Barrage_Cuttack,Mahanadi,462.98,1140.61,21.47,26.5,27.5,29.2,8.293740038075185,0.0,0.0,0.0,5.11,21.45,0.019999999999999574,1316.7200000000073,461.4600000000037,5.3700000000000045,0,21.41,0
2021-12-25,0.0,39.18,28.36,1004.26,9.85,47.2,Mundali_Barrage_Cuttack,Mahanadi,404.13,1282.53,21.41,26.5,27.5,29.2,7.049679032363907,0.0,0.0,0.0,0.95,21.47,-0.05999999999999872,1261.1000000000074,433.55500000000364,8.990000000000009,0,21.48,0
2021-12-26,6.15,38.94,30.46,1006.58,20.58,52.43,Mundali_Barrage_Cuttack,Mahanadi,716.44,2243.82,21.48,26.5,27.5,29.2,12.142227177509321,0.0,0.0,6.150000000000114,6.15,21.41,0.07000000000000028,1555.6533333333407,560.2850000000037,6.669999999999959,0,21.46,0
2021-12-27,2.25,39.57,32.55,1008.63,15.43,59.37,Mundali_Barrage_Cuttack,Mahanadi,491.48,1535.98,21.46,26.5,27.5,29.2,12.570893100882923,6.15,0.0,8.400000000000114,8.4,21.48,-0.019999999999999574,1687.4433333333407,603.9600000000037,4.6200000000000045,0,21.54,0
2021-12-28,0.0,44.13,32.61,1006.46,13.64,59.6,Mundali_Barrage_Cuttack,Mahanadi,413.45,1273.3,21.54,26.5,27.5,29.2,10.685259135750485,2.25,6.15,8.400000000000114,8.4,21.46,0.0799999999999983,1684.366666666674,452.46500000000367,6.789999999999964,0,21.49,0
2021-12-29,0.0,35.04,27.31,1005.76,15.98,52.89,Mundali_Barrage_Cuttack,Mahanadi,566.21,1693.07,21.49,26.5,27.5,29.2,9.082470265387911,0.0,2.25,2.2500000000001137,8.4,21.54,-0.05000000000000071,1500.7833333333404,489.8300000000037,7.490000000000009,0,21.45,0
2021-12-30,2.83,37.11,30.74,1006.29,17.39,52.02,Mundali_Barrage_Cuttack,Mahanadi,546.05,1488.45,21.45,26.5,27.5,29.2,10.550099725579724,0.0,0.0,2.8300000000001138,11.23,21.49,-0.03999999999999915,1484.940000000007,556.1300000000036,6.960000000000036,0,21.47,0
2021-12-31,0.0,37.61,28.78,1005.74,15.04,57.46,Mundali_Barrage_Cuttack,Mahanadi,416.04,1352.41,21.47,26.5,27.5,29.2,8.967584766742766,2.83,0.0,2.8300000000001138,11.23,21.45,0.019999999999999574,1511.310000000007,481.0450000000036,7.509999999999991,0,21.58,0
2022-01-01,0.0,39.73,33.67,1008.67,16.46,54.02,Mundali_Barrage_Cuttack,Mahanadi,557.57,1553.62,21.58,26.5,27.5,29.2,7.622447051731351,0.0,2.83,2.8300000000001138,11.23,21.47,0.10999999999999943,1464.8266666666739,486.8050000000037,4.580000000000041,0,21.53,0
2022-01-02,0.0,41.25,33.16,1011.71,20.41,56.41,Mundali_Barrage_Cuttack,Mahanadi,417.94,1193.29,21.53,26.5,27.5,29.2,6.479079993971649,0.0,0.0,0.0,5.08,21.58,-0.04999999999999716,1366.440000000007,487.75500000000375,1.5399999999999636,0,21.54,0
2022-01-03,0.0,39.18,32.25,1008.64,7.35,49.16,Mundali_Barrage_Cuttack,Mahanadi,482.88,1616.13,21.54,26.5,27.5,29.2,5.5072179948759015,0.0,0.0,0.0,2.83,21.53,0.00999999999999801,1454.3466666666736,450.4100000000036,4.610000000000014,0,21.52,0
2022-01-04,0.0,39.11,27.85,1006.05,16.47,54.18,Mundali_Barrage_Cuttack,Mahanadi,537.01,1364.2,21.52,26.5,27.5,29.2,4.681135295644516,0.0,0.0,0.0,2.83,21.54,-0.019999999999999574,1391.206666666674,509.9450000000036,7.2000000000000455,0,21.44,0
2022-01-05,0.0,37.07,25.37,1007.45,17.61,55.04,Mundali_Barrage_Cuttack,Mahanadi,469.23,1402.24,21.44,26.5,27.5,29.2,3.978965001297839,0.0,0.0,0.0,2.83,21.52,-0.0799999999999983,1460.8566666666738,503.1200000000036,5.7999999999999545,0,21.48,0
2022-01-06,2.32,38.85,31.15,1007.23,17.93,61.69,Mundali_Barrage_Cuttack,Mahanadi,640.94,1728.57,21.48,26.5,27.5,29.2,5.702120251103162,0.0,0.0,2.3200000000001135,2.32,21.44,0.03999999999999915,1498.3366666666736,555.0850000000037,6.019999999999982,0,21.49,0
2022-01-07,0.0,37.22,29.49,1007.32,15.61,57.77,Mundali_Barrage_Cuttack,Mahanadi,594.85,1548.09,21.49,26.5,27.5,29.2,4.846802213437687,2.32,0.0,2.3200000000001135,2.32,21.48,0.00999999999999801,1559.6333333333405,617.8950000000036,5.92999999999995,0,21.41,0
2022-01-08,0.0,40.39,29.43,1010.36,9.08,52.26,Mundali_Barrage_Cuttack,Mahanadi,584.36,1241.35,21.41,26.5,27.5,29.2,4.119781881422034,0.0,2.32,2.3200000000001135,2.32,21.49,-0.0799999999999983,1506.0033333333404,589.6050000000037,2.8899999999999864,0,21.48,0
2022-01-09,0.0,32.53,23.89,1010.51,14.78,52.58,Mundali_Barrage_Cuttack,Mahanadi,492.21,1510.5,21.48,26.5,27.5,29.2,3.5018145992087284,0.0,0.0,0.0,2.32,21.41,0.07000000000000028,1433.3133333333406,538.2850000000036,2.740000000000009,0,21.53,0
2022-01-10,0.0,36.39,29.03,1006.04,8.54,60.94,Mundali_Barrage_Cuttack,Mahanadi,411.85,1445.9,21.53,26.5,27.5,29.2,2.976542409327419,0.0,0.0,0.0,2.32,21.48,0.05000000000000071,1399.2500000000073,452.0300000000036,7.210000000000036,0,21.49,0
2022-01-11,0.0,34.21,27.28,1008.27,13.48,60.01,Mundali_Barrage_Cuttack,Mahanadi,437.51,1389.98,21.49,26.5,27.5,29.2,2.530061047928306,0.0,0.0,0.0,2.32,21.53,-0.0400000000000027,1448.7933333333403,424.6800000000036,4.980000000000018,0,21.58,0
2022-01-12,0.0,36.97,27.64,1007.18,19.3,57.51,Mundali_Barrage_Cuttack,Mahanadi,483.94,1437.68,21.58,26.5,27.5,29.2,2.15055189073906,0.0,0.0,0.0,2.32,21.49,0.08999999999999986,1424.520000000007,460.72500000000355,6.07000000000005,0,21.51,0
2022-01-13,0.73,36.88,29.59,1006.27,13.66,53.04,Mundali_Barrage_Cuttack,Mahanadi,567.37,1320.65,21.51,26.5,27.5,29.2,2.557969107128201,0.0,0.0,0.7300000000001137,0.73,21.58,-0.06999999999999673,1382.770000000007,525.6550000000036,6.980000000000018,0,21.59,0
2022-01-14,3.09,34.5,28.45,1007.98,13.32,58.24,Mundali_Barrage_Cuttack,Mahanadi,565.38,1766.98,21.59,26.5,27.5,29.2,5.26427374105897,0.73,0.0,3.8200000000001135,3.82,21.51,0.0799999999999983,1508.4366666666738,566.3750000000036,5.269999999999982,0,21.54,0
2022-01-15,0.0,38.58,30.69,1005.34,13.76,54.4,Mundali_Barrage_Cuttack,Mahanadi,442.69,1246.92,21.54,26.5,27.5,29.2,4.474632679900124,3.09,0.73,3.8200000000001135,3.82,21.59,-0.05000000000000071,1444.850000000007,504.0350000000036,7.909999999999968,0,21.58,0
2022-01-16,1.4,34.14,28.07,1009.17,21.67,57.6,Mundali_Barrage_Cuttack,Mahanadi,489.43,1702.02,21.58,26.5,27.5,29.2,5.203437777915106,0.0,3.09,4.490000000000114,5.22,21.54,0.03999999999999915,1571.9733333333406,466.06000000000364,4.080000000000041,0,21.45,0
2022-01-17,0.0,34.97,25.53,1011.69,10.64,51.23,Mundali_Barrage_Cuttack,Mahanadi,447.81,1253.32,21.45,26.5,27.5,29.2,4.42292211122784,1.4,0.0,1.4000000000001136,5.22,21.58,-0.129999999999999,1400.7533333333404,468.62000000000364,1.5599999999999454,0,21.5,0
2022-01-18,0.0,39.86,30.84,1008.05,14.45,53.54,Mundali_Barrage_Cuttack,Mahanadi,519.6,1637.41,21.5,26.5,27.5,29.2,3.759483794543664,0.0,1.4,1.4000000000001136,5.22,21.45,0.05000000000000071,1530.9166666666736,483.7050000000037,5.2000000000000455,0,21.36,0
2022-01-19,0.0,38.34,29.78,1006.13,19.8,56.28,Mundali_Barrage_Cuttack,Mahanadi,500.19,1304.13,21.36,26.5,27.5,29.2,3.1955612253621144,0.0,0.0,0.0,5.22,21.5,-0.14000000000000057,1398.286666666674,509.8950000000036,7.1200000000000045,0,21.31,0
2022-01-20,0.0,32.34,21.82,1007.93,12.42,48.39,Mundali_Barrage_Cuttack,Mahanadi,477.68,1345.54,21.31,26.5,27.5,29.2,2.716227041557797,0.0,0.0,0.0,4.49,21.36,-0.05000000000000071,1429.026666666674,488.9350000000036,5.32000000000005,0,21.47,0
2022-01-21,0.0,34.9,27.61,1010.33,9.96,50.51,Mundali_Barrage_Cuttack,Mahanadi,508.8,1363.55,21.47,26.5,27.5,29.2,2.3087929853241276,0.0,0.0,0.0,1.4,21.31,0.16000000000000014,1337.7400000000073,493.2400000000036,2.919999999999959,0,21.61,0
2022-01-22,3.4,35.55,27.23,1005.36,14.71,57.07,Mundali_Barrage_Cuttack,Mahanadi,664.03,1939.8,21.61,26.5,27.5,29.2,5.362474037525509,0.0,0.0,3.4000000000001136,4.8,21.47,0.14000000000000057,1549.6300000000072,586.4150000000036,7.889999999999986,0,21.61,0
2022-01-23,0.24,39.46,30.94,1010.3,12.16,54.59,Mundali_Barrage_Cuttack,Mahanadi,578.09,1690.21,21.61,26.5,27.5,29.2,4.798102931896683,3.4,0.0,3.6400000000001134,3.6399999999999997,21.61,0.0,1664.520000000007,621.0600000000036,2.9500000000000455,0,21.5,0
2022-01-24,0.0,33.61,26.99,1008.02,10.27,57.25,Mundali_Barrage_Cuttack,Mahanadi,591.28,1431.99,21.5,26.5,27.5,29.2,4.07838749211218,0.24,3.4,3.6400000000001134,3.6399999999999997,21.61,-0.10999999999999943,1687.3333333333405,584.6850000000036,5.230000000000018,0,21.46,0
2022-01-25,0.0,35.09,27.13,1008.81,13.88,47.63,Mundali_Barrage_Cuttack,Mahanadi,577.79,1576.94,21.46,26.5,27.5,29.2,3.4666293682953526,0.0,0.24,0.24000000000011368,3.6399999999999997,21.5,-0.03999999999999915,1566.3800000000072,584.5350000000036,4.440000000000055,0,21.47,0
2022-01-26,2.78,37.73,30.74,1007.92,16.41,58.81,Mundali_Barrage_Cuttack,Mahanadi,512.33,1505.17,21.47,26.5,27.5,29.2,5.726634963051049,0.0,0.0,2.7800000000001135,6.42,21.46,0.00999999999999801,1504.700000000007,545.0600000000036,5.330000000000041,0,21.44,0
2022-01-27,1.27,34.7,27.12,1006.86,7.99,62.08,Mundali_Barrage_Cuttack,Mahanadi,463.72,1385.84,21.44,26.5,27.5,29.2,6.137639718593391,2.78,0.0,4.0500000000001135,7.6899999999999995,21.47,-0.029999999999997584,1489.3166666666739,488.0250000000037,6.389999999999986,0,21.35,0
2022-01-28,0.0,37.15,29.12,1006.91,17.21,48.57,Mundali_Barrage_Cuttack,Mahanadi,464.57,1232.08,21.35,26.5,27.5,29.2,5.216993760804383,1.27,2.78,4.0500000000001135,7.6899999999999995,21.44,-0.08999999999999986,1374.3633333333403,464.1450000000036,6.340000000000032,0,21.46,0
2022-01-29,0.0,34.62,24.22,1002.98,14.77,51.85,Mundali_Barrage_Cuttack,Mahanadi,567.97,1738.63,21.46,26.5,27.5,29.2,4.434444696683725,0.0,1.27,1.2700000000001137,4.289999999999999,21.35,0.10999999999999943,1452.1833333333404,516.2700000000036,10.269999999999982,0,21.54,0
2022-01-30,0.0,34.54,26.12,1010.57,14.06,49.34,Mundali_Barrage_Cuttack,Mahanadi,527.2,1747.59,21.54,26.5,27.5,29.2,3.7692779921811663,0.0,0.0,0.0,4.050000000000001,21.46,0.0799999999999983,1572.7666666666737,547.5850000000037,2.67999999999995,0,21.56,0
2022-01-31,1.62,33.89,25.01,1009.18,13.54,61.24,Mundali_Barrage_Cuttack,Mahanadi,578.37,1687.67,21.56,26.5,27.5,29.2,4.823886293353992,0.0,0.0,1.6200000000001138,5.67,21.54,0.019999999999999574,1724.6300000000072,552.7850000000037,4.07000000000005,0,21.6,0
2022-02-01,0.0,34.52,23.45,1006.05,17.88,48.58,Mundali_Barrage_Cuttack,Mahanadi,475.67,1440.76,21.6,26.5,27.5,29.2,4.1003033493508925,1.62,0.0,1.6200000000001138,5.67,21.56,0.0400000000000027,1625.3400000000072,527.0200000000036,7.2000000000000455,0,21.6,0
2022-02-02,0.0,31.72,22.26,1009.62,12.09,53.79,Mundali_Barrage_Cuttack,Mahanadi,402.63,1458.36,21.6,26.5,27.5,29.2,3.4852578469482585,0.0,1.62,1.6200000000001138,2.89,21.6,0.0,1528.9300000000069,439.1500000000036,3.6299999999999955,0,21.51,0
2022-02-03,0.0,34.5,24.6,1009.05,10.94,46.97,Mundali_Barrage_Cuttack,Mahanadi,433.03,1212.44,21.51,26.5,27.5,29.2,2.9624691699060195,0.0,0.0,0.0,1.62,21.6,-0.08999999999999986,1370.520000000007,417.8300000000036,4.2000000000000455,0,21.4,0
2022-02-04,0.0,33.17,22.85,1005.37,16.07,55.09,Mundali_Barrage_Cuttack,Mahanadi,520.66,1253.36,21.4,26.5,27.5,29.2,2.5180987944201165,0.0,0.0,0.0,1.62,21.51,-0.11000000000000298,1308.0533333333403,476.8450000000036,7.8799999999999955,0,21.46,0
2022-02-05,1.75,36.64,30.34,1008.13,17.79,56.68,Mundali_Barrage_Cuttack,Mahanadi,617.9,1782.54,21.46,26.5,27.5,29.2,3.890383975257099,0.0,0.0,1.7500000000001137,3.37,21.4,0.060000000000002274,1416.1133333333403,569.2800000000036,5.1200000000000045,0,21.39,0
2022-02-06,0.0,35.49,25.54,1008.19,12.26,54.61,Mundali_Barrage_Cuttack,Mahanadi,517.89,1650.69,21.39,26.5,27.5,29.2,3.306826378968534,1.75,0.0,1.7500000000001137,3.37,21.46,-0.07000000000000028,1562.1966666666738,567.8950000000036,5.059999999999945,0,21.41,0
2022-02-07,0.0,34.0,23.86,1007.95,10.8,54.74,Mundali_Barrage_Cuttack,Mahanadi,497.92,1435.62,21.41,26.5,27.5,29.2,2.810802422123254,0.0,1.75,1.7500000000001137,1.75,21.39,0.019999999999999574,1622.950000000007,507.9050000000036,5.2999999999999545,0,21.43,0
2022-02-08,0.0,35.13,25.39,1006.96,18.05,55.12,Mundali_Barrage_Cuttack,Mahanadi,566.2,1413.37,21.43,26.5,27.5,29.2,2.389182058804766,0.0,0.0,0.0,1.75,21.41,0.019999999999999574,1499.8933333333405,532.0600000000036,6.289999999999964,0,21.45,0
2022-02-09,0.0,33.39,23.99,1010.56,10.05,61.55,Mundali_Barrage_Cuttack,Mahanadi,519.48,1318.1,21.45,26.5,27.5,29.2,2.030804749984051,0.0,0.0,0.0,1.75,21.43,0.019999999999999574,1389.030000000007,542.8400000000036,2.6900000000000546,0,21.49,0
2022-02-10,0.0,35.54,29.51,1006.75,13.17,51.64,Mundali_Barrage_Cuttack,Mahanadi,478.82,1170.16,21.49,26.5,27.5,29.2,1.7261840374864434,0.0,0.0,0.0,1.75,21.45,0.03999999999999915,1300.5433333333403,499.1500000000036,6.5,0,21.53,0
2022-02-11,0.0,35.51,26.86,1005.93,13.93,54.71,Mundali_Barrage_Cuttack,Mahanadi,474.99,1533.76,21.53,26.5,27.5,29.2,1.4672564318634769,0.0,0.0,0.0,1.75,21.49,0.0400000000000027,1340.6733333333405,476.9050000000036,7.32000000000005,0,21.42,0
2022-02-12,0.0,36.85,26.67,1009.41,12.11,53.51,Mundali_Barrage_Cuttack,Mahanadi,401.95,1520.71,21.42,26.5,27.5,29.2,1.2471679670839553,0.0,0.0,0.0,0.0,21.53,-0.10999999999999943,1408.2100000000073,438.47000000000355,3.840000000000032,0,21.49,0
2022-02-13,0.0,34.01,27.17,1007.99,16.36,46.11,Mundali_Barrage_Cuttack,Mahanadi,490.55,1379.97,21.49,26.5,27.5,29.2,1.060092772021362,0.0,0.0,0.0,0.0,21.42,0.06999999999999673,1478.1466666666738,446.2500000000036,5.259999999999991,0,21.59,0
2022-02-14,7.18,35.93,25.25,1007.22,17.57,64.25,Mundali_Barrage_Cuttack,Mahanadi,646.17,2106.03,21.59,26.5,27.5,29.2,8.081078856218157,0.0,0.0,7.180000000000113,7.18,21.49,0.10000000000000142,1668.9033333333402,568.3600000000035,6.029999999999973,0,21.5,0
2022-02-15,0.0,37.13,27.81,1010.17,15.31,56.63,Mundali_Barrage_Cuttack,Mahanadi,465.8,1203.9,21.5,26.5,27.5,29.2,6.868917027785433,7.18,0.0,7.180000000000113,7.18,21.59,-0.08999999999999986,1563.3000000000072,555.9850000000037,3.080000000000041,0,21.42,0
2022-02-16,0.0,34.31,25.23,1006.72,13.36,61.26,Mundali_Barrage_Cuttack,Mahanadi,489.99,1467.64,21.42,26.5,27.5,29.2,5.838579473617618,0.0,7.18,7.180000000000113,7.18,21.5,-0.0799999999999983,1592.5233333333406,477.8950000000036,6.529999999999973,0,21.39,0
2022-02-17,0.0,33.21,23.52,1008.05,13.0,56.59,Mundali_Barrage_Cuttack,Mahanadi,532.74,1409.0,21.39,26.5,27.5,29.2,4.962792552574975,0.0,0.0,0.0,7.18,21.42,-0.030000000000001137,1360.1800000000073,511.36500000000365,5.2000000000000455,0,21.24,0
2022-02-18,0.0,31.95,25.21,1008.48,13.83,56.27,Mundali_Barrage_Cuttack,Mahanadi,532.27,1482.29,21.24,26.5,27.5,29.2,4.218373669688729,0.0,0.0,0.0,7.18,21.39,-0.15000000000000213,1452.9766666666737,532.5050000000036,4.769999999999982,0,21.37,0
2022-02-19,0.0,35.21,25.55,1006.53,11.91,56.21,Mundali_Barrage_Cuttack,Mahanadi,425.63,1423.12,21.37,26.5,27.5,29.2,3.5856176192354194,0.0,0.0,0.0,7.18,21.24,0.13000000000000256,1438.1366666666736,478.9500000000036,6.720000000000027,0,21.38,0
2022-02-20,0.0,31.01,22.24,1006.6,17.01,53.48,Mundali_Barrage_Cuttack,Mahanadi,427.08,1531.1,21.38,26.5,27.5,29.2,3.0477749763501065,0.0,0.0,0.0,7.18,21.37,0.00999999999999801,1478.8366666666736,426.35500000000366,6.649999999999977,0,21.35,0
2022-02-21,0.0,35.63,24.94,1007.38,9.11,57.78,Mundali_Barrage_Cuttack,Mahanadi,513.67,1426.84,21.35,26.5,27.5,29.2,2.5906087298975904,0.0,0.0,0.0,0.0,21.38,-0.029999999999997584,1460.3533333333405,470.3750000000036,5.8700000000000045,0,21.4,0
2022-02-22,0.0,34.07,26.03,1007.86,17.36,48.16,Mundali_Barrage_Cuttack,Mahanadi,448.54,1566.46,21.4,26.5,27.5,29.2,2.2020174204129517,0.0,0.0,0.0,0.0,21.35,0.04999999999999716,1508.1333333333405,481.10500000000354,5.389999999999986,0,21.42,0
2022-02-23,0.0,36.09,28.51,1008.49,5.64,60.49,Mundali_Barrage_Cuttack,Mahanadi,487.25,1564.66,21.42,26.5,27.5,29.2,1.8717148073510088,0.0,0.0,0.0,0.0,21.4,0.020000000000003126,1519.3200000000072,467.8950000000036,4.759999999999991,0,21.46,0
2022-02-24,2.03,35.91,25.49,1010.47,12.37,56.2,Mundali_Barrage_Cuttack,Mahanadi,576.14,1468.73,21.46,26.5,27.5,29.2,3.620957586248357,0.0,0.0,2.0300000000001135,2.03,21.42,0.03999999999999915,1533.2833333333404,531.6950000000037,2.7799999999999727,0,21.53,0
2022-02-25,2.27,33.12,24.55,1007.56,8.78,58.74,Mundali_Barrage_Cuttack,Mahanadi,589.64,1466.15,21.53,26.5,27.5,29.2,5.347813948311103,2.03,0.0,4.3000000000001135,4.3,21.46,0.07000000000000028,1499.8466666666739,582.8900000000037,5.690000000000055,0,21.55,0
2022-02-26,0.0,31.1,20.57,1009.77,17.87,61.98,Mundali_Barrage_Cuttack,Mahanadi,598.14,1627.26,21.55,26.5,27.5,29.2,4.545641856064437,2.27,2.03,4.3000000000001135,4.3,21.53,0.019999999999999574,1520.7133333333404,593.8900000000037,3.480000000000018,0,21.48,0
2022-02-27,0.0,34.91,24.01,1007.77,9.46,57.67,Mundali_Barrage_Cuttack,Mahanadi,507.47,1258.91,21.48,26.5,27.5,29.2,3.863795577654771,0.0,2.27,2.2700000000001137,4.3,21.55,-0.07000000000000028,1450.7733333333406,552.8050000000037,5.480000000000018,0,21.54,0
2022-02-28,0.0,33.13,25.36,1004.84,10.21,55.28,Mundali_Barrage_Cuttack,Mahanadi,461.15,1361.21,21.54,26.5,27.5,29.2,3.2842262410065555,0.0,0.0,0.0,4.3,21.48,0.05999999999999872,1415.7933333333406,484.3100000000037,8.409999999999968,0,21.45,0
2022-03-01,0.0,33.81,23.46,1009.3,19.99,50.09,Mundali_Barrage_Cuttack,Mahanadi,576.45,1553.6,21.45,26.5,27.5,29.2,2.791592304855572,0.0,0.0,0.0,4.3,21.54,-0.08999999999999986,1391.240000000007,518.8000000000037,3.9500000000000455,0,21.47,0
2022-03-02,0.0,35.01,26.02,1005.43,9.01,58.1,Mundali_Barrage_Cuttack,Mahanadi,529.39,1637.92,21.47,26.5,27.5,29.2,2.3728534591272363,0.0,0.0,0.0,4.3,21.45,0.019999999999999574,1517.5766666666739,552.9200000000037,7.82000000000005,0,21.44,0
2022-03-03,0.0,33.18,26.56,1007.81,10.23,59.4,Mundali_Barrage_Cuttack,Mahanadi,597.91,1635.49,21.44,26.5,27.5,29.2,2.016925440258151,0.0,0.0,0.0,2.27,21.47,-0.029999999999997584,1609.0033333333406,563.6500000000037,5.440000000000055,0,21.51,0
2022-03-04,0.0,29.71,20.6,1007.78,17.29,44.93,Mundali_Barrage_Cuttack,Mahanadi,474.54,1323.58,21.51,26.5,27.5,29.2,1.7143866242194281,0.0,0.0,0.0,0.0,21.44,0.07000000000000028,1532.3300000000072,536.2250000000037,5.470000000000027,0,21.81,0
2022-03-05,14.51,29.8,19.54,1005.75,20.81,57.19,Mundali_Barrage_Cuttack,Mahanadi,960.82,3250.77,21.81,26.5,27.5,29.2,15.967228630586513,0.0,0.0,14.510000000000113,14.51,21.51,0.29999999999999716,2069.9466666666735,717.6800000000037,7.5,0,21.63,0
2022-03-06,0.0,32.37,21.29,1008.48,11.48,58.44,Mundali_Barrage_Cuttack,Mahanadi,507.9,1433.98,21.63,26.5,27.5,29.2,13.572144335998535,14.51,0.0,14.510000000000113,14.51,21.81,-0.17999999999999972,2002.776666666674,734.3600000000038,4.769999999999982,0,21.59,0
2022-03-07,0.95,32.51,24.13,1007.88,15.98,55.74,Mundali_Barrage_Cuttack,Mahanadi,537.66,1713.98,21.59,26.5,27.5,29.2,12.486322685598754,0.0,14.51,15.460000000000113,15.459999999999999,21.63,-0.03999999999999915,2132.910000000007,522.7800000000036,5.3700000000000045,0,21.6,0
2022-03-08,0.0,33.82,27.57,1009.96,16.17,46.13,Mundali_Barrage_Cuttack,Mahanadi,581.31,1489.75,21.6,26.5,27.5,29.2,10.61337428275894,0.95,0.0,0.9500000000001136,15.459999999999999,21.59,0.010000000000001563,1545.9033333333402,559.4850000000037,3.2899999999999636,0,21.5,0
2022-03-09,0.0,32.61,25.29,1008.77,15.23,57.64,Mundali_Barrage_Cuttack,Mahanadi,543.46,1298.48,21.5,26.5,27.5,29.2,9.021368140345098,0.0,0.95,0.9500000000001136,15.459999999999999,21.6,-0.10000000000000142,1500.7366666666737,562.3850000000036,4.480000000000018,0,21.44,0
2022-03-10,0.0,26.92,19.4,1008.59,12.5,55.03,Mundali_Barrage_Cuttack,Mahanadi,468.58,1377.88,21.44,26.5,27.5,29.2,7.668162919293333,0.0,0.0,0.0,15.459999999999999,21.5,-0.05999999999999872,1388.7033333333404,506.02000000000373,4.659999999999968,0,21.54,0
2022-03-11,5.44,32.39,23.29,1009.97,19.46,52.94,Mundali_Barrage_Cuttack,Mahanadi,655.35,2072.91,21.54,26.5,27.5,29.2,11.957938481399333,0.0,0.0,5.440000000000114,20.9,21.44,0.09999999999999787,1583.0900000000072,561.9650000000037,3.2799999999999727,0,21.48,0
2022-03-12,0.0,34.88,27.65,1009.4,12.84,44.64,Mundali_Barrage_Cuttack,Mahanadi,580.49,1454.87,21.48,26.5,27.5,29.2,10.164247709189434,5.44,0.0,5.440000000000114,6.390000000000001,21.54,-0.05999999999999872,1635.2200000000073,617.9200000000037,3.8500000000000227,0,21.46,0
2022-03-13,0.0,31.72,24.89,1009.74,14.82,54.71,Mundali_Barrage_Cuttack,Mahanadi,503.8,1409.81,21.46,26.5,27.5,29.2,8.63961055281102,0.0,5.44,5.440000000000114,6.390000000000001,21.48,-0.019999999999999574,1645.8633333333403,542.1450000000036,3.509999999999991,0,21.39,0
2022-03-14,0.0,30.87,24.44,1010.98,19.69,54.43,Mundali_Barrage_Cuttack,Mahanadi,444.21,1079.91,21.39,26.5,27.5,29.2,7.343668969889366,0.0,0.0,0.0,5.44,21.46,-0.07000000000000028,1314.8633333333403,474.00500000000363,2.269999999999982,0,21.4,0
2022-03-15,0.0,32.44,25.92,1009.03,13.49,58.02,Mundali_Barrage_Cuttack,Mahanadi,542.52,1318.95,21.4,26.5,27.5,29.2,6.242118624405961,0.0,0.0,0.0,5.44,21.39,0.00999999999999801,1269.556666666674,493.36500000000365,4.220000000000027,0,21.39,0
2022-03-16,0.0,31.92,21.62,1009.59,12.76,51.38,Mundali_Barrage_Cuttack,Mahanadi,578.89,1706.87,21.39,26.5,27.5,29.2,5.305800830745067,0.0,0.0,0.0,5.44,21.4,-0.00999999999999801,1368.5766666666739,560.7050000000036,3.659999999999968,0,21.51,0
2022-03-17,4.17,34.63,22.97,1006.35,22.56,64.95,Mundali_Barrage_Cuttack,Mahanadi,681.08,2018.74,21.51,26.5,27.5,29.2,8.679930706133307,0.0,0.0,4.170000000000114,9.61,21.39,0.120000000000001,1681.520000000007,629.9850000000037,6.899999999999977,0,21.45,0
2022-03-18,0.0,32.58,22.97,1004.96,20.26,52.87,Mundali_Barrage_Cuttack,Mahanadi,523.17,1667.07,21.45,26.5,27.5,29.2,7.37794110021331,4.17,0.0,4.170000000000114,4.17,21.51,-0.060000000000002274,1797.560000000007,602.1250000000036,8.289999999999964,0,21.45,0
2022-03-19,0.0,34.03,25.54,1007.84,18.72,58.79,Mundali_Barrage_Cuttack,Mahanadi,492.68,1609.2,21.45,26.5,27.5,29.2,6.271249935181314,0.0,4.17,4.170000000000114,4.17,21.45,0.0,1765.0033333333404,507.9250000000036,5.409999999999968,0,21.49,0
2022-03-20,0.0,34.74,25.61,1006.73,16.63,51.33,Mundali_Barrage_Cuttack,Mahanadi,410.03,845.49,21.49,26.5,27.5,29.2,5.330562444904117,0.0,0.0,0.0,4.17,21.45,0.03999999999999915,1373.9200000000073,451.35500000000366,6.519999999999982,0,21.54,0
2022-03-21,0.0,30.55,21.67,1009.73,9.87,63.5,Mundali_Barrage_Cuttack,Mahanadi,472.36,1669.28,21.54,26.5,27.5,29.2,4.530978078168499,0.0,0.0,0.0,4.17,21.49,0.05000000000000071,1374.6566666666738,441.19500000000363,3.519999999999982,0,21.72,0
2022-03-22,8.15,36.56,28.09,1007.64,12.69,48.75,Mundali_Barrage_Cuttack,Mahanadi,831.37,2625.92,21.72,26.5,27.5,29.2,12.001331366443225,0.0,0.0,8.150000000000114,12.32,21.54,0.17999999999999972,1713.5633333333406,651.8650000000036,5.610000000000014,0,21.58,0
2022-03-23,0.0,37.12,28.13,1011.09,13.96,49.4,Mundali_Barrage_Cuttack,Mahanadi,423.36,1203.87,21.58,26.5,27.5,29.2,10.20113166147674,8.15,0.0,8.150000000000114,12.32,21.72,-0.14000000000000057,1833.0233333333401,627.3650000000036,2.159999999999968,0,21.6,0
2022-03-24,0.34,33.37,23.41,1008.97,16.51,54.13,Mundali_Barrage_Cuttack,Mahanadi,586.44,1713.74,21.6,26.5,27.5,29.2,9.01096191225523,0.0,8.15,8.490000000000114,8.49,21.58,0.020000000000003126,1847.8433333333403,504.9000000000037,4.279999999999973,0,21.53,0
2022-03-25,0.0,31.78,20.02,1009.93,14.96,56.44,Mundali_Barrage_Cuttack,Mahanadi,530.45,1310.53,21.53,26.5,27.5,29.2,7.659317625416945,0.34,0.0,0.3400000000001137,8.49,21.6,-0.07000000000000028,1409.3800000000072,558.4450000000037,3.32000000000005,0,21.48,0
2022-03-26,0.79,31.04,19.9,1006.55,11.64,52.02,Mundali_Barrage_Cuttack,Mahanadi,489.64,1562.44,21.48,26.5,27.5,29.2,7.300419981604403,0.0,0.34,1.1300000000001138,9.280000000000001,21.53,-0.05000000000000071,1528.9033333333402,510.04500000000365,6.7000000000000455,0,21.53,0
2022-03-27,0.0,33.6,27.57,1010.07,8.25,47.64,Mundali_Barrage_Cuttack,Mahanadi,432.05,1519.61,21.53,26.5,27.5,29.2,6.205356984363743,0.79,0.0,0.7900000000001137,9.280000000000001,21.48,0.05000000000000071,1464.1933333333402,460.84500000000367,3.17999999999995,0,21.5,0
2022-03-28,2.82,35.13,24.76,1009.28,16.01,57.85,Mundali_Barrage_Cuttack,Mahanadi,576.46,1714.16,21.5,26.5,27.5,29.2,8.09455343670918,0.0,0.79,3.6100000000001136,12.100000000000001,21.53,-0.030000000000001137,1598.7366666666737,504.2550000000037,3.9700000000000273,0,21.53,0
2022-03-29,3.36,33.18,23.75,1008.12,14.59,59.25,Mundali_Barrage_Cuttack,Mahanadi,564.82,1703.8,21.53,26.5,27.5,29.2,10.240370421202803,2.82,0.0,6.180000000000113,7.3100000000000005,21.5,0.030000000000001137,1645.8566666666736,570.6400000000037,5.1299999999999955,0,21.53,0
2022-03-30,0.0,34.51,28.06,1007.94,19.95,55.06,Mundali_Barrage_Cuttack,Mahanadi,565.81,1431.62,21.53,26.5,27.5,29.2,8.704314858022382,3.36,2.82,6.180000000000113,7.3100000000000005,21.53,0.0,1616.5266666666737,565.3150000000037,5.309999999999945,0,21.56,0
2022-03-31,0.0,34.67,23.02,1008.25,13.56,51.72,Mundali_Barrage_Cuttack,Mahanadi,543.83,1684.4,21.56,26.5,27.5,29.2,7.398667629319025,0.0,3.36,3.3600000000001136,6.970000000000001,21.53,0.029999999999997584,1606.6066666666736,554.8200000000036,5.0,0,21.49,0
2022-04-01,1.0,34.75,23.67,1008.06,16.87,67.43,Mundali_Barrage_Cuttack,Mahanadi,467.79,1418.21,21.49,26.5,27.5,29.2,7.288867484921171,0.0,0.0,1.0000000000001137,7.970000000000001,21.56,-0.07000000000000028,1511.410000000007,505.8100000000037,5.190000000000055,0,21.52,0
2022-04-02,0.0,34.81,26.51,1007.66,13.48,63.57,Mundali_Barrage_Cuttack,Mahanadi,473.17,1515.03,21.52,26.5,27.5,29.2,6.1955373621829954,1.0,0.0,1.0000000000001137,7.18,21.49,0.030000000000001137,1539.2133333333404,470.48000000000366,5.590000000000032,0,21.65,0
2022-04-03,6.58,36.38,28.17,1007.11,21.54,56.78,Mundali_Barrage_Cuttack,Mahanadi,782.49,2183.02,21.65,26.5,27.5,29.2,11.846206757855546,0.0,1.0,7.580000000000114,13.76,21.52,0.129999999999999,1705.4200000000071,627.8300000000037,6.139999999999986,0,21.56,0
2022-04-04,0.0,35.19,24.96,1009.61,16.59,54.92,Mundali_Barrage_Cuttack,Mahanadi,466.82,1266.38,21.56,26.5,27.5,29.2,10.069275744177213,6.58,0.0,6.580000000000114,10.94,21.65,-0.08999999999999986,1654.810000000007,624.6550000000036,3.6399999999999864,0,21.46,0
2022-04-05,0.0,30.23,22.39,1007.66,14.37,52.91,Mundali_Barrage_Cuttack,Mahanadi,528.54,1651.66,21.46,26.5,27.5,29.2,8.558884382550632,0.0,6.58,6.580000000000114,7.58,21.56,-0.09999999999999787,1700.3533333333405,497.6800000000036,5.590000000000032,0,21.48,0
2022-04-06,0.0,35.07,27.11,1006.88,12.02,52.43,Mundali_Barrage_Cuttack,Mahanadi,566.8,1658.3,21.48,26.5,27.5,29.2,7.275051725168037,0.0,0.0,0.0,7.58,21.46,0.019999999999999574,1525.4466666666738,547.6700000000036,6.3700000000000045,0,21.52,0
2022-04-07,0.0,32.76,23.71,1006.39,17.06,62.18,Mundali_Barrage_Cuttack,Mahanadi,441.55,1146.25,21.52,26.5,27.5,29.2,6.183793966392831,0.0,0.0,0.0,7.58,21.48,0.03999999999999915,1485.4033333333402,504.1750000000036,6.860000000000014,0,21.63,0
2022-04-08,0.0,32.95,25.27,1007.86,12.65,51.22,Mundali_Barrage_Cuttack,Mahanadi,554.84,1501.98,21.63,26.5,27.5,29.2,5.256224871433906,0.0,0.0,0.0,6.58,21.52,0.10999999999999943,1435.5100000000068,498.1950000000037,5.389999999999986,0,21.52,0
2022-04-09,0.0,37.22,28.93,1008.42,11.22,61.22,Mundali_Barrage_Cuttack,Mahanadi,582.6,1364.75,21.52,26.5,27.5,29.2,4.46779114071882,0.0,0.0,0.0,6.58,21.63,-0.10999999999999943,1337.660000000007,568.7200000000037,4.830000000000041,0,21.59,0
2022-04-10,0.0,32.21,25.73,1008.05,15.91,54.41,Mundali_Barrage_Cuttack,Mahanadi,521.62,1328.14,21.59,26.5,27.5,29.2,3.797622469610997,0.0,0.0,0.0,0.0,21.52,0.07000000000000028,1398.290000000007,552.1100000000037,5.2000000000000455,0,21.52,0
2022-04-11,0.0,34.47,23.55,1010.21,9.87,52.63,Mundali_Barrage_Cuttack,Mahanadi,497.32,1414.62,21.52,26.5,27.5,29.2,3.2279790991693473,0.0,0.0,0.0,0.0,21.59,-0.07000000000000028,1369.1700000000071,509.47000000000367,3.0399999999999636,0,21.52,0
2022-04-12,0.0,36.65,27.26,1011.41,14.73,56.51,Mundali_Barrage_Cuttack,Mahanadi,595.12,1635.92,21.52,26.5,27.5,29.2,2.743782234293945,0.0,0.0,0.0,0.0,21.52,0.0,1459.560000000007,546.2200000000037,1.8400000000000318,0,21.55,0
2022-04-13,0.0,32.56,23.59,1007.3,14.05,61.05,Mundali_Barrage_Cuttack,Mahanadi,460.77,1530.44,21.55,26.5,27.5,29.2,2.3322148991498532,0.0,0.0,0.0,0.0,21.52,0.030000000000001137,1526.9933333333402,527.9450000000036,5.9500000000000455,0,21.59,0
2022-04-14,0.0,32.3,21.9,1007.1,12.65,49.91,Mundali_Barrage_Cuttack,Mahanadi,458.94,1713.52,21.59,26.5,27.5,29.2,1.9823826642773752,0.0,0.0,0.0,0.0,21.55,0.03999999999999915,1626.6266666666736,459.85500000000354,6.149999999999977,0,21.56,0
2022-04-15,0.0,35.79,27.58,1006.57,11.25,55.63,Mundali_Barrage_Cuttack,Mahanadi,496.23,1501.23,21.56,26.5,27.5,29.2,1.6850252646357688,0.0,0.0,0.0,0.0,21.59,-0.030000000000001137,1581.7300000000068,477.58500000000356,6.67999999999995,0,21.6,0
2022-04-16,0.0,36.06,25.71,1006.09,14.92,53.84,Mundali_Barrage_Cuttack,Mahanadi,570.12,1532.84,21.6,26.5,27.5,29.2,1.4322714749404035,0.0,0.0,0.0,0.0,21.56,0.0400000000000027,1582.530000000007,533.1750000000036,7.159999999999968,0,21.61,0
2022-04-17,0.0,30.63,18.97,1007.57,11.72,58.32,Mundali_Barrage_Cuttack,Mahanadi,476.29,1413.49,21.61,26.5,27.5,29.2,1.217430753699343,0.0,0.0,0.0,0.0,21.6,0.00999999999999801,1482.5200000000068,523.2050000000036,5.67999999999995,0,21.53,0
2022-04-18,0.0,34.4,23.8,1009.41,19.18,52.65,Mundali_Barrage_Cuttack,Mahanadi,449.27,1210.86,21.53,26.5,27.5,29.2,1.0348161406444414,0.0,0.0,0.0,0.0,21.61,-0.0799999999999983,1385.7300000000068,462.7800000000036,3.840000000000032,0,21.44,0
2022-04-19,0.0,34.36,22.5,1006.16,12.82,45.45,Mundali_Barrage_Cuttack,Mahanadi,538.33,1317.31,21.44,26.5,27.5,29.2,0.8795937195477751,0.0,0.0,0.0,0.0,21.53,-0.08999999999999986,1313.8866666666736,493.8000000000036,7.090000000000032,0,21.5,0
2022-04-20,0.0,35.67,25.1,1008.22,15.72,56.99,Mundali_Barrage_Cuttack,Mahanadi,591.3,1671.36,21.5,26.5,27.5,29.2,0.7476546616156088,0.0,0.0,0.0,0.0,21.44,0.05999999999999872,1399.8433333333403,564.8150000000036,5.029999999999973,0,21.52,0
2022-04-21,0.0,34.98,27.77,1007.49,13.05,56.57,Mundali_Barrage_Cuttack,Mahanadi,524.74,1554.61,21.52,26.5,27.5,29.2,0.6355064623732675,0.0,0.0,0.0,0.0,21.5,0.019999999999999574,1514.4266666666736,558.0200000000036,5.759999999999991,0,21.53,0
2022-04-22,0.0,33.74,22.76,1010.95,10.08,53.27,Mundali_Barrage_Cuttack,Mahanadi,519.75,1455.5,21.53,26.5,27.5,29.2,0.5401804930172773,0.0,0.0,0.0,0.0,21.52,0.010000000000001563,1560.490000000007,522.2450000000035,2.2999999999999545,0,21.44,0
2022-04-23,0.0,39.9,29.07,1008.81,15.14,61.83,Mundali_Barrage_Cuttack,Mahanadi,505.68,1474.05,21.44,26.5,27.5,29.2,0.4591534190646857,0.0,0.0,0.0,0.0,21.53,-0.08999999999999986,1494.7200000000068,512.7150000000036,4.440000000000055,0,21.46,0
2022-04-24,0.0,35.01,26.55,1006.41,12.87,58.5,Mundali_Barrage_Cuttack,Mahanadi,522.24,1466.01,21.46,26.5,27.5,29.2,0.39028040620498283,0.0,0.0,0.0,0.0,21.44,0.019999999999999574,1465.1866666666738,513.9600000000036,6.840000000000032,0,21.49,0
2022-04-25,0.89,29.66,20.45,1009.72,13.4,46.74,Mundali_Barrage_Cuttack,Mahanadi,624.95,1858.07,21.49,26.5,27.5,29.2,1.2217383452742354,0.0,0.0,0.8900000000001137,0.89,21.46,0.029999999999997584,1599.3766666666736,573.5950000000036,3.5299999999999727,0,21.47,0
2022-04-26,0.0,35.01,26.74,1006.63,11.31,39.84,Mundali_Barrage_Cuttack,Mahanadi,443.26,1455.79,21.47,26.5,27.5,29.2,1.0384775934831,0.89,0.0,0.8900000000001137,0.89,21.49,-0.019999999999999574,1593.290000000007,534.1050000000035,6.6200000000000045,0,21.57,0
2022-04-27,2.9,34.51,26.7,1005.18,13.75,50.02,Mundali_Barrage_Cuttack,Mahanadi,676.41,2063.85,21.57,26.5,27.5,29.2,3.782705954460635,0.0,0.89,3.7900000000001137,3.79,21.47,0.10000000000000142,1792.570000000007,559.8350000000034,8.07000000000005,0,21.61,0
2022-04-28,0.0,30.71,21.66,1008.24,15.38,50.38,Mundali_Barrage_Cuttack,Mahanadi,435.29,1482.89,21.61,26.5,27.5,29.2,3.2153000612915394,2.9,0.0,2.9000000000001136,3.79,21.57,0.03999999999999915,1667.5100000000068,555.8500000000035,5.009999999999991,0,21.55,0
2022-04-29,0.0,33.4,26.97,1006.52,9.46,58.15,Mundali_Barrage_Cuttack,Mahanadi,418.31,1239.63,21.55,26.5,27.5,29.2,2.7330050520978086,0.0,2.9,2.9000000000001136,3.79,21.61,-0.05999999999999872,1595.4566666666735,426.80000000000354,6.730000000000018,0,21.41,0
2022-04-30,0.0,35.21,25.92,1008.05,8.66,62.51,Mundali_Barrage_Cuttack,Mahanadi,493.55,1550.71,21.41,26.5,27.5,29.2,2.3230542942831374,0.0,0.0,0.0,3.79,21.55,-0.14000000000000057,1424.410000000007,455.93000000000353,5.2000000000000455,0,21.53,0
2022-05-01,0.0,35.19,26.6,1007.27,15.2,57.04,Mundali_Barrage_Cuttack,Mahanadi,541.3,1528.7,21.53,26.5,27.5,29.2,1.9745961501406668,0.0,0.0,0.0,3.79,21.41,0.120000000000001,1439.6800000000069,517.4250000000035,5.980000000000018,0,21.5,0
2022-05-02,0.0,31.64,23.86,1006.41,11.27,58.8,Mundali_Barrage_Cuttack,Mahanadi,492.87,1594.82,21.5,26.5,27.5,29.2,1.6784067276195667,0.0,0.0,0.0,2.9,21.53,-0.030000000000001137,1558.0766666666734,517.0850000000034,6.840000000000032,0,27.5,2
2022-05-03,204.44,32.49,23.64,993.71,62.21,100.0,Mundali_Barrage_Cuttack,Mahanadi,26329.35,51533.05,27.5,26.5,27.5,29.2,205.86664571847663,0.0,0.0,204.4400000000001,207.34,21.5,6.0,18218.856666666674,13411.110000000002,19.539999999999964,1,25.37,0
2022-05-04,0.0,31.76,24.62,1008.54,12.74,58.11,Mundali_Barrage_Cuttack,Mahanadi,465.58,1386.64,25.37,26.5,27.5,29.2,174.98664886070515,204.44,0.0,204.4400000000001,204.44,27.5,-2.129999999999999,18171.50333333334,13397.465000000004,4.710000000000036,0,23.98,0
2022-05-05,0.0,31.35,21.25,1009.91,18.1,54.72,Mundali_Barrage_Cuttack,Mahanadi,477.11,1578.65,23.98,26.5,27.5,29.2,148.73865153159937,0.0,204.44,204.4400000000001,204.44,25.37,-1.3900000000000006,18166.113333333342,471.34500000000367,3.340000000000032,0,23.12,0
2022-05-06,0.0,33.92,25.76,1009.34,19.76,53.23,Mundali_Barrage_Cuttack,Mahanadi,593.41,1765.4,23.12,26.5,27.5,29.2,126.42785380185947,0.0,0.0,0.0,204.44,23.98,-0.8599999999999994,1576.896666666674,535.2600000000036,3.909999999999968,0,22.52,0
2022-05-07,0.0,32.8,26.13,1007.53,16.48,47.44,Mundali_Barrage_Cuttack,Mahanadi,539.94,1533.59,22.52,26.5,27.5,29.2,107.46367573158055,0.0,0.0,0.0,204.44,23.12,-0.6000000000000014,1625.8800000000072,566.6750000000036,5.720000000000027,0,22.13,0
2022-05-08,0.0,34.01,27.75,1004.58,10.82,52.5,Mundali_Barrage_Cuttack,Mahanadi,507.1,1440.09,22.13,26.5,27.5,29.2,91.34412437184346,0.0,0.0,0.0,204.44,22.52,-0.39000000000000057,1579.6933333333407,523.5200000000036,8.669999999999959,0,21.91,0
2022-05-09,0.0,28.47,16.74,1007.73,14.26,47.53,Mundali_Barrage_Cuttack,Mahanadi,500.71,1551.03,21.91,26.5,27.5,29.2,77.64250571606694,0.0,0.0,0.0,204.44,22.13,-0.21999999999999886,1508.2366666666737,503.9050000000036,5.519999999999982,0,21.79,0
2022-05-10,0.0,33.7,24.92,1008.98,14.62,51.12,Mundali_Barrage_Cuttack,Mahanadi,500.01,1432.64,21.79,26.5,27.5,29.2,65.9961298586569,0.0,0.0,0.0,0.0,21.91,-0.120000000000001,1474.586666666674,500.36000000000365,4.269999999999982,0,21.73,0
2022-05-11,1.97,32.52,22.33,1007.97,10.96,57.93,Mundali_Barrage_Cuttack,Mahanadi,514.55,1596.52,21.73,26.5,27.5,29.2,58.066710379858364,0.0,0.0,1.9700000000001137,1.97,21.79,-0.05999999999999872,1526.730000000007,507.2800000000036,5.279999999999973,0,21.58,0
2022-05-12,0.0,29.42,21.49,1009.01,15.83,55.77,Mundali_Barrage_Cuttack,Mahanadi,500.68,1629.95,21.58,26.5,27.5,29.2,49.35670382287961,1.97,0.0,1.9700000000001137,1.97,21.73,-0.15000000000000213,1553.0366666666741,507.61500000000365,4.240000000000009,0,21.55,0
2022-05-13,1.54,36.27,27.76,1007.3,20.47,51.0,Mundali_Barrage_Cuttack,Mahanadi,645.21,1839.02,21.55,26.5,27.5,29.2,43.493198249447666,0.0,1.97,3.5100000000001135,3.51,21.58,-0.029999999999997584,1688.496666666674,572.9450000000037,5.9500000000000455,0,21.53,0
2022-05-14,2.25,33.24,25.15,1006.25,8.41,53.76,Mundali_Barrage_Cuttack,Mahanadi,477.62,1331.97,21.53,26.5,27.5,29.2,39.219218512030515,1.54,0.0,3.7900000000001137,5.76,21.55,-0.019999999999999574,1600.3133333333408,561.4150000000036,7.0,0,21.51,0
2022-05-15,0.09,35.57,28.88,1007.94,18.19,61.6,Mundali_Barrage_Cuttack,Mahanadi,429.43,1258.86,21.51,26.5,27.5,29.2,33.42633573522594,2.25,1.54,3.8800000000001136,5.85,21.53,-0.019999999999999574,1476.616666666674,453.5250000000036,5.309999999999945,0,21.43,0
2022-05-16,1.76,35.89,24.89,1010.41,15.06,53.19,Mundali_Barrage_Cuttack,Mahanadi,497.54,1679.82,21.43,26.5,27.5,29.2,30.17238537494205,0.09,2.25,4.100000000000113,7.609999999999999,21.51,-0.08000000000000185,1423.5500000000072,463.48500000000365,2.840000000000032,0,21.37,0
2022-05-17,0.0,36.78,25.43,1005.71,17.94,54.92,Mundali_Barrage_Cuttack,Mahanadi,531.93,1212.29,21.37,26.5,27.5,29.2,25.64652756870074,1.76,0.09,1.8500000000001138,7.609999999999999,21.43,-0.05999999999999872,1383.6566666666738,514.7350000000037,7.539999999999964,0,21.48,0
2022-05-18,0.16,34.25,26.23,1007.2,16.96,59.41,Mundali_Barrage_Cuttack,Mahanadi,581.63,1650.94,21.48,26.5,27.5,29.2,21.95954843339563,0.0,1.76,1.9200000000001136,5.8,21.37,0.10999999999999943,1514.3500000000074,556.7800000000036,6.0499999999999545,0,26.7,1
2022-05-19,125.38,35.32,28.46,997.9,43.81,95.06,Mundali_Barrage_Cuttack,Mahanadi,27168.75,46353.28,26.7,26.5,27.5,29.2,144.0456161683863,0.16,0.0,125.5400000000001,131.18,21.48,5.219999999999999,16405.50333333334,13875.190000000004,15.350000000000023,0,24.87,0
2022-05-20,0.0,34.76,28.0,1010.2,12.08,62.42,Mundali_Barrage_Cuttack,Mahanadi,549.82,1247.27,24.87,26.5,27.5,29.2,122.43877374312834,125.38,0.16,125.5400000000001,129.64,26.7,-1.8299999999999983,16417.16333333334,13859.285000000003,3.0499999999999545,0,23.65,0
2022-05-21,0.0,30.42,22.97,1007.95,13.23,54.73,Mundali_Barrage_Cuttack,Mahanadi,549.16,1608.88,23.65,26.5,27.5,29.2,104.07295768165909,0.0,125.38,125.38000000000011,127.38999999999999,24.87,-1.2200000000000024,16403.14333333334,549.4900000000036,5.2999999999999545,0,22.96,0
2022-05-22,0.11,37.17,26.29,1008.99,9.67,54.87,Mundali_Barrage_Cuttack,Mahanadi,564.21,1525.67,22.96,26.5,27.5,29.2,88.57201402941023,0.0,0.0,0.11000000000011369,127.41,23.65,-0.6899999999999977,1460.6066666666738,556.6850000000036,4.259999999999991,0,22.4,0
2022-05-23,0.0,35.6,28.97,1007.65,15.19,55.85,Mundali_Barrage_Cuttack,Mahanadi,438.5,1409.83,22.4,26.5,27.5,29.2,75.2862119249987,0.11,0.0,0.11000000000011369,125.64999999999999,22.96,-0.5600000000000023,1514.7933333333406,501.35500000000366,5.600000000000023,0,22.1,0
2022-05-24,1.46,34.57,24.13,1006.9,9.65,50.18,Mundali_Barrage_Cuttack,Mahanadi,621.05,1584.01,22.1,26.5,27.5,29.2,65.45328013624889,0.0,0.11,1.5700000000001137,127.10999999999999,22.4,-0.29999999999999716,1506.5033333333406,529.7750000000036,6.350000000000023,0,21.89,0
2022-05-25,0.0,34.73,27.78,1007.24,12.08,56.59,Mundali_Barrage_Cuttack,Mahanadi,586.98,1558.48,21.89,26.5,27.5,29.2,55.635288115811555,1.46,0.0,1.4600000000001137,126.94999999999999,22.1,-0.21000000000000085,1517.440000000007,604.0150000000036,6.009999999999991,0,21.79,0
2022-05-26,0.0,34.97,28.84,1007.49,14.71,36.56,Mundali_Barrage_Cuttack,Mahanadi,518.97,1584.17,21.79,26.5,27.5,29.2,47.28999489843982,0.0,1.46,1.4600000000001137,1.57,21.89,-0.10000000000000142,1575.5533333333406,552.9750000000037,5.759999999999991,0,21.66,0
2022-05-27,1.18,37.33,28.14,1008.93,10.36,57.32,Mundali_Barrage_Cuttack,Mahanadi,628.96,1742.17,21.66,26.5,27.5,29.2,41.37649566367385,0.0,0.0,1.1800000000001136,2.75,21.79,-0.129999999999999,1628.2733333333406,573.9650000000037,4.32000000000005,0,21.62,0
2022-05-28,0.72,35.42,26.04,1005.65,17.48,57.68,Mundali_Barrage_Cuttack,Mahanadi,559.99,1587.18,21.62,26.5,27.5,29.2,35.89002131412277,1.18,0.0,1.9000000000001136,3.4699999999999998,21.66,-0.03999999999999915,1637.8400000000074,594.4750000000037,7.600000000000023,0,21.45,0
2022-05-29,0.0,37.42,31.13,1006.72,16.14,50.15,Mundali_Barrage_Cuttack,Mahanadi,566.15,1263.56,21.45,26.5,27.5,29.2,30.506518117004354,0.72,1.18,1.9000000000001136,3.3600000000000003,21.62,-0.1700000000000017,1530.9700000000073,563.0700000000036,6.529999999999973,0,21.51,0
2022-05-30,0.0,33.6,26.64,1010.32,18.31,45.86,Mundali_Barrage_Cuttack,Mahanadi,450.67,1452.79,21.51,26.5,27.5,29.2,25.9305403994537,0.0,0.72,0.7200000000001137,3.3600000000000003,21.45,0.060000000000002274,1434.5100000000075,508.4100000000036,2.92999999999995,0,21.52,0
2022-05-31,1.77,35.62,29.48,1004.79,17.28,52.77,Mundali_Barrage_Cuttack,Mahanadi,645.04,1755.13,21.52,26.5,27.5,29.2,23.810959339535646,0.0,0.0,1.7700000000001137,3.67,21.51,0.00999999999999801,1490.4933333333404,547.8550000000037,8.460000000000036,0,21.83,0
2022-06-01,22.6,33.5,25.2,993.06,13.49,82.88,Mundali_Barrage_Cuttack,Mahanadi,1176.49,4105.8,21.83,26.5,27.5,29.2,42.8393154386053,1.77,0.0,24.370000000000115,26.270000000000003,21.52,0.3099999999999987,2437.9066666666745,910.7650000000035,20.190000000000055,0,22.51,0
2022-06-02,52.48,32.52,22.06,993.29,31.24,98.46,Mundali_Barrage_Cuttack,Mahanadi,1999.6,7549.33,22.51,26.5,27.5,29.2,88.8934181228145,22.6,1.77,76.85000000000011,78.75,21.83,0.6800000000000033,4470.086666666674,1588.0450000000035,19.960000000000036,0,22.74,0
2022-06-03,42.49,37.43,29.35,994.41,18.47,91.34,Mundali_Barrage_Cuttack,Mahanadi,1865.48,6559.11,22.74,26.5,27.5,29.2,118.04940540439233,52.48,22.6,117.57000000000012,120.06,22.51,0.22999999999999687,6071.41333333334,1932.5400000000036,18.840000000000032,0,22.76,0
2022-06-04,22.67,34.88,27.52,995.58,19.02,70.79,Mundali_Barrage_Cuttack,Mahanadi,1259.82,4404.92,22.76,26.5,27.5,29.2,123.01199459373348,42.49,52.48,117.64000000000011,142.01,22.74,0.020000000000003126,6171.120000000007,1562.6500000000035,17.66999999999996,0,22.44,0
2022-06-05,6.78,36.86,26.24,994.38,21.09,82.45,Mundali_Barrage_Cuttack,Mahanadi,744.51,2431.67,22.44,26.5,27.5,29.2,111.34019540467345,22.67,42.49,71.94000000000013,148.79,22.76,-0.3200000000000003,4465.233333333341,1002.1650000000035,18.870000000000005,0,22.68,0
2022-06-06,37.28,34.75,28.0,992.97,24.55,90.2,Mundali_Barrage_Cuttack,Mahanadi,1625.48,5987.64,22.68,26.5,27.5,29.2,131.91916609397242,6.78,22.67,66.73000000000013,186.07,22.44,0.23999999999999844,4274.743333333341,1184.9950000000035,20.279999999999973,0,22.54,0
2022-06-07,17.76,37.19,27.07,997.12,15.05,91.76,Mundali_Barrage_Cuttack,Mahanadi,1041.09,3659.34,22.54,26.5,27.5,29.2,129.89129117987656,37.28,6.78,61.82000000000012,202.06000000000003,22.68,-0.14000000000000057,4026.2166666666744,1333.2850000000035,16.129999999999995,0,22.73,0
2022-06-08,32.61,35.64,29.0,994.86,26.88,91.54,Mundali_Barrage_Cuttack,Mahanadi,1428.23,5290.4,22.73,26.5,27.5,29.2,143.01759750289506,17.76,37.28,87.65000000000012,212.07,22.54,0.19000000000000128,4979.126666666674,1234.6600000000035,18.389999999999986,0,22.42,0
2022-06-09,7.02,36.78,25.23,993.58,17.49,77.96,Mundali_Barrage_Cuttack,Mahanadi,739.99,2374.56,22.42,26.5,27.5,29.2,128.5849578774608,32.61,17.76,57.390000000000114,166.61,22.73,-0.3099999999999987,3774.766666666674,1084.1100000000035,19.66999999999996,0,22.67,0
2022-06-10,40.06,37.29,29.26,992.61,23.12,87.84,Mundali_Barrage_Cuttack,Mahanadi,1727.82,6228.47,22.67,26.5,27.5,29.2,149.35721419584166,7.02,32.61,79.69000000000011,164.18,22.42,0.25,4631.143333333341,1233.9050000000034,20.639999999999986,0,22.96,0
2022-06-11,44.21,36.6,28.21,993.37,20.41,100.0,Mundali_Barrage_Cuttack,Mahanadi,1803.28,6599.92,22.96,26.5,27.5,29.2,171.16363206646542,40.06,7.02,91.2900000000001,185.72,22.67,0.28999999999999915,5067.650000000008,1765.5500000000034,19.879999999999995,0,22.56,0
2022-06-12,13.97,36.49,25.88,996.23,16.28,86.2,Mundali_Barrage_Cuttack,Mahanadi,1014.32,3132.66,22.56,26.5,27.5,29.2,159.4590872564956,44.21,40.06,98.24000000000012,192.91,22.96,-0.40000000000000213,5320.350000000009,1408.8000000000036,17.019999999999982,0,22.29,0
2022-06-13,8.16,41.86,30.3,996.29,12.87,93.44,Mundali_Barrage_Cuttack,Mahanadi,699.75,2265.08,22.29,26.5,27.5,29.2,143.70022416802124,13.97,44.21,66.34000000000012,163.79,22.56,-0.2699999999999996,3999.220000000007,857.0350000000035,16.960000000000036,0,24.07,0
2022-06-14,74.6,35.82,25.77,991.1,36.91,100.0,Mundali_Barrage_Cuttack,Mahanadi,9396.92,18897.91,24.07,26.5,27.5,29.2,196.74519054281802,8.16,13.97,96.7300000000001,220.63,22.29,1.7800000000000011,8098.5500000000075,5048.335000000004,22.149999999999977,0,23.72,0
2022-06-15,37.59,36.64,29.96,994.22,21.8,96.8,Mundali_Barrage_Cuttack,Mahanadi,1686.3,5979.26,23.72,26.5,27.5,29.2,204.82341196139532,74.6,8.16,120.35000000000011,225.61,24.07,-0.3500000000000014,9047.416666666673,5541.610000000003,19.029999999999973,0,23.55,0
2022-06-16,42.05,38.28,29.51,995.93,20.29,88.13,Mundali_Barrage_Cuttack,Mahanadi,1666.11,6527.22,23.55,26.5,27.5,29.2,216.149900167186,37.59,74.6,154.24000000000012,260.64,23.72,-0.16999999999999815,10468.130000000006,1676.2050000000036,17.32000000000005,0,23.24,0
2022-06-17,28.33,34.71,25.75,995.21,20.72,97.79,Mundali_Barrage_Cuttack,Mahanadi,1267.92,4639.45,23.24,26.5,27.5,29.2,212.05741514210808,42.05,37.59,107.97000000000011,248.90999999999997,23.55,-0.3100000000000023,5715.310000000008,1467.0150000000035,18.039999999999964,0,22.91,0
2022-06-18,21.54,34.89,23.52,997.32,18.51,90.68,Mundali_Barrage_Cuttack,Mahanadi,1047.21,4147.2,22.91,26.5,27.5,29.2,201.78880287079187,28.33,42.05,91.9200000000001,226.24,23.24,-0.3299999999999983,5104.62333333334,1157.5650000000037,15.92999999999995,0,23.03,0
2022-06-19,36.63,39.01,32.32,992.27,26.48,91.51,Mundali_Barrage_Cuttack,Mahanadi,1565.34,5841.85,23.03,26.5,27.5,29.2,208.15048244017308,21.54,28.33,86.50000000000011,248.9,22.91,0.120000000000001,4876.166666666674,1306.2750000000037,20.980000000000018,0,22.68,0
2022-06-20,12.83,41.45,29.62,995.32,17.53,82.66,Mundali_Barrage_Cuttack,Mahanadi,854.93,2950.07,22.68,26.5,27.5,29.2,189.75791007414713,36.63,21.54,71.00000000000011,253.57000000000002,23.03,-0.3500000000000014,4313.040000000007,1210.1350000000036,17.92999999999995,0,23.03,0
2022-06-21,55.66,37.33,29.34,991.47,28.5,97.74,Mundali_Barrage_Cuttack,Mahanadi,2088.42,7913.99,23.03,26.5,27.5,29.2,216.95422356302507,12.83,36.63,105.12000000000012,234.63,22.68,0.3500000000000014,5568.636666666675,1471.6750000000038,21.779999999999973,0,22.8,0
2022-06-22,20.64,38.4,32.37,996.2,15.14,86.59,Mundali_Barrage_Cuttack,Mahanadi,1118.8,3627.58,22.8,26.5,27.5,29.2,205.0510900285713,55.66,12.83,89.13000000000011,217.67999999999998,23.03,-0.23000000000000043,4830.546666666673,1603.6100000000038,17.049999999999955,0,24.27,0
2022-06-23,67.67,37.56,29.98,989.19,32.27,95.68,Mundali_Barrage_Cuttack,Mahanadi,8788.97,17495.72,24.27,26.5,27.5,29.2,241.96342652428564,20.64,55.66,143.9700000000001,243.3,22.8,1.4699999999999989,9679.096666666674,4953.885000000004,24.059999999999945,0,27.84,2
2022-06-24,128.44,38.21,29.67,990.88,40.19,100.0,Mundali_Barrage_Cuttack,Mahanadi,22040.11,39721.66,27.84,26.5,27.5,29.2,334.1089125456428,67.67,20.64,216.7500000000001,343.41,24.27,3.5700000000000003,20281.653333333343,15414.540000000005,22.370000000000005,0,30.2,3
2022-06-25,248.04,37.68,30.57,981.34,79.16,100.0,Mundali_Barrage_Cuttack,Mahanadi,29244.66,58672.16,30.2,26.5,27.5,29.2,532.0325756637964,128.44,67.67,444.1500000000001,569.91,27.84,2.3599999999999994,38629.84666666668,25642.385000000002,31.909999999999968,1,27.14,1
2022-06-26,2.46,39.48,32.88,997.25,17.5,88.57,Mundali_Barrage_Cuttack,Mahanadi,523.75,2043.08,27.14,26.5,27.5,29.2,454.6876893142269,248.04,128.44,378.9400000000001,535.74,30.2,-3.0599999999999987,33478.966666666674,14884.205000000004,16.0,0,30.03,3
2022-06-27,123.23,35.58,26.23,988.05,44.23,100.0,Mundali_Barrage_Cuttack,Mahanadi,25460.41,43424.44,30.03,26.5,27.5,29.2,509.71453591709286,2.46,248.04,373.73000000000013,646.14,27.14,2.8900000000000006,34713.22666666668,12992.080000000004,25.200000000000045,0,30.2,3
2022-06-28,147.47,35.7,24.07,990.44,50.04,100.0,Mundali_Barrage_Cuttack,Mahanadi,28408.25,49416.12,30.2,26.5,27.5,29.2,580.727355529529,123.23,2.46,273.1600000000001,737.95,30.03,0.16999999999999815,31627.88000000001,26934.33,22.809999999999945,1,27.13,1
2022-06-29,0.84,39.1,29.47,995.36,16.15,93.81,Mundali_Barrage_Cuttack,Mahanadi,561.72,1792.01,27.13,26.5,27.5,29.2,494.4582522000996,147.47,123.23,271.54000000000013,718.15,30.2,-3.0700000000000003,31544.190000000006,14484.985000000004,17.889999999999986,0,25.17,0
2022-06-30,2.7,37.43,31.41,995.36,12.72,81.18,Mundali_Barrage_Cuttack,Mahanadi,579.85,1782.13,25.17,26.5,27.5,29.2,422.98951437008463,0.84,147.47,151.0100000000001,653.1800000000001,27.13,-1.9599999999999973,17663.42000000001,570.7850000000037,17.889999999999986,0,24.19,0
2022-07-01,17.92,38.68,27.05,995.74,14.69,92.22,Mundali_Barrage_Cuttack,Mahanadi,1019.89,3559.33,24.19,26.5,27.5,29.2,377.46108721457193,2.7,0.84,21.460000000000115,542.66,25.17,-0.9800000000000004,2377.8233333333405,799.8700000000036,17.50999999999999,0,23.34,0
2022-07-02,8.19,38.22,29.58,992.87,22.21,85.19,Mundali_Barrage_Cuttack,Mahanadi,787.5,2584.02,23.34,26.5,27.5,29.2,329.0319241323861,17.92,2.7,28.810000000000116,302.81,24.19,-0.8500000000000014,2641.8266666666736,903.6950000000036,20.379999999999995,0,22.9,0
2022-07-03,13.71,37.21,26.76,993.65,19.72,91.98,Mundali_Barrage_Cuttack,Mahanadi,955.49,3424.69,22.9,26.5,27.5,29.2,293.3871355125282,8.19,17.92,39.820000000000114,314.06,23.34,-0.4400000000000013,3189.346666666674,871.4950000000036,19.600000000000023,0,22.5,0
2022-07-04,7.47,37.01,27.71,999.62,24.34,82.47,Mundali_Barrage_Cuttack,Mahanadi,643.13,2328.01,22.5,26.5,27.5,29.2,256.84906518564895,13.71,8.19,29.370000000000115,198.3,22.9,-0.3999999999999986,2778.9066666666745,799.3100000000036,13.629999999999995,0,28.02,2
2022-07-05,217.64,38.12,31.01,981.91,72.27,100.0,Mundali_Barrage_Cuttack,Mahanadi,23511.8,48868.08,28.02,26.5,27.5,29.2,435.96170540780156,7.47,13.71,238.8200000000001,268.47,22.5,5.52,18206.926666666677,12077.465000000004,31.340000000000032,1,28.19,2
2022-07-06,84.23,40.73,32.86,988.46,29.37,100.0,Mundali_Barrage_Cuttack,Mahanadi,10881.24,21520.26,28.19,26.5,27.5,29.2,454.79744959663134,217.64,7.47,309.3400000000001,351.86,28.02,0.1700000000000017,24238.78333333334,17196.520000000004,24.789999999999964,0,30.2,3
2022-07-07,202.1,34.6,25.78,983.05,63.96,100.0,Mundali_Barrage_Cuttack,Mahanadi,27932.08,53437.96,30.2,26.5,27.5,29.2,588.6778321571367,84.23,217.64,503.97000000000014,551.26,28.19,2.009999999999998,41275.43333333334,19406.660000000003,30.200000000000045,1,27.98,2
2022-07-08,54.59,38.29,30.99,993.59,23.18,92.75,Mundali_Barrage_Cuttack,Mahanadi,2165.03,8039.61,27.98,26.5,27.5,29.2,554.9661573335661,202.1,84.23,340.9200000000002,587.9300000000001,30.2,-2.219999999999999,27665.943333333344,15048.555000000006,19.659999999999968,0,25.73,0
2022-07-09,5.43,40.87,34.68,995.57,19.12,87.06,Mundali_Barrage_Cuttack,Mahanadi,601.17,1836.8,25.73,26.5,27.5,29.2,477.15123373353117,54.59,202.1,262.1200000000001,585.17,27.98,-2.25,21104.79000000001,1383.1000000000056,17.67999999999995,0,24.79,0
2022-07-10,39.9,39.34,31.34,993.85,22.96,93.98,Mundali_Barrage_Cuttack,Mahanadi,1601.4,6101.52,24.79,26.5,27.5,29.2,445.47854867350145,5.43,54.59,99.92000000000012,611.36,25.73,-0.9400000000000013,5325.9766666666765,1101.2850000000055,19.399999999999977,0,23.59,0
2022-07-11,0.2,38.26,31.2,995.3,14.95,85.9,Mundali_Barrage_Cuttack,Mahanadi,502.31,1220.91,23.59,26.5,27.5,29.2,378.8567663724762,39.9,5.43,45.530000000000115,604.09,24.79,-1.1999999999999993,3053.076666666677,1051.8550000000055,17.950000000000045,0,29.41,3
2022-07-12,248.96,36.39,25.02,983.0,77.82,100.0,Mundali_Barrage_Cuttack,Mahanadi,26106.83,54703.64,29.41,26.5,27.5,29.2,570.9882514166048,0.2,39.9,289.0600000000001,635.4100000000001,23.59,5.82,20675.356666666677,13304.570000000007,30.25,1,26.69,1
2022-07-13,2.94,38.21,28.87,995.07,16.56,89.61,Mundali_Barrage_Cuttack,Mahanadi,630.81,1887.1,26.69,26.5,27.5,29.2,488.2800137041141,248.96,0.2,252.1000000000001,554.12,29.41,-2.719999999999999,19270.55000000001,13368.820000000007,18.17999999999995,0,30.2,3
2022-07-14,190.97,40.89,32.43,984.41,55.09,100.0,Mundali_Barrage_Cuttack,Mahanadi,25637.66,49543.51,30.2,26.5,27.5,29.2,606.0080116484969,2.94,248.96,442.8700000000001,542.99,26.69,3.509999999999998,35378.08333333334,13134.235000000006,28.840000000000032,1,27.37,1
2022-07-15,16.62,35.21,27.66,995.43,18.42,84.52,Mundali_Barrage_Cuttack,Mahanadi,926.65,3201.63,27.37,26.5,27.5,29.2,531.7268099012224,190.97,2.94,210.53000000000011,505.02,30.2,-2.8299999999999983,18210.746666666677,13282.155000000006,17.82000000000005,0,25.43,0
2022-07-16,7.32,41.86,31.35,997.24,18.76,84.24,Mundali_Barrage_Cuttack,Mahanadi,697.52,2470.4,25.43,26.5,27.5,29.2,459.287788416039,16.62,190.97,214.9100000000001,506.91,27.37,-1.9400000000000013,18405.18000000001,812.0850000000055,16.00999999999999,0,25.75,0
2022-07-17,77.12,36.49,24.59,992.84,30.7,100.0,Mundali_Barrage_Cuttack,Mahanadi,6862.87,15789.79,25.75,26.5,27.5,29.2,467.51462015363313,7.32,16.62,101.06000000000012,544.13,25.43,0.3200000000000003,7153.94000000001,3780.1950000000056,20.409999999999968,0,30.16,3
2022-07-18,233.12,42.11,32.17,985.16,70.73,100.0,Mundali_Barrage_Cuttack,Mahanadi,22533.5,48693.64,30.16,26.5,27.5,29.2,630.5074271305882,77.12,7.32,317.5600000000001,777.0500000000001,25.75,4.41,22317.943333333344,14698.185000000005,28.090000000000032,1,27.55,2
2022-07-19,26.53,42.47,35.11,993.68,18.96,87.66,Mundali_Barrage_Cuttack,Mahanadi,1341.14,4544.63,27.55,26.5,27.5,29.2,562.4613130609999,233.12,77.12,336.7700000000001,554.62,30.16,-2.6099999999999994,23009.353333333343,11937.320000000003,19.57000000000005,0,25.68,0
2022-07-20,13.03,38.76,29.22,996.92,14.42,89.94,Mundali_Barrage_Cuttack,Mahanadi,819.48,3030.72,25.68,26.5,27.5,29.2,491.1221161018499,26.53,233.12,272.6800000000001,564.7099999999999,27.55,-1.870000000000001,18756.33000000001,1080.3100000000036,16.33000000000004,0,24.19,0
2022-07-21,5.15,40.01,31.99,995.76,12.33,87.16,Mundali_Barrage_Cuttack,Mahanadi,630.11,1966.19,24.19,26.5,27.5,29.2,422.60379868657236,13.03,26.53,44.710000000000115,378.89,25.68,-1.4899999999999984,3180.5133333333433,724.7950000000037,17.49000000000001,0,23.37,0
2022-07-22,8.48,37.87,30.29,994.74,13.38,84.45,Mundali_Barrage_Cuttack,Mahanadi,678.68,2463.3,23.37,26.5,27.5,29.2,367.6932288835865,5.15,13.03,26.660000000000114,370.75,24.19,-0.8200000000000003,2486.7366666666762,654.3950000000036,18.50999999999999,0,27.66,2
2022-07-23,167.16,40.25,34.13,985.44,57.17,100.0,Mundali_Barrage_Cuttack,Mahanadi,21916.61,42521.11,27.66,26.5,27.5,29.2,479.69924455104854,8.48,5.15,180.7900000000001,530.59,23.37,4.289999999999999,15650.20000000001,11297.645000000004,27.809999999999945,1,30.2,3
2022-07-24,228.67,42.31,32.7,982.24,73.0,100.0,Mundali_Barrage_Cuttack,Mahanadi,28467.12,56068.68,30.2,26.5,27.5,29.2,636.4143578683912,167.16,8.48,404.31000000000006,682.14,27.66,2.539999999999999,33684.36333333334,25191.865000000005,31.00999999999999,1,29.36,3
2022-07-25,89.44,40.62,31.22,989.38,34.91,100.0,Mundali_Barrage_Cuttack,Mahanadi,8152.03,18636.4,29.36,26.5,27.5,29.2,630.3922041881326,228.67,167.16,485.2700000000001,538.46,30.2,-0.8399999999999999,39075.396666666675,18309.575000000004,23.870000000000005,0,26.85,1
2022-07-26,17.74,43.33,32.66,992.91,18.74,94.81,Mundali_Barrage_Cuttack,Mahanadi,1117.27,3521.05,26.85,26.5,27.5,29.2,553.5733735599127,89.44,228.67,335.8500000000001,529.67,29.36,-2.509999999999998,26075.376666666678,4634.650000000003,20.340000000000032,0,25.82,0
2022-07-27,54.64,39.55,31.87,993.37,23.34,96.19,Mundali_Barrage_Cuttack,Mahanadi,2141.28,7785.14,25.82,26.5,27.5,29.2,525.1773675259258,17.74,89.44,161.8200000000001,571.28,26.85,-1.0300000000000011,9980.863333333344,1629.2750000000037,19.879999999999995,0,24.28,0
2022-07-28,7.38,40.6,30.9,997.41,8.69,81.39,Mundali_Barrage_Cuttack,Mahanadi,661.78,2004.97,24.28,26.5,27.5,29.2,453.7807623970369,54.64,17.74,79.7600000000001,573.51,25.82,-1.5399999999999991,4437.053333333343,1401.5300000000038,15.840000000000032,0,24.95,0
2022-07-29,69.18,36.66,27.67,990.42,35.06,88.67,Mundali_Barrage_Cuttack,Mahanadi,6281.64,14496.71,24.95,26.5,27.5,29.2,454.89364803748134,7.38,54.64,131.2000000000001,634.2099999999999,24.28,0.6699999999999982,8095.606666666677,3471.7100000000037,22.83000000000004,0,23.81,0
2022-07-30,4.22,38.95,32.56,994.89,13.81,90.78,Mundali_Barrage_Cuttack,Mahanadi,725.61,2005.71,23.81,26.5,27.5,29.2,390.87960083185914,69.18,7.38,80.78000000000011,471.27,24.95,-1.1400000000000006,6169.130000000009,3503.625000000004,18.360000000000014,0,23.45,0
2022-07-31,27.59,39.78,31.45,997.32,25.35,83.7,Mundali_Barrage_Cuttack,Mahanadi,1251.24,4666.95,23.45,26.5,27.5,29.2,359.8376607070802,4.22,69.18,100.99000000000012,270.19,23.81,-0.35999999999999943,7056.456666666676,988.425000000004,15.92999999999995,0,23.11,0
2022-08-01,19.12,40.38,33.57,994.96,14.45,92.47,Mundali_Barrage_Cuttack,Mahanadi,1142.24,3796.31,23.11,26.5,27.5,29.2,324.98201160101814,27.59,4.22,50.93000000000011,199.87,23.45,-0.33999999999999986,3489.6566666666763,1196.7400000000039,18.289999999999964,0,22.45,0
2022-08-02,0.52,42.49,35.28,997.15,14.51,74.25,Mundali_Barrage_Cuttack,Mahanadi,425.31,1339.88,22.45,26.5,27.5,29.2,276.7547098608654,19.12,27.59,47.23000000000012,182.64999999999998,23.11,-0.6600000000000001,3267.7133333333427,783.7750000000041,16.100000000000023,0,22.1,0
2022-08-03,5.29,38.84,31.61,994.97,13.71,85.92,Mundali_Barrage_Cuttack,Mahanadi,582.34,1950.08,22.1,26.5,27.5,29.2,240.53150338173555,0.52,19.12,24.930000000000113,133.3,22.45,-0.34999999999999787,2362.0900000000097,503.82500000000414,18.279999999999973,0,21.78,0
2022-08-04,0.81,41.09,29.65,994.46,15.85,88.6,Mundali_Barrage_Cuttack,Mahanadi,492.33,1132.69,21.78,26.5,27.5,29.2,205.2617778744752,5.29,0.52,6.620000000000115,126.73,22.1,-0.3200000000000003,1474.2166666666762,537.3350000000041,18.789999999999964,0,21.86,0
2022-08-05,10.6,41.34,30.99,994.44,16.75,83.37,Mundali_Barrage_Cuttack,Mahanadi,846.9,2986.88,21.86,26.5,27.5,29.2,185.0725111933039,0.81,5.29,16.700000000000117,68.15,21.78,0.0799999999999983,2023.2166666666762,669.6150000000041,18.809999999999945,0,22.26,0
2022-08-06,34.35,39.63,30.56,992.75,25.18,90.28,Mundali_Barrage_Cuttack,Mahanadi,1473.58,5342.59,22.26,26.5,27.5,29.2,191.6616345143083,10.6,0.81,45.76000000000012,98.28,21.86,0.40000000000000213,3154.053333333343,1160.240000000004,20.5,0,22.33,0
2022-08-07,17.98,43.82,35.82,995.56,16.91,91.28,Mundali_Barrage_Cuttack,Mahanadi,1118.46,3792.08,22.33,26.5,27.5,29.2,180.89238933716206,34.35,10.6,62.93000000000012,88.67,22.26,0.06999999999999673,4040.516666666676,1296.020000000004,17.690000000000055,0,22.37,0
2022-08-08,22.12,37.04,29.44,994.27,21.51,87.9,Mundali_Barrage_Cuttack,Mahanadi,1070.95,3903.82,22.37,26.5,27.5,29.2,175.87853093658774,17.98,34.35,74.45000000000013,91.67000000000002,22.33,0.0400000000000027,4346.163333333343,1094.705000000004,18.980000000000018,0,22.05,0
2022-08-09,0.33,43.24,36.73,995.99,17.54,87.91,Mundali_Barrage_Cuttack,Mahanadi,454.38,1177.96,22.05,26.5,27.5,29.2,149.8267512960996,22.12,17.98,40.43000000000011,91.48,22.37,-0.3200000000000003,2957.9533333333434,762.665000000004,17.25999999999999,0,22.34,0
2022-08-10,30.96,36.35,28.49,993.12,15.24,86.74,Mundali_Barrage_Cuttack,Mahanadi,1461.07,5044.59,22.34,26.5,27.5,29.2,158.31273860168466,0.33,22.12,53.41000000000011,117.15,22.05,0.28999999999999915,3375.4566666666765,957.7250000000041,20.129999999999995,0,22.31,0
2022-08-11,15.85,45.86,34.88,994.49,15.07,77.1,Mundali_Barrage_Cuttack,Mahanadi,1006.7,3122.15,22.31,26.5,27.5,29.2,150.41582781143194,30.96,0.33,47.140000000000114,132.19,22.34,-0.030000000000001137,3114.90000000001,1233.8850000000043,18.75999999999999,0,22.16,0
2022-08-12,14.75,39.5,29.78,994.88,17.91,80.63,Mundali_Barrage_Cuttack,Mahanadi,934.42,3056.93,22.16,26.5,27.5,29.2,142.60345363971715,15.85,30.96,61.560000000000116,136.34,22.31,-0.14999999999999858,3741.223333333343,970.560000000004,18.370000000000005,0,21.9,0
2022-08-13,0.2,40.98,29.11,999.03,13.05,86.49,Mundali_Barrage_Cuttack,Mahanadi,411.78,1356.69,21.9,26.5,27.5,29.2,121.41293559375957,14.75,15.85,30.800000000000114,102.19,22.16,-0.26000000000000156,2511.923333333343,673.100000000004,14.220000000000027,0,21.66,0
2022-08-14,1.3,43.16,31.71,994.5,15.16,81.49,Mundali_Barrage_Cuttack,Mahanadi,539.14,1718.9,21.66,26.5,27.5,29.2,104.50099525469562,0.2,14.75,16.250000000000114,85.50999999999999,21.9,-0.23999999999999844,2044.1733333333432,475.4600000000041,18.75,0,21.62,0
2022-08-15,10.37,41.67,32.47,995.06,12.0,84.5,Mundali_Barrage_Cuttack,Mahanadi,787.12,2569.59,21.62,26.5,27.5,29.2,99.19584596649128,1.3,0.2,11.870000000000113,73.75999999999999,21.66,-0.03999999999999915,1881.7266666666765,663.1300000000041,18.190000000000055,0,22.04,0
2022-08-16,34.24,38.29,26.56,994.47,21.08,84.86,Mundali_Barrage_Cuttack,Mahanadi,1482.4,5500.63,22.04,26.5,27.5,29.2,118.5564690715176,10.37,1.3,45.91000000000012,107.67,21.62,0.41999999999999815,3263.0400000000095,1134.760000000004,18.779999999999973,0,22.03,0
2022-08-17,7.42,42.37,32.89,996.58,16.65,81.43,Mundali_Barrage_Cuttack,Mahanadi,791.15,2473.77,22.03,26.5,27.5,29.2,108.19299871078995,34.24,10.37,52.030000000000115,84.13000000000001,22.04,-0.00999999999999801,3514.663333333343,1136.7750000000042,16.66999999999996,0,21.92,0
2022-08-18,5.1,40.64,32.54,993.41,11.95,84.55,Mundali_Barrage_Cuttack,Mahanadi,738.85,2218.06,21.92,26.5,27.5,29.2,97.06404890417144,7.42,34.24,46.76000000000012,73.38,22.03,-0.10999999999999943,3397.4866666666762,765.0000000000041,19.840000000000032,0,22.24,0
2022-08-19,34.16,40.69,29.12,989.76,17.24,100.0,Mundali_Barrage_Cuttack,Mahanadi,1484.06,5564.66,22.24,26.5,27.5,29.2,116.66444156854573,5.1,7.42,46.68000000000011,92.78999999999999,21.92,0.31999999999999673,3418.8300000000095,1111.455000000004,23.49000000000001,0,22.37,0
2022-08-20,24.18,40.26,29.54,994.38,17.62,88.01,Mundali_Barrage_Cuttack,Mahanadi,1201.03,4075.35,22.37,26.5,27.5,29.2,123.34477533326387,34.16,5.1,63.44000000000011,116.76999999999998,22.24,0.13000000000000256,3952.6900000000096,1342.5450000000042,18.870000000000005,0,22.61,0
2022-08-21,28.13,44.14,35.94,993.66,25.83,98.08,Mundali_Barrage_Cuttack,Mahanadi,1367.48,4918.31,22.61,26.5,27.5,29.2,132.9730590332743,24.18,34.16,86.47000000000011,143.6,22.37,0.23999999999999844,4852.773333333343,1284.2550000000042,19.590000000000032,0,22.34,0
2022-08-22,12.72,35.39,23.41,995.68,13.2,85.68,Mundali_Barrage_Cuttack,Mahanadi,806.79,2776.33,22.34,26.5,27.5,29.2,125.74710017828315,28.13,24.18,65.03000000000011,145.95,22.61,-0.2699999999999996,3923.3300000000095,1087.135000000004,17.57000000000005,0,22.4,0
2022-08-23,20.15,43.29,33.04,995.77,20.85,85.99,Mundali_Barrage_Cuttack,Mahanadi,1182.53,4222.03,22.4,26.5,27.5,29.2,127.03503515154068,12.72,28.13,61.00000000000012,131.85999999999999,22.34,0.05999999999999872,3972.2233333333425,994.6600000000041,17.480000000000018,0,23.62,0
2022-08-24,62.69,42.2,32.32,993.74,27.76,100.0,Mundali_Barrage_Cuttack,Mahanadi,6647.92,14317.55,23.62,26.5,27.5,29.2,170.66977987880958,20.15,12.72,95.56000000000012,187.13,22.4,1.2200000000000024,7105.3033333333415,3915.225000000004,19.50999999999999,0,23.41,0
2022-08-25,38.32,42.11,33.16,997.01,21.96,89.49,Mundali_Barrage_Cuttack,Mahanadi,1575.41,6013.81,23.41,26.5,27.5,29.2,183.38931289698814,62.69,20.15,121.16000000000011,220.35,23.62,-0.21000000000000085,8184.463333333341,4111.6650000000045,16.24000000000001,0,22.79,0
2022-08-26,4.84,43.31,33.65,993.37,16.42,81.08,Mundali_Barrage_Cuttack,Mahanadi,636.27,1859.84,22.79,26.5,27.5,29.2,160.72091596243993,38.32,62.69,105.85000000000011,191.03,23.41,-0.620000000000001,7397.066666666676,1105.8400000000042,19.879999999999995,0,23.0,0
2022-08-27,43.07,42.73,31.78,993.2,23.25,96.12,Mundali_Barrage_Cuttack,Mahanadi,1852.52,6556.63,23.0,26.5,27.5,29.2,179.68277856807393,4.84,38.32,86.23000000000013,209.92,22.79,0.21000000000000085,4810.093333333342,1244.395000000004,20.049999999999955,0,22.73,0
2022-08-28,15.17,41.74,32.13,993.09,21.09,83.17,Mundali_Barrage_Cuttack,Mahanadi,1013.52,3398.91,22.73,26.5,27.5,29.2,167.90036178286283,43.07,4.84,63.080000000000126,196.95999999999998,23.0,-0.2699999999999996,3938.4600000000087,1433.020000000004,20.159999999999968,0,23.07,0
2022-08-29,51.39,41.72,35.22,993.29,25.55,100.0,Mundali_Barrage_Cuttack,Mahanadi,1988.98,7297.33,23.07,26.5,27.5,29.2,194.10530751543342,15.17,43.07,109.63000000000012,235.63,22.73,0.33999999999999986,5750.956666666676,1501.250000000004,19.960000000000036,0,24.34,0
2022-08-30,66.77,42.28,33.55,989.22,34.61,96.8,Mundali_Barrage_Cuttack,Mahanadi,8088.56,16668.87,24.34,26.5,27.5,29.2,231.75951138811843,51.39,15.17,133.33000000000013,282.25,23.07,1.2699999999999996,9121.703333333342,5038.770000000004,24.029999999999973,0,24.0,0
2022-08-31,39.91,40.81,30.75,995.91,24.62,93.92,Mundali_Barrage_Cuttack,Mahanadi,1705.96,6129.94,24.0,26.5,27.5,29.2,236.90558467990064,66.77,51.39,158.0700000000001,259.46999999999997,24.34,-0.33999999999999986,10032.046666666674,4897.260000000005,17.340000000000032,0,23.75,0
2022-09-01,36.55,42.01,34.5,995.82,22.69,92.76,Mundali_Barrage_Cuttack,Mahanadi,1677.16,5999.12,23.75,26.5,27.5,29.2,237.91974697791557,39.91,66.77,143.23000000000013,257.7,24.0,-0.25,9599.31000000001,1691.560000000004,17.42999999999995,0,23.23,0
2022-09-02,20.79,43.31,31.84,994.79,17.97,82.95,Mundali_Barrage_Cuttack,Mahanadi,1138.45,4029.62,23.23,26.5,27.5,29.2,223.0217849312282,36.55,39.91,97.25000000000011,273.65,23.75,-0.5199999999999996,5386.226666666676,1407.8050000000042,18.460000000000036,0,22.88,0
2022-09-03,15.44,42.67,33.24,997.21,18.89,88.6,Mundali_Barrage_Cuttack,Mahanadi,1005.75,3346.78,22.88,26.5,27.5,29.2,205.00851719154397,20.79,36.55,72.78000000000013,246.01999999999998,23.23,-0.3500000000000014,4458.506666666675,1072.100000000004,16.039999999999964,0,22.37,0
2022-09-04,3.97,38.98,32.68,994.94,8.35,82.21,Mundali_Barrage_Cuttack,Mahanadi,573.37,1783.72,22.37,26.5,27.5,29.2,178.22723961281238,15.44,20.79,40.200000000000124,234.82,22.88,-0.509999999999998,3053.373333333342,789.560000000004,18.309999999999945,0,22.17,0
2022-09-05,8.11,41.02,34.72,996.7,16.54,87.37,Mundali_Barrage_Cuttack,Mahanadi,751.68,2555.33,22.17,26.5,27.5,29.2,159.60315367089055,3.97,15.44,27.520000000000127,191.54,22.37,-0.1999999999999993,2561.943333333342,662.5250000000041,16.549999999999955,0,22.08,0
2022-09-06,10.87,43.18,36.18,993.84,24.1,89.17,Mundali_Barrage_Cuttack,Mahanadi,734.79,2850.99,22.08,26.5,27.5,29.2,146.53268062025697,8.11,3.97,22.950000000000127,135.64,22.17,-0.09000000000000341,2396.680000000008,743.235000000004,19.409999999999968,0,24.35,0
2022-09-07,85.5,44.64,36.05,989.92,37.79,92.93,Mundali_Barrage_Cuttack,Mahanadi,11083.01,22136.46,24.35,26.5,27.5,29.2,210.05277852721844,10.87,8.11,104.48000000000013,181.23,22.08,2.270000000000003,9180.926666666675,5908.900000000004,23.33000000000004,0,23.96,0
2022-09-08,34.95,42.92,34.96,992.37,28.74,88.57,Mundali_Barrage_Cuttack,Mahanadi,1455.58,5601.41,23.96,26.5,27.5,29.2,213.4948617481357,85.5,10.87,131.32000000000014,179.63,24.35,-0.39000000000000057,10196.286666666676,6269.295000000005,20.879999999999995,0,23.36,0
2022-09-09,19.08,45.99,35.75,995.32,24.69,89.61,Mundali_Barrage_Cuttack,Mahanadi,1022.3,3491.19,23.36,26.5,27.5,29.2,200.55063248591534,34.95,85.5,139.53000000000014,177.92,23.96,-0.6000000000000014,10409.686666666674,1238.9400000000037,17.92999999999995,0,23.58,0
2022-09-10,57.9,45.59,36.1,991.81,28.86,96.41,Mundali_Barrage_Cuttack,Mahanadi,2311.32,8632.56,23.58,26.5,27.5,29.2,228.36803761302804,19.08,34.95,111.93000000000012,220.38,23.36,0.21999999999999886,5908.386666666675,1666.8100000000036,21.440000000000055,0,23.03,0
2022-09-11,15.63,42.98,34.1,993.78,18.63,82.44,Mundali_Barrage_Cuttack,Mahanadi,900.66,3095.28,23.03,26.5,27.5,29.2,209.74283197107383,57.9,19.08,92.61000000000013,232.04,23.58,-0.5499999999999972,5073.010000000008,1605.9900000000034,19.470000000000027,0,23.06,0
2022-09-12,37.5,42.37,30.65,995.01,22.14,96.94,Mundali_Barrage_Cuttack,Mahanadi,1625.61,5716.49,23.06,26.5,27.5,29.2,215.78140717541274,15.63,57.9,111.03000000000013,261.43,23.03,0.029999999999997584,5814.776666666675,1263.1350000000036,18.24000000000001,0,22.53,0
2022-09-13,4.86,45.66,36.15,992.9,15.41,91.77,Mundali_Barrage_Cuttack,Mahanadi,692.44,1920.28,22.53,26.5,27.5,29.2,188.27419609910083,37.5,15.63,57.99000000000013,255.42000000000002,23.06,-0.5299999999999976,3577.350000000009,1159.0250000000037,20.350000000000023,0,22.25,0
2022-09-14,3.1,42.47,36.19,995.45,17.14,85.24,Mundali_Barrage_Cuttack,Mahanadi,559.4,2025.99,22.25,26.5,27.5,29.2,163.1330666842357,4.86,37.5,45.46000000000013,173.02,22.53,-0.28000000000000114,3220.9200000000087,625.9200000000037,17.799999999999955,0,22.21,0
2022-09-15,15.94,46.34,35.27,996.88,15.07,80.02,Mundali_Barrage_Cuttack,Mahanadi,974.58,3172.06,22.21,26.5,27.5,29.2,154.60310668160034,3.1,4.86,23.900000000000126,154.01,22.25,-0.03999999999999915,2372.7766666666753,766.9900000000036,16.370000000000005,0,24.14,0
2022-09-16,66.19,43.14,34.68,991.77,30.5,100.0,Mundali_Barrage_Cuttack,Mahanadi,10212.26,19701.63,24.14,26.5,27.5,29.2,197.6026406793603,15.94,3.1,85.23000000000013,201.12,22.21,1.9299999999999997,8299.893333333343,5593.420000000004,21.480000000000018,0,23.62,0
2022-09-17,22.6,41.81,30.43,994.31,18.52,90.36,Mundali_Barrage_Cuttack,Mahanadi,1276.93,4454.85,23.62,26.5,27.5,29.2,190.56224457745623,66.19,15.94,104.73000000000013,165.82,24.14,-0.5199999999999996,9109.513333333342,5744.595000000004,18.940000000000055,0,23.42,0
2022-09-18,41.99,39.87,28.71,992.65,25.81,100.0,Mundali_Barrage_Cuttack,Mahanadi,1741.14,6362.78,23.42,26.5,27.5,29.2,203.9679078908378,22.6,66.19,130.78000000000014,192.18,23.62,-0.1999999999999993,10173.086666666675,1509.0350000000037,20.600000000000023,0,28.32,2
2022-09-19,167.42,41.77,31.8,985.07,55.29,100.0,Mundali_Barrage_Cuttack,Mahanadi,26813.48,49013.16,28.32,26.5,27.5,29.2,340.7927217072121,41.99,22.6,232.0100000000001,322.1,23.42,4.899999999999999,19943.596666666675,14277.310000000003,28.17999999999995,1,26.01,0
2022-09-20,6.52,43.66,32.45,996.45,20.51,85.14,Mundali_Barrage_Cuttack,Mahanadi,795.0,2312.92,26.01,26.5,27.5,29.2,296.19381345113027,167.42,41.99,215.93000000000012,323.76,28.32,-2.3099999999999987,19229.62000000001,13804.240000000003,16.799999999999955,0,24.57,0
2022-09-21,4.23,43.43,31.85,992.09,13.67,77.94,Mundali_Barrage_Cuttack,Mahanadi,709.91,2175.49,24.57,26.5,27.5,29.2,255.99474143346072,6.52,167.42,178.1700000000001,324.89,26.01,-1.4400000000000013,17833.856666666677,752.4550000000036,21.159999999999968,0,23.64,0
2022-09-22,9.62,44.93,35.78,996.1,16.78,77.59,Mundali_Barrage_Cuttack,Mahanadi,842.15,2703.88,23.64,26.5,27.5,29.2,227.21553021844161,4.23,6.52,20.37000000000011,318.57,24.57,-0.9299999999999997,2397.43000000001,776.0300000000036,17.149999999999977,0,23.14,0
2022-09-23,22.68,41.78,33.59,992.76,19.47,91.56,Mundali_Barrage_Cuttack,Mahanadi,1089.17,3948.71,23.14,26.5,27.5,29.2,215.81320068567538,9.62,4.23,36.530000000000115,275.06,23.64,-0.5,2942.693333333343,965.6600000000037,20.49000000000001,0,23.22,0
2022-09-24,39.39,43.96,32.59,991.22,25.88,93.63,Mundali_Barrage_Cuttack,Mahanadi,1671.66,6141.33,23.22,26.5,27.5,29.2,222.83122058282407,22.68,9.62,71.69000000000011,291.85,23.14,0.0799999999999983,4264.640000000009,1380.4150000000036,22.029999999999973,0,28.39,2
2022-09-25,210.48,43.86,32.9,983.64,67.32,100.0,Mundali_Barrage_Cuttack,Mahanadi,23927.64,48758.22,28.39,26.5,27.5,29.2,399.8865374954005,39.39,22.68,272.5500000000001,460.34,23.22,5.170000000000002,19616.086666666677,12799.650000000003,29.610000000000014,1,26.23,0
2022-09-26,13.49,45.69,37.01,991.64,13.9,98.75,Mundali_Barrage_Cuttack,Mahanadi,931.83,3234.51,26.23,26.5,27.5,29.2,353.3935568710904,210.48,39.39,263.36000000000007,306.40999999999997,28.39,-2.16,19378.02000000001,12429.735000000004,21.610000000000014,0,24.57,0
2022-09-27,1.38,47.23,40.39,993.93,12.61,83.89,Mundali_Barrage_Cuttack,Mahanadi,568.41,1722.82,24.57,26.5,27.5,29.2,301.7645233404269,13.49,210.48,225.3500000000001,301.27,26.23,-1.6600000000000001,17905.183333333345,750.1200000000036,19.32000000000005,0,25.43,0
2022-09-28,67.08,41.89,35.81,991.21,32.11,100.0,Mundali_Barrage_Cuttack,Mahanadi,9268.18,18213.86,25.43,26.5,27.5,29.2,323.5798448393628,1.38,13.49,81.95000000000012,364.11999999999995,24.57,0.8599999999999994,7723.7300000000105,4918.295000000004,22.039999999999964,0,24.46,0
2022-09-29,26.67,42.59,30.86,991.67,23.16,85.47,Mundali_Barrage_Cuttack,Mahanadi,1316.21,4785.13,24.46,26.5,27.5,29.2,301.7128681134584,67.08,1.38,95.13000000000012,381.17,25.43,-0.9699999999999989,8240.603333333343,5292.195000000003,21.58000000000004,0,23.64,0
2022-09-30,16.21,41.47,30.67,994.91,20.5,82.22,Mundali_Barrage_Cuttack,Mahanadi,1038.78,3579.18,23.64,26.5,27.5,29.2,272.66593789643963,26.67,67.08,109.96000000000012,374.7,24.46,-0.8200000000000003,8859.39000000001,1177.4950000000035,18.340000000000032,0,28.8,2
2022-10-01,242.82,43.43,32.57,993.17,74.63,100.0,Mundali_Barrage_Cuttack,Mahanadi,21965.7,48812.86,28.8,26.5,27.5,29.2,474.58604721197366,16.21,26.67,285.7000000000001,578.13,23.64,5.16,19059.056666666675,11502.240000000003,20.08000000000004,1,26.22,0
2022-10-02,0.0,42.53,35.53,1006.03,19.31,61.24,Mundali_Barrage_Cuttack,Mahanadi,564.99,1311.53,26.22,26.5,27.5,29.2,403.3981401301776,242.82,16.21,259.0300000000001,367.65,28.8,-2.580000000000002,17901.19000000001,11265.345000000005,7.220000000000027,0,24.54,0
2022-10-03,0.0,43.28,35.56,1006.5,11.34,51.88,Mundali_Barrage_Cuttack,Mahanadi,467.51,1453.98,24.54,26.5,27.5,29.2,342.88841911065094,0.0,242.82,242.8200000000001,354.15999999999997,26.22,-1.6799999999999997,17192.79000000001,516.2500000000036,6.75,0,29.08,2
2022-10-04,128.77,40.79,31.74,1001.37,47.21,97.01,Mundali_Barrage_Cuttack,Mahanadi,29997.17,50096.77,29.08,26.5,27.5,29.2,420.2251562440533,0.0,0.0,128.77000000000012,481.55,24.54,4.539999999999999,17620.76000000001,15232.340000000002,11.879999999999995,1,26.41,0
2022-10-05,0.0,40.39,30.59,1007.73,16.97,53.09,Mundali_Barrage_Cuttack,Mahanadi,592.76,1519.59,26.41,26.5,27.5,29.2,357.19138280744534,128.77,0.0,128.77000000000012,414.47,29.08,-2.669999999999998,17690.113333333342,15294.965000000002,5.519999999999982,0,24.66,0
2022-10-06,0.0,40.56,29.9,1007.15,9.37,54.62,Mundali_Barrage_Cuttack,Mahanadi,444.87,1259.74,24.66,26.5,27.5,29.2,303.61267538632853,0.0,128.77,128.77000000000012,387.8,26.41,-1.75,17625.366666666676,518.8150000000037,6.100000000000023,0,23.61,0
2022-10-07,3.75,43.28,34.57,1005.45,17.93,57.18,Mundali_Barrage_Cuttack,Mahanadi,569.78,1969.21,23.61,26.5,27.5,29.2,261.82077407837926,0.0,0.0,3.7500000000001137,375.34000000000003,24.66,-1.0500000000000007,1582.8466666666764,507.3250000000036,7.7999999999999545,0,22.88,0
2022-10-08,0.0,42.88,33.24,1007.58,19.95,58.79,Mundali_Barrage_Cuttack,Mahanadi,537.67,1500.51,22.88,26.5,27.5,29.2,222.54765796662235,3.75,0.0,3.7500000000001137,132.52,23.61,-0.7300000000000004,1576.4866666666765,553.7250000000035,5.669999999999959,0,22.51,0
2022-10-09,0.0,44.09,36.06,1006.91,13.7,55.23,Mundali_Barrage_Cuttack,Mahanadi,527.74,1403.44,22.51,26.5,27.5,29.2,189.165509271629,0.0,3.75,3.7500000000001137,132.52,22.88,-0.36999999999999744,1624.3866666666763,532.7050000000036,6.340000000000032,0,22.19,0
2022-10-10,0.0,44.31,34.52,1007.05,8.66,60.32,Mundali_Barrage_Cuttack,Mahanadi,569.19,1711.65,22.19,26.5,27.5,29.2,160.79068288088465,0.0,0.0,0.0,132.52,22.51,-0.3200000000000003,1538.533333333343,548.4650000000037,6.2000000000000455,0,21.89,0
2022-10-11,0.0,46.71,38.11,1007.61,12.18,51.85,Mundali_Barrage_Cuttack,Mahanadi,557.27,1604.8,21.89,26.5,27.5,29.2,136.67208044875196,0.0,0.0,0.0,3.75,22.19,-0.3000000000000007,1573.2966666666762,563.2300000000037,5.639999999999986,0,26.81,1
2022-10-12,138.15,44.46,37.25,1000.7,48.55,99.37,Mundali_Barrage_Cuttack,Mahanadi,25275.38,44889.49,26.81,26.5,27.5,29.2,254.32126838143915,0.0,0.0,138.15000000000012,141.9,21.89,4.919999999999998,16068.646666666675,12916.325000000004,12.549999999999955,1,24.96,0
2022-10-13,0.0,42.02,34.7,1008.35,17.45,51.88,Mundali_Barrage_Cuttack,Mahanadi,568.81,1611.63,24.96,26.5,27.5,29.2,216.17307812422328,138.15,0.0,138.15000000000012,141.9,26.81,-1.8499999999999979,16035.306666666673,12922.095000000005,4.899999999999977,0,23.77,0
2022-10-14,0.0,42.56,34.51,1007.73,8.77,49.72,Mundali_Barrage_Cuttack,Mahanadi,464.57,1472.15,23.77,26.5,27.5,29.2,183.7471164055898,0.0,138.15,138.15000000000012,138.15,24.96,-1.1900000000000013,15991.09000000001,516.6900000000036,5.519999999999982,0,22.88,0
2022-10-15,1.08,42.34,34.1,1007.18,15.71,62.24,Mundali_Barrage_Cuttack,Mahanadi,572.12,1458.14,22.88,26.5,27.5,29.2,157.26504894475133,0.0,0.0,1.0800000000001138,139.23000000000002,23.77,-0.8900000000000006,1513.9733333333431,518.3450000000037,6.07000000000005,0,22.38,0
2022-10-16,0.0,44.11,32.77,1010.55,11.14,58.2,Mundali_Barrage_Cuttack,Mahanadi,591.62,1555.01,22.38,26.5,27.5,29.2,133.67529160303863,1.08,0.0,1.0800000000001138,139.23000000000002,22.88,-0.5,1495.1000000000097,581.8700000000038,2.7000000000000455,0,22.03,0
2022-10-17,0.0,43.59,34.55,1006.9,14.24,60.89,Mundali_Barrage_Cuttack,Mahanadi,548.51,1695.3,22.03,26.5,27.5,29.2,113.62399786258283,0.0,1.08,1.0800000000001138,139.23000000000002,22.38,-0.34999999999999787,1569.483333333343,570.0650000000037,6.350000000000023,0,21.88,0
2022-10-18,1.13,42.87,31.08,1005.4,17.11,56.24,Mundali_Barrage_Cuttack,Mahanadi,575.43,1865.44,21.88,26.5,27.5,29.2,97.7103981831954,0.0,0.0,1.1300000000001136,140.36,22.03,-0.15000000000000213,1705.2500000000098,561.9700000000037,7.850000000000023,0,21.7,0
2022-10-19,0.0,42.57,31.36,1009.74,11.9,53.04,Mundali_Barrage_Cuttack,Mahanadi,516.21,1620.88,21.7,26.5,27.5,29.2,83.05383845571609,1.13,0.0,1.1300000000001136,2.21,21.88,-0.17999999999999972,1727.2066666666763,545.8200000000036,3.509999999999991,0,21.63,0
2022-10-20,0.0,42.73,34.48,1006.99,17.69,57.64,Mundali_Barrage_Cuttack,Mahanadi,517.83,1635.49,21.63,26.5,27.5,29.2,70.59576268735867,0.0,1.13,1.1300000000001136,2.21,21.7,-0.07000000000000028,1707.2700000000095,517.0200000000036,6.259999999999991,0,21.43,0
2022-10-21,0.0,41.26,30.37,1008.62,15.64,55.65,Mundali_Barrage_Cuttack,Mahanadi,576.55,1610.81,21.43,26.5,27.5,29.2,60.00639828425487,0.0,0.0,0.0,2.21,21.63,-0.1999999999999993,1622.3933333333432,547.1900000000037,4.6299999999999955,0,21.47,0
2022-10-22,1.77,38.16,31.76,1008.54,18.22,64.56,Mundali_Barrage_Cuttack,Mahanadi,536.25,1780.58,21.47,26.5,27.5,29.2,52.775438541616644,0.0,0.0,1.7700000000001137,2.9,21.43,0.03999999999999915,1675.6266666666763,556.4000000000036,4.710000000000036,0,21.42,0
2022-10-23,0.0,41.69,32.43,1005.24,11.9,53.95,Mundali_Barrage_Cuttack,Mahanadi,557.63,1567.4,21.42,26.5,27.5,29.2,44.85912276037415,1.77,0.0,1.7700000000001137,2.9,21.47,-0.04999999999999716,1652.9300000000096,546.9400000000037,8.009999999999991,0,21.49,0
2022-10-24,0.0,46.48,40.14,1008.2,16.54,52.14,Mundali_Barrage_Cuttack,Mahanadi,599.18,1781.35,21.49,26.5,27.5,29.2,38.130254346318026,0.0,1.77,1.7700000000001137,2.9,21.42,0.06999999999999673,1709.7766666666764,578.4050000000036,5.0499999999999545,0,27.51,2
2022-10-25,226.88,45.12,38.2,992.02,69.57,100.0,Mundali_Barrage_Cuttack,Mahanadi,23830.29,49929.76,27.51,26.5,27.5,29.2,259.2907161943703,0.0,0.0,226.8800000000001,228.65,21.49,6.020000000000003,17759.503333333345,12214.735000000004,21.230000000000018,1,25.44,0
2022-10-26,0.0,43.76,34.11,1009.71,11.78,42.53,Mundali_Barrage_Cuttack,Mahanadi,514.11,1610.61,25.44,26.5,27.5,29.2,220.39710876521474,226.88,0.0,226.8800000000001,228.65,27.51,-2.0700000000000003,17773.906666666677,12172.200000000004,3.5399999999999636,0,23.99,0
2022-10-27,0.0,40.23,28.89,1008.86,13.96,50.11,Mundali_Barrage_Cuttack,Mahanadi,454.3,1322.73,23.99,26.5,27.5,29.2,187.33754245043252,0.0,226.88,226.8800000000001,228.65,25.44,-1.4500000000000028,17621.033333333344,484.2050000000037,4.389999999999986,0,23.01,0
2022-10-28,0.0,43.85,35.9,1010.38,15.64,52.67,Mundali_Barrage_Cuttack,Mahanadi,501.51,1575.11,23.01,26.5,27.5,29.2,159.23691108286764,0.0,0.0,0.0,228.65,23.99,-0.9799999999999969,1502.8166666666764,477.9050000000036,2.8700000000000045,0,22.42,0
2022-10-29,0.0,39.96,29.31,1007.19,10.02,53.56,Mundali_Barrage_Cuttack,Mahanadi,410.69,989.0,22.42,26.5,27.5,29.2,135.35137442043748,0.0,0.0,0.0,226.88,23.01,-0.5899999999999999,1295.613333333343,456.10000000000366,6.059999999999945,0,22.02,0
2022-10-30,0.07,42.48,32.51,1007.71,10.68,49.18,Mundali_Barrage_Cuttack,Mahanadi,509.03,1218.01,22.02,26.5,27.5,29.2,115.11866825737185,0.0,0.0,0.0700000000001137,226.95,22.42,-0.40000000000000213,1260.7066666666763,459.86000000000365,5.539999999999964,0,21.79,0
2022-10-31,0.0,43.36,36.02,1007.08,13.15,60.26,Mundali_Barrage_Cuttack,Mahanadi,580.82,1639.48,21.79,26.5,27.5,29.2,97.85086801876606,0.07,0.0,0.0700000000001137,226.95,22.02,-0.23000000000000043,1282.163333333343,544.9250000000036,6.169999999999959,0,21.7,0
2022-11-01,0.0,41.41,32.27,1009.27,7.39,53.9,Mundali_Barrage_Cuttack,Mahanadi,584.93,1717.95,21.7,26.5,27.5,29.2,83.17323781595115,0.0,0.07,0.0700000000001137,0.07,21.79,-0.08999999999999986,1525.1466666666765,582.8750000000036,3.980000000000018,0,21.53,0
2022-11-02,0.4,45.93,38.76,1009.32,15.79,54.43,Mundali_Barrage_Cuttack,Mahanadi,436.97,935.92,21.53,26.5,27.5,29.2,71.09725214355848,0.0,0.0,0.4000000000001137,0.47000000000000003,21.7,-0.16999999999999815,1431.116666666676,510.95000000000357,3.92999999999995,0,21.41,0
2022-11-03,0.0,41.49,29.87,1010.47,13.1,63.43,Mundali_Barrage_Cuttack,Mahanadi,401.62,1013.9,21.41,26.5,27.5,29.2,60.432664322024706,0.4,0.0,0.4000000000001137,0.47000000000000003,21.53,-0.120000000000001,1222.59000000001,419.2950000000036,2.7799999999999727,0,21.31,0
2022-11-04,0.0,44.1,35.95,1008.35,11.05,51.57,Mundali_Barrage_Cuttack,Mahanadi,533.96,1400.97,21.31,26.5,27.5,29.2,51.367764673721,0.0,0.4,0.4000000000001137,0.47000000000000003,21.41,-0.10000000000000142,1116.9300000000096,467.7900000000036,4.899999999999977,0,23.86,0
2022-11-05,96.88,42.88,32.91,1003.38,41.38,85.79,Mundali_Barrage_Cuttack,Mahanadi,10271.49,21837.57,23.86,26.5,27.5,29.2,140.54259997266286,0.0,0.0,96.88000000000011,97.35,21.31,2.5500000000000007,8084.146666666676,5402.725000000003,9.870000000000005,0,23.07,0
2022-11-06,0.0,43.3,33.11,1007.69,15.27,46.98,Mundali_Barrage_Cuttack,Mahanadi,542.02,1510.16,23.07,26.5,27.5,29.2,119.46120997676343,96.88,0.0,96.88000000000011,97.28,23.86,-0.7899999999999991,8249.566666666675,5406.755000000003,5.559999999999945,0,22.5,0
2022-11-07,2.24,41.35,29.66,1007.66,17.17,57.31,Mundali_Barrage_Cuttack,Mahanadi,583.42,1667.86,22.5,26.5,27.5,29.2,103.78202848024891,0.0,96.88,99.1200000000001,99.52,23.07,-0.5700000000000003,8338.53000000001,562.7200000000037,5.590000000000032,0,22.13,0
2022-11-08,0.0,46.03,34.27,1008.22,15.65,53.19,Mundali_Barrage_Cuttack,Mahanadi,447.03,1492.83,22.13,26.5,27.5,29.2,88.21472420821158,2.24,0.0,2.240000000000114,99.52,22.5,-0.370000000000001,1556.9500000000098,515.2250000000035,5.029999999999973,0,21.84,0
2022-11-09,0.0,41.58,29.86,1009.01,13.9,59.53,Mundali_Barrage_Cuttack,Mahanadi,504.36,1363.66,21.84,26.5,27.5,29.2,74.98251557697984,0.0,2.24,2.240000000000114,99.11999999999999,22.13,-0.28999999999999915,1508.1166666666766,475.69500000000363,4.240000000000009,0,21.79,0
2022-11-10,0.0,41.64,30.65,1006.23,16.54,58.24,Mundali_Barrage_Cuttack,Mahanadi,476.8,1270.54,21.79,26.5,27.5,29.2,63.73513824043286,0.0,0.0,0.0,99.11999999999999,21.84,-0.05000000000000071,1375.6766666666763,490.5800000000037,7.019999999999982,0,21.66,0
2022-11-11,0.0,42.28,31.63,1007.79,19.23,58.32,Mundali_Barrage_Cuttack,Mahanadi,478.49,1190.97,21.66,26.5,27.5,29.2,54.17486750436793,0.0,0.0,0.0,99.11999999999999,21.79,-0.129999999999999,1275.0566666666764,477.6450000000036,5.460000000000036,0,21.53,0
2022-11-12,0.0,44.56,38.32,1006.69,9.78,46.47,Mundali_Barrage_Cuttack,Mahanadi,415.78,1300.61,21.53,26.5,27.5,29.2,46.04863737871274,0.0,0.0,0.0,2.24,21.66,-0.129999999999999,1254.0400000000097,447.13500000000363,6.559999999999945,0,21.6,0
2022-11-13,0.36,43.89,31.96,1008.83,17.36,46.69,Mundali_Barrage_Cuttack,Mahanadi,565.39,1680.07,21.6,26.5,27.5,29.2,39.50134177190583,0.0,0.0,0.3600000000001137,2.6,21.53,0.07000000000000028,1390.5500000000095,490.5850000000036,4.419999999999959,0,21.6,0
2022-11-14,3.16,41.0,29.83,1008.1,15.14,45.45,Mundali_Barrage_Cuttack,Mahanadi,665.3,2008.99,21.6,26.5,27.5,29.2,36.73614050611995,0.36,0.0,3.5200000000001137,3.52,21.6,0.0,1663.2233333333431,615.3450000000037,5.149999999999977,0,21.43,0
2022-11-15,0.0,41.09,34.82,1009.09,14.88,45.6,Mundali_Barrage_Cuttack,Mahanadi,479.85,1188.08,21.43,26.5,27.5,29.2,31.22571943020196,3.16,0.36,3.5200000000001137,3.52,21.6,-0.1700000000000017,1625.7133333333431,572.5750000000037,4.159999999999968,0,21.34,0
2022-11-16,0.0,41.91,29.93,1007.64,10.79,47.3,Mundali_Barrage_Cuttack,Mahanadi,419.62,1153.03,21.34,26.5,27.5,29.2,26.541861515671666,0.0,3.16,3.160000000000114,3.52,21.43,-0.08999999999999986,1450.033333333343,449.73500000000365,5.610000000000014,0,21.35,0
2022-11-17,0.0,43.06,33.7,1007.68,20.15,51.53,Mundali_Barrage_Cuttack,Mahanadi,414.94,1447.42,21.35,26.5,27.5,29.2,22.560582288320916,0.0,0.0,0.0,3.52,21.34,0.010000000000001563,1262.843333333343,417.2800000000036,5.57000000000005,0,21.34,0
2022-11-18,0.0,41.17,32.35,1007.59,17.42,49.71,Mundali_Barrage_Cuttack,Mahanadi,467.89,1458.4,21.34,26.5,27.5,29.2,19.17649494507278,0.0,0.0,0.0,3.52,21.35,-0.010000000000001563,1352.9500000000096,441.4150000000036,5.659999999999968,0,21.33,0
2022-11-19,0.0,41.98,33.8,1008.7,12.51,56.47,Mundali_Barrage_Cuttack,Mahanadi,599.32,1463.74,21.33,26.5,27.5,29.2,16.300020703311862,0.0,0.0,0.0,3.52,21.34,-0.010000000000001563,1456.5200000000098,533.6050000000037,4.5499999999999545,0,21.31,0
2022-11-20,0.0,43.19,33.34,1006.06,19.57,46.13,Mundali_Barrage_Cuttack,Mahanadi,594.37,1579.64,21.31,26.5,27.5,29.2,13.855017597815083,0.0,0.0,0.0,3.16,21.33,-0.019999999999999574,1500.5933333333433,596.8450000000037,7.190000000000055,0,21.39,0
2022-11-21,0.0,44.43,35.8,1008.28,11.64,58.28,Mundali_Barrage_Cuttack,Mahanadi,447.93,1297.0,21.39,26.5,27.5,29.2,11.77676495814282,0.0,0.0,0.0,0.0,21.31,0.08000000000000185,1446.793333333343,521.1500000000036,4.970000000000027,0,21.4,0
2022-11-22,0.0,40.42,31.74,1009.71,15.25,57.65,Mundali_Barrage_Cuttack,Mahanadi,480.7,1489.23,21.4,26.5,27.5,29.2,10.010250214421397,0.0,0.0,0.0,0.0,21.39,0.00999999999999801,1455.29000000001,464.31500000000364,3.5399999999999636,0,21.4,0
2022-11-23,0.0,42.35,35.38,1010.78,15.89,53.5,Mundali_Barrage_Cuttack,Mahanadi,582.91,1829.72,21.4,26.5,27.5,29.2,8.508712682258187,0.0,0.0,0.0,0.0,21.4,0.0,1538.6500000000096,531.8050000000036,2.4700000000000273,0,21.39,0
2022-11-24,0.0,42.33,36.21,1006.93,12.91,65.13,Mundali_Barrage_Cuttack,Mahanadi,433.11,1660.78,21.39,26.5,27.5,29.2,7.232405779919459,0.0,0.0,0.0,0.0,21.4,-0.00999999999999801,1659.9100000000096,508.01000000000363,6.32000000000005,0,21.41,0
2022-11-25,0.0,37.72,29.23,1009.98,12.46,59.49,Mundali_Barrage_Cuttack,Mahanadi,477.08,1445.86,21.41,26.5,27.5,29.2,6.14754491293154,0.0,0.0,0.0,0.0,21.39,0.019999999999999574,1645.453333333343,455.09500000000367,3.269999999999982,0,21.58,0
2022-11-26,2.72,38.5,30.55,1009.05,16.17,58.99,Mundali_Barrage_Cuttack,Mahanadi,675.49,1954.03,21.58,26.5,27.5,29.2,7.94541317599181,0.0,0.0,2.720000000000114,2.72,21.41,0.16999999999999815,1686.8900000000096,576.2850000000037,4.2000000000000455,0,21.6,0
2022-11-27,0.0,39.03,27.97,1007.96,14.58,55.47,Mundali_Barrage_Cuttack,Mahanadi,453.86,1563.63,21.6,26.5,27.5,29.2,6.753601199593038,2.72,0.0,2.720000000000114,2.72,21.58,0.020000000000003126,1654.5066666666764,564.6750000000037,5.289999999999964,0,21.58,0
2022-11-28,0.0,44.96,33.1,1009.74,13.19,55.41,Mundali_Barrage_Cuttack,Mahanadi,569.05,1648.53,21.58,26.5,27.5,29.2,5.740561019654082,0.0,2.72,2.720000000000114,2.72,21.6,-0.020000000000003126,1722.0633333333433,511.4550000000037,3.509999999999991,0,21.45,0
2022-11-29,0.0,41.38,31.35,1010.01,10.31,59.74,Mundali_Barrage_Cuttack,Mahanadi,537.07,1229.02,21.45,26.5,27.5,29.2,4.87947686670597,0.0,0.0,0.0,2.72,21.58,-0.129999999999999,1480.3933333333432,553.0600000000037,3.240000000000009,0,21.54,0
2022-11-30,0.0,39.74,30.01,1007.29,12.85,51.97,Mundali_Barrage_Cuttack,Mahanadi,547.59,1609.14,21.54,26.5,27.5,29.2,4.147555336700074,0.0,0.0,0.0,2.72,21.45,0.08999999999999986,1495.5633333333433,542.3300000000038,5.960000000000036,0,21.54,0
2022-12-01,0.0,40.19,28.54,1004.92,12.36,48.25,Mundali_Barrage_Cuttack,Mahanadi,458.29,1410.08,21.54,26.5,27.5,29.2,3.5254220361950623,0.0,0.0,0.0,2.72,21.54,0.0,1416.0800000000097,502.9400000000037,8.330000000000041,0,21.44,0
2022-12-02,0.0,41.14,29.65,1008.36,11.88,58.6,Mundali_Barrage_Cuttack,Mahanadi,558.1,1431.35,21.44,26.5,27.5,29.2,2.9966087307658027,0.0,0.0,0.0,2.72,21.54,-0.09999999999999787,1483.5233333333429,508.19500000000374,4.889999999999986,0,21.44,0
2022-12-03,1.21,41.19,31.22,1006.82,13.04,47.56,Mundali_Barrage_Cuttack,Mahanadi,611.22,1694.04,21.44,26.5,27.5,29.2,3.7571174211509324,0.0,0.0,1.2100000000001137,1.21,21.44,0.0,1511.8233333333428,584.6600000000037,6.42999999999995,0,21.48,0
2022-12-04,0.0,36.91,30.52,1005.0,18.25,52.37,Mundali_Barrage_Cuttack,Mahanadi,496.34,1319.72,21.48,26.5,27.5,29.2,3.1935498079782922,1.21,0.0,1.2100000000001137,1.21,21.44,0.03999999999999915,1481.703333333343,553.7800000000037,8.25,0,21.5,0
2022-12-05,0.0,36.96,26.74,1005.28,18.18,53.59,Mundali_Barrage_Cuttack,Mahanadi,443.81,1395.97,21.5,26.5,27.5,29.2,2.7145173367815483,0.0,1.21,1.2100000000001137,1.21,21.48,0.019999999999999574,1469.9100000000096,470.07500000000374,7.970000000000027,0,21.41,0
2022-12-06,0.0,40.64,33.52,1006.73,23.45,60.53,Mundali_Barrage_Cuttack,Mahanadi,420.94,1414.68,21.41,26.5,27.5,29.2,2.307339736264316,0.0,0.0,0.0,1.21,21.5,-0.08999999999999986,1376.7900000000097,432.37500000000375,6.519999999999982,0,21.45,0
2022-12-07,0.0,36.47,29.09,1007.55,13.77,55.44,Mundali_Barrage_Cuttack,Mahanadi,484.03,1475.53,21.45,26.5,27.5,29.2,1.9612387758246685,0.0,0.0,0.0,1.21,21.41,0.03999999999999915,1428.7266666666765,452.48500000000377,5.7000000000000455,0,21.45,0
2022-12-08,0.0,41.06,32.22,1007.03,10.12,48.07,Mundali_Barrage_Cuttack,Mahanadi,519.39,1586.15,21.45,26.5,27.5,29.2,1.6670529594509682,0.0,0.0,0.0,1.21,21.45,0.0,1492.12000000001,501.7100000000037,6.220000000000027,0,21.45,0
2022-12-09,0.0,43.32,31.94,1008.64,13.13,58.38,Mundali_Barrage_Cuttack,Mahanadi,499.11,1383.76,21.45,26.5,27.5,29.2,1.4169950155333229,0.0,0.0,0.0,1.21,21.45,0.0,1481.8133333333428,509.2500000000037,4.610000000000014,0,21.37,0
2022-12-10,0.0,39.63,28.26,1007.6,11.15,50.29,Mundali_Barrage_Cuttack,Mahanadi,549.03,1329.9,21.37,26.5,27.5,29.2,1.2044457632033243,0.0,0.0,0.0,0.0,21.45,-0.0799999999999983,1433.2700000000098,524.0700000000037,5.649999999999977,0,21.36,0
2022-12-11,0.0,37.44,27.08,1011.07,14.93,58.51,Mundali_Barrage_Cuttack,Mahanadi,423.73,1303.61,21.36,26.5,27.5,29.2,1.0237788987228256,0.0,0.0,0.0,0.0,21.37,-0.010000000000001563,1339.0900000000097,486.3800000000037,2.17999999999995,0,21.42,0
2022-12-12,0.0,39.37,32.47,1008.32,14.4,50.73,Mundali_Barrage_Cuttack,Mahanadi,465.64,1363.68,21.42,26.5,27.5,29.2,0.8702120639144018,0.0,0.0,0.0,0.0,21.36,0.060000000000002274,1332.3966666666765,444.6850000000037,4.92999999999995,0,21.4,0
2022-12-13,0.37,37.39,27.76,1006.51,15.79,58.53,Mundali_Barrage_Cuttack,Mahanadi,555.97,1577.77,21.4,26.5,27.5,29.2,1.1096802543272415,0.0,0.0,0.3700000000001137,0.37,21.42,-0.020000000000003126,1415.0200000000095,510.8050000000037,6.740000000000009,0,21.43,0
2022-12-14,0.0,37.97,27.72,1005.07,8.85,59.13,Mundali_Barrage_Cuttack,Mahanadi,496.38,1671.53,21.43,26.5,27.5,29.2,0.9432282161781552,0.37,0.0,0.3700000000001137,0.37,21.4,0.030000000000001137,1537.6600000000096,526.1750000000037,8.17999999999995,0,21.42,0
2022-12-15,0.0,39.31,32.52,1007.59,10.64,58.21,Mundali_Barrage_Cuttack,Mahanadi,438.61,1254.85,21.42,26.5,27.5,29.2,0.801743983751432,0.0,0.37,0.3700000000001137,0.37,21.43,-0.00999999999999801,1501.383333333343,467.4950000000037,5.659999999999968,0,21.38,0
2022-12-16,0.0,39.72,33.02,1005.93,12.9,55.88,Mundali_Barrage_Cuttack,Mahanadi,469.62,1521.94,21.38,26.5,27.5,29.2,0.6814823861887171,0.0,0.0,0.0,0.37,21.42,-0.0400000000000027,1482.7733333333429,454.1150000000037,7.32000000000005,0,21.52,0
2022-12-17,1.78,40.45,28.78,1007.82,15.93,62.3,Mundali_Barrage_Cuttack,Mahanadi,551.42,1674.36,21.52,26.5,27.5,29.2,2.3592600282604095,0.0,0.0,1.7800000000001137,2.15,21.38,0.14000000000000057,1483.7166666666762,510.5200000000037,5.42999999999995,0,21.52,0
2022-12-18,0.0,40.06,30.45,1007.77,9.61,57.16,Mundali_Barrage_Cuttack,Mahanadi,417.3,1453.0,21.52,26.5,27.5,29.2,2.005371024021348,1.78,0.0,1.7800000000001137,2.1500000000000004,21.52,0.0,1549.7666666666764,484.36000000000365,5.480000000000018,0,21.67,0
2022-12-19,7.26,37.88,31.19,1004.78,15.22,58.1,Mundali_Barrage_Cuttack,Mahanadi,798.51,2649.76,21.67,26.5,27.5,29.2,8.964565370418146,0.0,1.78,9.040000000000113,9.41,21.52,0.15000000000000213,1925.7066666666767,607.9050000000036,8.470000000000027,0,21.58,0
2022-12-20,0.0,37.44,28.04,1008.77,11.18,52.27,Mundali_Barrage_Cuttack,Mahanadi,550.41,1474.18,21.58,26.5,27.5,29.2,7.619880564855424,7.26,0.0,7.2600000000001135,9.040000000000001,21.67,-0.09000000000000341,1858.9800000000098,674.4600000000037,4.480000000000018,0,21.41,0
2022-12-21,0.0,35.59,28.57,1005.67,16.86,53.5,Mundali_Barrage_Cuttack,Mahanadi,414.18,1294.54,21.41,26.5,27.5,29.2,6.47689848012711,0.0,7.26,7.2600000000001135,9.040000000000001,21.58,-0.16999999999999815,1806.1600000000099,482.2950000000037,7.580000000000041,0,21.43,0
2022-12-22,0.0,38.23,27.05,1007.55,16.0,47.27,Mundali_Barrage_Cuttack,Mahanadi,599.58,1827.71,21.43,26.5,27.5,29.2,5.505363708108043,0.0,0.0,0.0,9.040000000000001,21.41,0.019999999999999574,1532.1433333333432,506.8800000000037,5.7000000000000455,0,21.49,0
2022-12-23,0.0,38.96,29.42,1008.34,12.83,62.4,Mundali_Barrage_Cuttack,Mahanadi,538.68,1775.97,21.49,26.5,27.5,29.2,4.679559151891837,0.0,0.0,0.0,9.040000000000001,21.43,0.05999999999999872,1632.7400000000098,569.1300000000037,4.909999999999968,0,21.49,0
2022-12-24,0.0,35.93,25.56,1007.0,14.92,54.74,Mundali_Barrage_Cuttack,Mahanadi,599.65,1696.86,21.49,26.5,27.5,29.2,3.9776252791080613,0.0,0.0,0.0,7.26,21.49,0.0,1766.8466666666764,569.1650000000036,6.25,0,21.57,0
2022-12-25,0.0,39.99,31.39,1007.04,13.7,59.13,Mundali_Barrage_Cuttack,Mahanadi,476.39,1546.78,21.57,26.5,27.5,29.2,3.380981487241852,0.0,0.0,0.0,7.26,21.49,0.08000000000000185,1673.2033333333432,538.0200000000036,6.210000000000036,0,21.49,0
2022-12-26,0.0,35.35,28.16,1007.72,18.57,52.78,Mundali_Barrage_Cuttack,Mahanadi,410.6,1537.44,21.49,26.5,27.5,29.2,2.8738342641555743,0.0,0.0,0.0,0.0,21.57,-0.08000000000000185,1593.693333333343,443.49500000000364,5.529999999999973,0,21.48,0
2022-12-27,0.0,36.1,27.21,1009.46,13.94,55.51,Mundali_Barrage_Cuttack,Mahanadi,434.55,1132.68,21.48,26.5,27.5,29.2,2.442759124532238,0.0,0.0,0.0,0.0,21.49,-0.00999999999999801,1405.6333333333432,422.5750000000037,3.7899999999999636,0,21.53,0
2022-12-28,0.47,40.59,29.87,1010.35,16.62,51.24,Mundali_Barrage_Cuttack,Mahanadi,573.5,1675.96,21.53,26.5,27.5,29.2,2.546345255852402,0.0,0.0,0.47000000000011366,0.47,21.48,0.05000000000000071,1448.6933333333434,504.0250000000037,2.8999999999999773,0,21.48,0
2022-12-29,0.0,39.17,32.29,1005.09,17.06,54.37,Mundali_Barrage_Cuttack,Mahanadi,504.97,1587.26,21.48,26.5,27.5,29.2,2.1643934674745418,0.47,0.0,0.47000000000011366,0.47,21.53,-0.05000000000000071,1465.30000000001,539.2350000000037,8.159999999999968,0,21.41,0
2022-12-30,0.0,38.7,31.55,1009.72,14.59,68.44,Mundali_Barrage_Cuttack,Mahanadi,437.22,1237.28,21.41,26.5,27.5,29.2,1.8397344473533603,0.0,0.47,0.47000000000011366,0.47,21.48,-0.07000000000000028,1500.1666666666763,471.09500000000367,3.5299999999999727,0,21.51,0
2022-12-31,0.0,37.57,31.14,1006.53,13.45,50.64,Mundali_Barrage_Cuttack,Mahanadi,534.84,1657.8,21.51,26.5,27.5,29.2,1.5637742802503563,0.0,0.0,0.0,0.47,21.41,0.10000000000000142,1494.113333333343,486.03000000000367,6.720000000000027,0,21.46,0
2023-01-01,0.0,37.52,26.98,1009.0,19.58,56.38,Mundali_Barrage_Cuttack,Mahanadi,483.12,1040.75,21.46,26.5,27.5,29.2,1.3292081382128027,0.0,0.0,0.0,0.47,21.51,-0.05000000000000071,1311.9433333333432,508.98000000000366,4.25,0,21.43,0
2023-01-02,0.0,37.92,26.93,1009.04,11.66,53.68,Mundali_Barrage_Cuttack,Mahanadi,517.76,1425.37,21.43,26.5,27.5,29.2,1.1298269174808824,0.0,0.0,0.0,0.47,21.46,-0.030000000000001137,1374.6400000000096,500.44000000000364,4.210000000000036,0,21.38,0
2023-01-03,0.0,37.72,30.56,1007.64,14.52,55.23,Mundali_Barrage_Cuttack,Mahanadi,481.11,1314.83,21.38,26.5,27.5,29.2,0.96035287985875,0.0,0.0,0.0,0.47,21.43,-0.05000000000000071,1260.3166666666764,499.43500000000364,5.610000000000014,0,21.54,0
2023-01-04,0.0,37.72,28.75,1010.02,11.93,59.84,Mundali_Barrage_Cuttack,Mahanadi,578.5,1320.36,21.54,26.5,27.5,29.2,0.8162999478799374,0.0,0.0,0.0,0.0,21.38,0.16000000000000014,1353.5200000000098,529.8050000000037,3.230000000000018,0,21.58,0
2023-01-05,0.0,36.97,28.06,1005.77,13.15,54.75,Mundali_Barrage_Cuttack,Mahanadi,537.9,1544.09,21.58,26.5,27.5,29.2,0.6938549556979468,0.0,0.0,0.0,0.0,21.54,0.03999999999999915,1393.0933333333433,558.2000000000037,7.480000000000018,0,21.42,0
2023-01-06,0.0,38.33,32.18,1006.31,14.51,54.82,Mundali_Barrage_Cuttack,Mahanadi,429.23,1333.37,21.42,26.5,27.5,29.2,0.5897767123432547,0.0,0.0,0.0,0.0,21.58,-0.1599999999999966,1399.2733333333429,483.56500000000364,6.940000000000055,0,21.37,0
2023-01-07,1.38,38.59,27.37,1007.49,13.79,54.84,Mundali_Barrage_Cuttack,Mahanadi,579.64,1696.53,21.37,26.5,27.5,29.2,1.8813102054917663,0.0,0.0,1.3800000000001136,1.38,21.42,-0.05000000000000071,1524.6633333333432,504.43500000000364,5.759999999999991,0,21.41,0
2023-01-08,0.0,39.81,33.62,1006.22,15.2,51.06,Mundali_Barrage_Cuttack,Mahanadi,536.93,1663.48,21.41,26.5,27.5,29.2,1.5991136746680013,1.38,0.0,1.3800000000001136,1.38,21.37,0.03999999999999915,1564.4600000000098,558.2850000000036,7.029999999999973,0,21.44,0
2023-01-09,0.0,40.73,33.63,1007.13,18.48,58.62,Mundali_Barrage_Cuttack,Mahanadi,573.89,1615.48,21.44,26.5,27.5,29.2,1.3592466234678011,0.0,1.38,1.3800000000001136,1.38,21.41,0.030000000000001137,1658.4966666666767,555.4100000000036,6.1200000000000045,0,21.52,0
2023-01-10,0.0,37.88,29.54,1009.74,20.16,62.71,Mundali_Barrage_Cuttack,Mahanadi,415.12,1589.07,21.52,26.5,27.5,29.2,1.155359629947631,0.0,0.0,0.0,1.38,21.44,0.0799999999999983,1622.6766666666765,494.50500000000363,3.509999999999991,0,21.51,0
2023-01-11,1.29,34.93,24.36,1005.4,16.45,55.25,Mundali_Barrage_Cuttack,Mahanadi,533.99,1589.89,21.51,26.5,27.5,29.2,2.272055685455486,0.0,0.0,1.2900000000001137,2.67,21.52,-0.00999999999999801,1598.1466666666765,474.55500000000364,7.850000000000023,0,21.54,0
2023-01-12,0.0,39.73,30.45,1007.39,12.05,55.34,Mundali_Barrage_Cuttack,Mahanadi,570.43,1599.74,21.54,26.5,27.5,29.2,1.931247332637163,1.29,0.0,1.2900000000001137,2.67,21.51,0.029999999999997584,1592.9000000000099,552.2100000000037,5.860000000000014,0,21.51,0
2023-01-13,0.0,38.28,28.23,1007.48,15.67,44.84,Mundali_Barrage_Cuttack,Mahanadi,532.84,1297.46,21.51,26.5,27.5,29.2,1.6415602327415886,0.0,1.29,1.2900000000001137,2.67,21.54,-0.029999999999997584,1495.6966666666765,551.6350000000036,5.769999999999982,0,21.59,0
2023-01-14,0.0,34.28,28.03,1006.16,17.2,56.48,Mundali_Barrage_Cuttack,Mahanadi,485.65,1485.08,21.59,26.5,27.5,29.2,1.3953261978303502,0.0,0.0,0.0,1.29,21.51,0.0799999999999983,1460.76000000001,509.24500000000364,7.090000000000032,0,21.46,0
2023-01-15,0.0,38.19,29.94,1010.07,15.3,51.28,Mundali_Barrage_Cuttack,Mahanadi,403.72,1428.98,21.46,26.5,27.5,29.2,1.1860272681557975,0.0,0.0,0.0,1.29,21.59,-0.129999999999999,1403.84000000001,444.68500000000364,3.17999999999995,0,21.42,0
2023-01-16,0.0,39.7,33.04,1008.63,14.6,61.06,Mundali_Barrage_Cuttack,Mahanadi,584.65,1561.08,21.42,26.5,27.5,29.2,1.0081231779324278,0.0,0.0,0.0,1.29,21.46,-0.03999999999999915,1491.7133333333431,494.18500000000364,4.6200000000000045,0,21.43,0
2023-01-17,0.0,38.68,27.24,1007.51,21.73,55.87,Mundali_Barrage_Cuttack,Mahanadi,491.25,1613.5,21.43,26.5,27.5,29.2,0.8569047012425636,0.0,0.0,0.0,1.29,21.42,0.00999999999999801,1534.5200000000098,537.9500000000037,5.740000000000009,0,21.4,0
2023-01-18,0.0,36.31,27.61,1010.07,14.99,41.41,Mundali_Barrage_Cuttack,Mahanadi,476.13,1403.5,21.4,26.5,27.5,29.2,0.728368996056179,0.0,0.0,0.0,0.0,21.43,-0.030000000000001137,1526.0266666666764,483.69000000000364,3.17999999999995,0,21.37,0
2023-01-19,0.0,37.6,30.52,1008.1,16.5,57.99,Mundali_Barrage_Cuttack,Mahanadi,543.68,1592.33,21.37,26.5,27.5,29.2,0.6191136466477521,0.0,0.0,0.0,0.0,21.4,-0.029999999999997584,1536.443333333343,509.9050000000036,5.149999999999977,0,21.33,0
2023-01-20,0.0,38.75,27.59,1011.02,13.6,55.57,Mundali_Barrage_Cuttack,Mahanadi,537.42,1589.57,21.33,26.5,27.5,29.2,0.5262465996505893,0.0,0.0,0.0,0.0,21.37,-0.0400000000000027,1528.4666666666765,540.5500000000036,2.230000000000018,0,21.32,0
2023-01-21,0.0,33.19,21.97,1007.2,17.97,53.54,Mundali_Barrage_Cuttack,Mahanadi,536.97,1189.99,21.32,26.5,27.5,29.2,0.4473096097030009,0.0,0.0,0.0,0.0,21.33,-0.00999999999999801,1457.2966666666764,537.1950000000036,6.0499999999999545,0,21.38,0
2023-01-22,0.0,36.15,29.55,1007.73,11.53,59.68,Mundali_Barrage_Cuttack,Mahanadi,523.83,1472.64,21.38,26.5,27.5,29.2,0.38021316824755075,0.0,0.0,0.0,0.0,21.32,0.05999999999999872,1417.4000000000099,530.4000000000037,5.519999999999982,0,21.38,0
2023-01-23,0.0,35.58,24.89,1007.28,15.23,50.13,Mundali_Barrage_Cuttack,Mahanadi,478.35,1301.59,21.38,26.5,27.5,29.2,0.32318119301041814,0.0,0.0,0.0,0.0,21.38,0.0,1321.4066666666765,501.09000000000367,5.970000000000027,0,21.37,0
2023-01-24,0.0,37.98,31.33,1008.86,15.33,53.6,Mundali_Barrage_Cuttack,Mahanadi,510.63,1346.25,21.37,26.5,27.5,29.2,0.2747040140588554,0.0,0.0,0.0,0.0,21.38,-0.00999999999999801,1373.4933333333431,494.49000000000365,4.389999999999986,0,21.32,0
2023-01-25,0.0,38.71,30.22,1009.79,13.09,64.97,Mundali_Barrage_Cuttack,Mahanadi,493.25,1470.26,21.32,26.5,27.5,29.2,0.2334984119500271,0.0,0.0,0.0,0.0,21.37,-0.05000000000000071,1372.7000000000098,501.94000000000364,3.4600000000000364,0,21.3,0
2023-01-26,0.0,33.33,22.09,1006.5,14.22,62.2,Mundali_Barrage_Cuttack,Mahanadi,455.59,963.83,21.3,26.5,27.5,29.2,0.19847365015752302,0.0,0.0,0.0,0.0,21.32,-0.019999999999999574,1260.1133333333432,474.4200000000036,6.75,0,21.36,0
2023-01-27,0.61,33.45,22.43,1010.32,17.92,52.51,Mundali_Barrage_Cuttack,Mahanadi,472.11,1355.1,21.36,26.5,27.5,29.2,0.7787026026338946,0.0,0.0,0.6100000000001137,0.61,21.3,0.05999999999999872,1263.0633333333433,463.85000000000366,2.92999999999995,0,21.45,0
2023-01-28,0.0,37.3,29.86,1007.66,13.49,54.67,Mundali_Barrage_Cuttack,Mahanadi,410.61,1441.26,21.45,26.5,27.5,29.2,0.6618972122388104,0.61,0.0,0.6100000000001137,0.61,21.36,0.08999999999999986,1253.3966666666765,441.36000000000365,5.590000000000032,0,21.27,0
2023-01-29,0.0,35.93,28.28,1006.33,13.73,63.05,Mundali_Barrage_Cuttack,Mahanadi,499.71,1409.84,21.27,26.5,27.5,29.2,0.5626126304029888,0.0,0.61,0.6100000000001137,0.61,21.45,-0.17999999999999972,1402.0666666666766,455.1600000000036,6.919999999999959,0,21.2,0
2023-01-30,0.0,36.98,25.51,1007.79,15.85,56.73,Mundali_Barrage_Cuttack,Mahanadi,487.4,1432.55,21.2,26.5,27.5,29.2,0.4782207358425405,0.0,0.0,0.0,0.61,21.27,-0.07000000000000028,1427.8833333333432,493.5550000000036,5.460000000000036,0,21.35,0
2023-01-31,0.0,38.37,28.63,1005.71,6.54,52.71,Mundali_Barrage_Cuttack,Mahanadi,505.7,1623.69,21.35,26.5,27.5,29.2,0.4064876254661594,0.0,0.0,0.0,0.61,21.2,0.15000000000000213,1488.693333333343,496.5500000000036,7.539999999999964,0,21.29,0
2023-02-01,0.0,34.87,24.5,1009.91,12.53,53.59,Mundali_Barrage_Cuttack,Mahanadi,475.53,1148.84,21.29,26.5,27.5,29.2,0.3455144816462355,0.0,0.0,0.0,0.61,21.35,-0.060000000000002274,1401.693333333343,490.61500000000365,3.340000000000032,0,21.35,0
2023-02-02,0.0,34.85,23.96,1007.93,17.16,45.79,Mundali_Barrage_Cuttack,Mahanadi,507.31,1606.15,21.35,26.5,27.5,29.2,0.29368730939930016,0.0,0.0,0.0,0.61,21.29,0.060000000000002274,1459.5600000000097,491.4200000000036,5.32000000000005,0,21.43,0
2023-02-03,0.48,35.73,24.03,1009.3,16.44,52.98,Mundali_Barrage_Cuttack,Mahanadi,553.67,1603.32,21.43,26.5,27.5,29.2,0.7296342129894051,0.0,0.0,0.48000000000011367,0.48,21.35,0.0799999999999983,1452.7700000000098,530.4900000000036,3.9500000000000455,0,21.46,0
2023-02-04,0.0,37.59,26.9,1008.8,16.9,45.57,Mundali_Barrage_Cuttack,Mahanadi,594.2,1625.98,21.46,26.5,27.5,29.2,0.6201890810409943,0.48,0.0,0.48000000000011367,0.48,21.43,0.030000000000001137,1611.8166666666766,573.9350000000037,4.4500000000000455,0,21.41,0
2023-02-05,0.0,33.3,25.9,1007.38,11.9,49.84,Mundali_Barrage_Cuttack,Mahanadi,431.63,1377.26,21.41,26.5,27.5,29.2,0.5271607188848452,0.0,0.48,0.48000000000011367,0.48,21.46,-0.05000000000000071,1535.5200000000098,512.9150000000036,5.8700000000000045,0,21.39,0
2023-02-06,0.0,32.04,25.05,1008.27,14.05,46.99,Mundali_Barrage_Cuttack,Mahanadi,596.7,1369.24,21.39,26.5,27.5,29.2,0.4480866110521184,0.0,0.0,0.0,0.48,21.41,-0.019999999999999574,1457.4933333333431,514.1650000000036,4.980000000000018,0,21.45,0
2023-02-07,0.0,34.85,28.5,1008.98,11.32,60.99,Mundali_Barrage_Cuttack,Mahanadi,504.31,1253.85,21.45,26.5,27.5,29.2,0.38087361939430064,0.0,0.0,0.0,0.48,21.39,0.05999999999999872,1333.4500000000098,550.5050000000036,4.269999999999982,0,21.37,0
2023-02-08,0.0,35.96,25.33,1005.49,13.59,56.23,Mundali_Barrage_Cuttack,Mahanadi,542.95,1355.76,21.37,26.5,27.5,29.2,0.32374257648515553,0.0,0.0,0.0,0.48,21.45,-0.0799999999999983,1326.283333333343,523.6300000000036,7.759999999999991,0,21.37,0
2023-02-09,0.0,36.39,24.98,1007.9,11.06,54.94,Mundali_Barrage_Cuttack,Mahanadi,474.31,1290.06,21.37,26.5,27.5,29.2,0.27518119001238217,0.0,0.0,0.0,0.48,21.37,0.0,1299.8900000000099,508.63000000000363,5.350000000000023,0,21.4,0
2023-02-10,0.0,35.52,23.83,1006.51,17.18,56.47,Mundali_Barrage_Cuttack,Mahanadi,552.39,1649.43,21.4,26.5,27.5,29.2,0.23390401151052484,0.0,0.0,0.0,0.0,21.37,0.029999999999997584,1431.75000000001,513.3500000000037,6.740000000000009,0,21.57,0
2023-02-11,2.92,32.03,23.61,1007.21,15.39,53.5,Mundali_Barrage_Cuttack,Mahanadi,672.99,1935.41,21.57,26.5,27.5,29.2,3.118818409783946,0.0,0.0,2.9200000000001136,2.92,21.4,0.1700000000000017,1624.9666666666765,612.6900000000037,6.039999999999964,0,21.5,0
2023-02-12,0.0,33.17,21.98,1007.45,22.31,53.74,Mundali_Barrage_Cuttack,Mahanadi,477.91,1116.72,21.5,26.5,27.5,29.2,2.650995648316354,2.92,0.0,2.9200000000001136,2.92,21.57,-0.07000000000000028,1567.1866666666765,575.4500000000037,5.7999999999999545,0,21.45,0
2023-02-13,0.0,32.0,21.53,1007.44,11.2,58.37,Mundali_Barrage_Cuttack,Mahanadi,524.54,1516.48,21.45,26.5,27.5,29.2,2.253346301068901,0.0,2.92,2.9200000000001136,2.92,21.5,-0.05000000000000071,1522.87000000001,501.22500000000366,5.809999999999945,0,21.42,0
2023-02-14,0.0,29.19,18.94,1006.05,18.49,61.39,Mundali_Barrage_Cuttack,Mahanadi,455.07,1397.23,21.42,26.5,27.5,29.2,1.9153443559085659,0.0,0.0,0.0,2.92,21.45,-0.029999999999997584,1343.4766666666765,489.8050000000036,7.2000000000000455,0,21.41,0
2023-02-15,0.0,32.42,23.79,1006.23,12.73,56.99,Mundali_Barrage_Cuttack,Mahanadi,515.69,1359.12,21.41,26.5,27.5,29.2,1.628042702522281,0.0,0.0,0.0,2.92,21.42,-0.010000000000001563,1424.2766666666764,485.38000000000363,7.019999999999982,0,21.43,0
2023-02-16,0.11,33.46,24.26,1007.53,15.32,58.29,Mundali_Barrage_Cuttack,Mahanadi,581.97,1429.34,21.43,26.5,27.5,29.2,1.493836297143939,0.0,0.0,0.11000000000011369,3.03,21.41,0.019999999999999574,1395.2300000000098,548.8300000000037,5.720000000000027,0,21.42,0
2023-02-17,0.0,34.72,23.86,1004.22,19.82,55.46,Mundali_Barrage_Cuttack,Mahanadi,502.19,1345.21,21.42,26.5,27.5,29.2,1.269760852572348,0.11,0.0,0.11000000000011369,3.03,21.43,-0.00999999999999801,1377.8900000000096,542.0800000000037,9.029999999999973,0,21.52,0
2023-02-18,2.08,33.42,23.61,1005.54,12.24,52.07,Mundali_Barrage_Cuttack,Mahanadi,583.77,1816.17,21.52,26.5,27.5,29.2,3.159296724686496,0.0,0.11,2.1900000000001136,2.19,21.42,0.09999999999999787,1530.2400000000098,542.9800000000037,7.710000000000036,0,21.52,0
2023-02-19,0.0,32.73,23.45,1007.42,15.26,59.23,Mundali_Barrage_Cuttack,Mahanadi,440.59,1314.72,21.52,26.5,27.5,29.2,2.6854022159835216,2.08,0.0,2.0800000000001138,2.19,21.52,0.0,1492.033333333343,512.1800000000036,5.830000000000041,0,21.46,0
2023-02-20,0.0,37.6,27.23,1008.74,16.49,56.86,Mundali_Barrage_Cuttack,Mahanadi,589.3,1562.3,21.46,26.5,27.5,29.2,2.2825918835859933,0.0,2.08,2.0800000000001138,2.19,21.52,-0.05999999999999872,1564.3966666666765,514.9450000000036,4.509999999999991,0,21.43,0
2023-02-21,0.0,30.79,20.94,1010.8,17.23,54.57,Mundali_Barrage_Cuttack,Mahanadi,519.42,1595.49,21.43,26.5,27.5,29.2,1.9402031010480942,0.0,0.0,0.0,2.19,21.46,-0.030000000000001137,1490.8366666666764,554.3600000000035,2.4500000000000455,0,21.43,0
2023-02-22,0.0,31.84,23.47,1007.9,12.61,49.51,Mundali_Barrage_Cuttack,Mahanadi,525.38,1490.27,21.43,26.5,27.5,29.2,1.64917263589088,0.0,0.0,0.0,2.19,21.43,0.0,1549.3533333333432,522.4000000000036,5.350000000000023,0,21.46,0
2023-02-23,0.0,34.67,28.36,1007.13,12.65,52.97,Mundali_Barrage_Cuttack,Mahanadi,498.3,1401.8,21.46,26.5,27.5,29.2,1.401796740507248,0.0,0.0,0.0,2.08,21.43,0.030000000000001137,1495.8533333333432,511.84000000000367,6.1200000000000045,0,21.43,0
2023-02-24,0.0,39.39,32.06,1008.91,11.61,60.37,Mundali_Barrage_Cuttack,Mahanadi,508.21,1621.03,21.43,26.5,27.5,29.2,1.1915272294311607,0.0,0.0,0.0,2.08,21.46,-0.030000000000001137,1504.3666666666766,503.25500000000363,4.340000000000032,0,21.44,0
2023-02-25,0.0,32.33,21.59,1010.89,12.28,59.36,Mundali_Barrage_Cuttack,Mahanadi,586.07,1733.19,21.44,26.5,27.5,29.2,1.0127981450164867,0.0,0.0,0.0,0.0,21.43,0.010000000000001563,1585.34000000001,547.1400000000036,2.3600000000000136,0,21.44,0
2023-02-26,0.0,33.73,22.92,1007.14,14.1,55.11,Mundali_Barrage_Cuttack,Mahanadi,499.68,1543.91,21.44,26.5,27.5,29.2,0.8608784232640136,0.0,0.0,0.0,0.0,21.44,0.0,1632.71000000001,542.8750000000036,6.110000000000014,0,21.45,0
2023-02-27,0.0,34.18,23.51,1006.69,14.09,54.19,Mundali_Barrage_Cuttack,Mahanadi,502.08,1754.34,21.45,26.5,27.5,29.2,0.7317466597744116,0.0,0.0,0.0,0.0,21.44,0.00999999999999801,1677.1466666666765,500.8800000000037,6.559999999999945,0,21.44,0
2023-02-28,0.0,32.61,20.77,1009.45,15.83,53.34,Mundali_Barrage_Cuttack,Mahanadi,452.25,1461.45,21.44,26.5,27.5,29.2,0.6219846608082498,0.0,0.0,0.0,0.0,21.45,-0.00999999999999801,1586.5666666666766,477.1650000000037,3.7999999999999545,0,21.48,0
2023-03-01,0.0,34.47,27.75,1010.32,7.52,57.41,Mundali_Barrage_Cuttack,Mahanadi,535.71,1414.57,21.48,26.5,27.5,29.2,0.5286869616870122,0.0,0.0,0.0,0.0,21.44,0.03999999999999915,1543.4533333333432,493.98000000000377,2.92999999999995,0,21.4,0
2023-03-02,0.0,34.25,28.16,1008.28,12.81,56.55,Mundali_Barrage_Cuttack,Mahanadi,508.76,1467.36,21.4,26.5,27.5,29.2,0.4493839174339604,0.0,0.0,0.0,0.0,21.48,-0.08000000000000185,1447.793333333343,522.2350000000038,4.970000000000027,0,21.42,0
2023-03-03,0.05,36.47,24.55,1010.12,9.06,50.01,Mundali_Barrage_Cuttack,Mahanadi,479.06,1430.73,21.42,26.5,27.5,29.2,0.4319763298188663,0.0,0.0,0.05000000000011369,0.05,21.4,0.020000000000003126,1437.553333333343,493.9100000000037,3.1299999999999955,0,21.48,0
2023-03-04,0.0,32.93,23.12,1010.0,13.91,60.82,Mundali_Barrage_Cuttack,Mahanadi,554.94,1586.11,21.48,26.5,27.5,29.2,0.3671798803460363,0.05,0.0,0.05000000000011369,0.05,21.42,0.05999999999999872,1494.7333333333434,517.0000000000038,3.25,0,21.4,0
2023-03-05,0.0,32.36,24.9,1008.5,15.6,46.1,Mundali_Barrage_Cuttack,Mahanadi,408.83,1120.83,21.4,26.5,27.5,29.2,0.31210289829413085,0.0,0.05,0.05000000000011369,0.05,21.48,-0.08000000000000185,1379.2233333333431,481.88500000000374,4.75,0,21.39,0
2023-03-06,0.0,32.7,25.96,1008.24,7.65,54.95,Mundali_Barrage_Cuttack,Mahanadi,412.92,1073.7,21.39,26.5,27.5,29.2,0.2652874635500112,0.0,0.0,0.0,0.05,21.4,-0.00999999999999801,1260.2133333333431,410.87500000000375,5.009999999999991,0,21.42,0
2023-03-07,0.0,32.02,25.63,1008.55,19.06,51.55,Mundali_Barrage_Cuttack,Mahanadi,559.21,1559.42,21.42,26.5,27.5,29.2,0.2254943440175095,0.0,0.0,0.0,0.05,21.39,0.030000000000001137,1251.3166666666766,486.0650000000038,4.7000000000000455,0,21.48,0
2023-03-08,0.0,33.19,24.61,1010.27,10.14,57.24,Mundali_Barrage_Cuttack,Mahanadi,441.81,1249.7,21.48,26.5,27.5,29.2,0.1916701924148831,0.0,0.0,0.0,0.05,21.42,0.05999999999999872,1294.2733333333433,500.51000000000374,2.980000000000018,0,21.57,0
2023-03-09,0.0,34.67,23.73,1007.29,13.08,53.98,Mundali_Barrage_Cuttack,Mahanadi,509.16,1641.02,21.57,26.5,27.5,29.2,0.1629196635526506,0.0,0.0,0.0,0.05,21.48,0.08999999999999986,1483.3800000000099,475.48500000000377,5.960000000000036,0,21.49,0
2023-03-10,0.0,34.79,28.77,1007.41,13.91,52.99,Mundali_Barrage_Cuttack,Mahanadi,541.0,1468.84,21.49,26.5,27.5,29.2,0.138481714019753,0.0,0.0,0.0,0.0,21.57,-0.08000000000000185,1453.1866666666765,525.0800000000038,5.840000000000032,0,21.43,0
2023-03-11,0.0,34.58,28.11,1010.71,12.9,49.46,Mundali_Barrage_Cuttack,Mahanadi,486.8,1322.03,21.43,26.5,27.5,29.2,0.11770945691679005,0.0,0.0,0.0,0.0,21.49,-0.05999999999999872,1477.2966666666764,513.9000000000037,2.5399999999999636,0,21.36,0
2023-03-12,3.93,31.61,22.71,1007.5,16.66,54.16,Mundali_Barrage_Cuttack,Mahanadi,545.69,1806.9,21.36,26.5,27.5,29.2,4.030053038379272,0.0,0.0,3.930000000000114,3.93,21.43,-0.07000000000000028,1532.59000000001,516.2450000000038,5.75,0,21.4,0
2023-03-13,0.0,32.26,24.62,1009.49,19.2,56.92,Mundali_Barrage_Cuttack,Mahanadi,412.6,1220.84,21.4,26.5,27.5,29.2,3.425545082622381,3.93,0.0,3.930000000000114,3.93,21.36,0.03999999999999915,1449.9233333333432,479.1450000000038,3.759999999999991,0,21.42,0
2023-03-14,0.0,35.01,23.93,1008.77,14.88,55.57,Mundali_Barrage_Cuttack,Mahanadi,520.76,1532.04,21.42,26.5,27.5,29.2,2.911713320229024,0.0,3.93,3.930000000000114,3.93,21.4,0.020000000000003126,1519.9266666666765,466.68000000000376,4.480000000000018,0,21.47,0
2023-03-15,0.0,32.29,25.11,1009.27,8.06,65.13,Mundali_Barrage_Cuttack,Mahanadi,549.53,1683.25,21.47,26.5,27.5,29.2,2.47495632219467,0.0,0.0,0.0,3.93,21.42,0.04999999999999716,1478.7100000000098,535.1450000000037,3.980000000000018,0,21.48,0
2023-03-16,0.0,32.66,22.15,1007.34,13.15,51.82,Mundali_Barrage_Cuttack,Mahanadi,431.02,1230.67,21.48,26.5,27.5,29.2,2.1037128738654696,0.0,0.0,0.0,3.93,21.47,0.010000000000001563,1481.9866666666767,490.27500000000373,5.909999999999968,0,21.5,0
2023-03-17,0.0,31.04,19.88,1008.57,16.48,54.48,Mundali_Barrage_Cuttack,Mahanadi,525.73,1446.78,21.5,26.5,27.5,29.2,1.788155942785649,0.0,0.0,0.0,3.93,21.48,0.019999999999999574,1453.5666666666766,478.37500000000375,4.67999999999995,0,21.4,0
2023-03-18,0.0,31.76,25.74,1007.35,11.08,55.4,Mundali_Barrage_Cuttack,Mahanadi,443.43,1101.77,21.4,26.5,27.5,29.2,1.5199325513678017,0.0,0.0,0.0,3.93,21.5,-0.10000000000000142,1259.7400000000098,484.5800000000038,5.899999999999977,0,21.45,0
2023-03-19,0.0,29.96,22.91,1008.95,12.86,58.7,Mundali_Barrage_Cuttack,Mahanadi,541.31,1551.43,21.45,26.5,27.5,29.2,1.2919426686626314,0.0,0.0,0.0,0.0,21.4,0.05000000000000071,1366.6600000000099,492.37000000000376,4.2999999999999545,0,21.42,0
2023-03-20,0.0,35.32,28.84,1006.03,16.33,51.34,Mundali_Barrage_Cuttack,Mahanadi,506.13,1503.65,21.42,26.5,27.5,29.2,1.0981512683632366,0.0,0.0,0.0,0.0,21.45,-0.029999999999997584,1385.6166666666766,523.7200000000037,7.220000000000027,0,21.37,0
2023-03-21,0.0,32.85,21.63,1009.11,15.14,54.8,Mundali_Barrage_Cuttack,Mahanadi,472.57,1243.52,21.37,26.5,27.5,29.2,0.9334285781087511,0.0,0.0,0.0,0.0,21.42,-0.05000000000000071,1432.8666666666766,489.3500000000038,4.139999999999986,0,21.44,0
2023-03-22,0.0,34.58,23.5,1007.5,15.61,48.75,Mundali_Barrage_Cuttack,Mahanadi,574.29,1504.34,21.44,26.5,27.5,29.2,0.7934142913924385,0.0,0.0,0.0,0.0,21.37,0.07000000000000028,1417.1700000000098,523.4300000000037,5.75,0,21.56,0
2023-03-23,4.53,35.93,24.8,1004.94,14.97,58.46,Mundali_Barrage_Cuttack,Mahanadi,606.86,2190.0,21.56,26.5,27.5,29.2,5.204402147683573,0.0,0.0,4.530000000000114,4.53,21.44,0.11999999999999744,1645.9533333333432,590.5750000000038,8.309999999999945,0,21.58,0
2023-03-24,3.46,29.71,21.85,1010.93,8.48,56.2,Mundali_Barrage_Cuttack,Mahanadi,516.43,1830.38,21.58,26.5,27.5,29.2,7.883741825531037,4.53,0.0,7.990000000000114,7.99,21.56,0.019999999999999574,1841.573333333343,561.6450000000038,2.32000000000005,0,21.49,0
2023-03-25,0.0,35.13,25.87,1008.18,15.75,52.82,Mundali_Barrage_Cuttack,Mahanadi,452.42,1524.29,21.49,26.5,27.5,29.2,6.701180551701381,3.46,4.53,7.990000000000114,7.99,21.58,-0.08999999999999986,1848.2233333333431,484.4250000000038,5.07000000000005,0,21.52,0
2023-03-26,0.0,34.07,25.93,1006.14,13.51,60.98,Mundali_Barrage_Cuttack,Mahanadi,447.76,1504.47,21.52,26.5,27.5,29.2,5.696003468946174,0.0,3.46,3.4600000000001137,7.99,21.49,0.030000000000001137,1619.7133333333431,450.0900000000038,7.110000000000014,0,21.53,0
2023-03-27,0.0,32.6,20.7,1006.77,12.7,56.96,Mundali_Barrage_Cuttack,Mahanadi,449.44,1513.85,21.53,26.5,27.5,29.2,4.841602948604248,0.0,0.0,0.0,7.99,21.52,0.010000000000001563,1514.203333333343,448.6000000000038,6.480000000000018,0,21.5,0
2023-03-28,0.0,35.37,24.82,1006.0,14.2,63.33,Mundali_Barrage_Cuttack,Mahanadi,471.72,1466.67,21.5,26.5,27.5,29.2,4.11536250631361,0.0,0.0,0.0,7.99,21.53,-0.030000000000001137,1494.9966666666762,460.5800000000038,7.25,0,21.38,0
2023-03-29,0.0,30.95,21.57,1007.74,19.54,59.95,Mundali_Barrage_Cuttack,Mahanadi,564.59,1739.61,21.38,26.5,27.5,29.2,3.498058130366568,0.0,0.0,0.0,7.99,21.5,-0.120000000000001,1573.376666666676,518.1550000000038,5.509999999999991,0,21.33,0
2023-03-30,0.0,29.32,17.45,1006.82,12.79,59.15,Mundali_Barrage_Cuttack,Mahanadi,455.91,1382.69,21.33,26.5,27.5,29.2,2.9733494108115828,0.0,0.0,0.0,3.46,21.38,-0.05000000000000071,1529.6566666666765,510.25000000000387,6.42999999999995,0,21.38,0
2023-03-31,0.0,30.78,19.04,1007.6,16.94,53.75,Mundali_Barrage_Cuttack,Mahanadi,492.7,1534.3,21.38,26.5,27.5,29.2,2.527346999189845,0.0,0.0,0.0,0.0,21.33,0.05000000000000071,1552.2000000000098,474.3050000000038,5.649999999999977,0,21.43,0
2023-04-01,1.98,36.7,30.39,1009.67,17.1,48.4,Mundali_Barrage_Cuttack,Mahanadi,580.18,1566.37,21.43,26.5,27.5,29.2,4.128244949311368,0.0,0.0,1.9800000000001137,1.98,21.38,0.05000000000000071,1494.453333333343,536.4400000000038,3.580000000000041,0,21.47,0
2023-04-02,0.0,34.91,27.27,1011.26,12.31,53.01,Mundali_Barrage_Cuttack,Mahanadi,599.3,1644.04,21.47,26.5,27.5,29.2,3.5090082069146624,1.98,0.0,1.9800000000001137,1.98,21.43,0.03999999999999915,1581.5700000000097,589.7400000000036,1.990000000000009,0,21.53,0
2023-04-03,0.0,30.62,23.56,1008.66,15.12,57.86,Mundali_Barrage_Cuttack,Mahanadi,482.86,1954.77,21.53,26.5,27.5,29.2,2.982656975877463,0.0,1.98,1.9800000000001137,1.98,21.47,0.060000000000002274,1721.7266666666762,541.0800000000038,4.590000000000032,0,21.52,0
2023-04-04,0.0,29.95,18.08,1007.1,12.07,59.82,Mundali_Barrage_Cuttack,Mahanadi,438.82,1462.87,21.52,26.5,27.5,29.2,2.535258429495843,0.0,0.0,0.0,1.98,21.53,-0.010000000000001563,1687.2266666666762,460.8400000000038,6.149999999999977,0,21.46,0
2023-04-05,0.0,31.41,22.85,1009.53,13.94,54.91,Mundali_Barrage_Cuttack,Mahanadi,432.74,1394.78,21.46,26.5,27.5,29.2,2.1549696650714667,0.0,0.0,0.0,1.98,21.52,-0.05999999999999872,1604.1400000000096,435.78000000000384,3.7200000000000273,0,21.52,0
2023-04-06,0.0,34.58,22.61,1007.15,13.85,50.95,Mundali_Barrage_Cuttack,Mahanadi,454.64,1613.4,21.52,26.5,27.5,29.2,1.8317242153107467,0.0,0.0,0.0,1.98,21.46,0.05999999999999872,1490.3500000000097,443.6900000000038,6.100000000000023,0,21.56,0
2023-04-07,0.0,34.37,26.27,1009.12,20.73,49.55,Mundali_Barrage_Cuttack,Mahanadi,464.38,1435.2,21.56,26.5,27.5,29.2,1.5569655830141347,0.0,0.0,0.0,1.98,21.52,0.03999999999999915,1481.1266666666763,459.5100000000038,4.1299999999999955,0,21.56,0
2023-04-08,0.0,34.15,26.53,1007.66,20.84,51.33,Mundali_Barrage_Cuttack,Mahanadi,573.8,1622.67,21.56,26.5,27.5,29.2,1.3234207455620144,0.0,0.0,0.0,0.0,21.56,0.0,1557.09000000001,519.0900000000038,5.590000000000032,0,21.49,0
2023-04-09,0.0,31.9,25.21,1007.5,17.66,51.46,Mundali_Barrage_Cuttack,Mahanadi,404.03,1278.82,21.49,26.5,27.5,29.2,1.1249076337277122,0.0,0.0,0.0,0.0,21.56,-0.07000000000000028,1445.5633333333433,488.9150000000038,5.75,0,21.52,0
2023-04-10,0.0,34.0,23.98,1008.16,13.68,48.48,Mundali_Barrage_Cuttack,Mahanadi,488.42,1422.62,21.52,26.5,27.5,29.2,0.9561714886685553,0.0,0.0,0.0,0.0,21.49,0.030000000000001137,1441.37000000001,446.2250000000038,5.090000000000032,0,21.42,0
2023-04-11,0.0,32.32,23.74,1007.16,10.6,54.8,Mundali_Barrage_Cuttack,Mahanadi,569.94,1363.98,21.42,26.5,27.5,29.2,0.8127457653682719,0.0,0.0,0.0,0.0,21.52,-0.09999999999999787,1355.1400000000096,529.1800000000038,6.090000000000032,0,21.44,0
2023-04-12,0.0,29.86,23.78,1009.13,13.45,51.42,Mundali_Barrage_Cuttack,Mahanadi,579.11,1761.17,21.44,26.5,27.5,29.2,0.6908339005630311,0.0,0.0,0.0,0.0,21.42,0.019999999999999574,1515.9233333333432,574.5250000000037,4.1200000000000045,0,21.48,0
2023-04-13,1.18,34.68,27.29,1011.14,17.74,47.48,Mundali_Barrage_Cuttack,Mahanadi,482.73,1537.06,21.48,26.5,27.5,29.2,1.7672088154785763,0.0,0.0,1.1800000000001136,1.18,21.44,0.03999999999999915,1554.0700000000097,530.9200000000037,2.1100000000000136,0,21.43,0
2023-04-14,0.0,33.79,25.62,1010.38,16.63,53.44,Mundali_Barrage_Cuttack,Mahanadi,551.86,1515.04,21.43,26.5,27.5,29.2,1.5021274931567898,1.18,0.0,1.1800000000001136,1.18,21.48,-0.05000000000000071,1604.4233333333432,517.2950000000037,2.8700000000000045,0,21.52,0
2023-04-15,11.05,35.64,29.42,1009.04,15.7,70.62,Mundali_Barrage_Cuttack,Mahanadi,911.71,2790.49,21.52,26.5,27.5,29.2,12.326808369183272,0.0,1.18,12.230000000000114,12.23,21.43,0.08999999999999986,1947.5300000000097,731.7850000000037,4.210000000000036,0,21.51,0
2023-04-16,0.81,33.41,24.93,1009.41,14.77,53.35,Mundali_Barrage_Cuttack,Mahanadi,458.75,1340.61,21.51,26.5,27.5,29.2,11.287787113805782,11.05,0.0,11.860000000000115,13.040000000000001,21.52,-0.00999999999999801,1882.0466666666764,685.2300000000038,3.840000000000032,0,21.59,0
2023-04-17,0.0,33.62,25.02,1011.63,9.72,57.5,Mundali_Barrage_Cuttack,Mahanadi,469.33,1375.61,21.59,26.5,27.5,29.2,9.594619046734914,0.81,11.05,11.860000000000115,13.040000000000001,21.51,0.0799999999999983,1835.5700000000097,464.0400000000037,1.6200000000000045,0,21.57,0
2023-04-18,0.0,29.82,21.12,1009.19,12.65,57.03,Mundali_Barrage_Cuttack,Mahanadi,547.71,1365.78,21.57,26.5,27.5,29.2,8.155426189724677,0.0,0.81,0.8100000000001137,13.040000000000001,21.59,-0.019999999999999574,1360.6666666666763,508.52000000000373,4.059999999999945,0,21.44,0
2023-04-19,0.0,30.9,20.14,1009.7,15.09,52.45,Mundali_Barrage_Cuttack,Mahanadi,482.9,1258.17,21.44,26.5,27.5,29.2,6.932112261265975,0.0,0.0,0.0,13.040000000000001,21.57,-0.129999999999999,1333.1866666666765,515.3050000000037,3.5499999999999545,0,21.45,0
2023-04-20,0.03,33.62,25.51,1009.34,15.77,48.29,Mundali_Barrage_Cuttack,Mahanadi,580.82,1341.96,21.45,26.5,27.5,29.2,5.922295422076079,0.0,0.0,0.030000000000113686,11.89,21.44,0.00999999999999801,1321.9700000000096,531.8600000000038,3.909999999999968,0,21.36,0
2023-04-21,0.0,31.56,22.61,1011.06,12.02,56.51,Mundali_Barrage_Cuttack,Mahanadi,465.53,1232.0,21.36,26.5,27.5,29.2,5.033951108764667,0.03,0.0,0.030000000000113686,11.89,21.45,-0.08999999999999986,1277.3766666666763,523.1750000000038,2.1900000000000546,0,21.39,0
2023-04-22,0.0,33.18,22.47,1005.89,7.71,54.08,Mundali_Barrage_Cuttack,Mahanadi,534.59,1147.5,21.39,26.5,27.5,29.2,4.278858442449967,0.0,0.03,0.030000000000113686,0.8400000000000001,21.36,0.030000000000001137,1240.4866666666765,500.06000000000375,7.360000000000014,0,21.42,0
2023-04-23,2.0,34.82,22.95,1005.69,13.85,54.14,Mundali_Barrage_Cuttack,Mahanadi,489.82,1627.2,21.42,26.5,27.5,29.2,5.637029676082472,0.0,0.0,2.0000000000001137,2.0300000000000002,21.39,0.030000000000001137,1335.5666666666764,512.2050000000038,7.559999999999945,0,21.48,0
2023-04-24,0.0,32.79,20.83,1009.06,17.37,58.38,Mundali_Barrage_Cuttack,Mahanadi,422.5,1236.34,21.48,26.5,27.5,29.2,4.791475224670101,2.0,0.0,2.0000000000001137,2.0300000000000002,21.42,0.05999999999999872,1337.013333333343,456.1600000000037,4.190000000000055,0,21.53,0
2023-04-25,0.0,36.26,26.68,1008.25,15.82,45.79,Mundali_Barrage_Cuttack,Mahanadi,414.68,1388.06,21.53,26.5,27.5,29.2,4.072753940969586,0.0,2.0,2.0000000000001137,2.0300000000000002,21.48,0.05000000000000071,1417.2000000000096,418.5900000000038,5.0,0,21.46,0
2023-04-26,0.0,36.35,29.75,1007.26,12.22,61.37,Mundali_Barrage_Cuttack,Mahanadi,447.15,1477.62,21.46,26.5,27.5,29.2,3.4618408498241484,0.0,0.0,0.0,2.0300000000000002,21.53,-0.07000000000000028,1367.3400000000095,430.9150000000037,5.990000000000009,0,21.46,0
2023-04-27,1.13,31.63,20.09,1008.34,11.27,61.44,Mundali_Barrage_Cuttack,Mahanadi,575.78,1593.41,21.46,26.5,27.5,29.2,4.072564722350526,0.0,0.0,1.1300000000001136,3.1300000000000003,21.46,0.0,1486.363333333343,511.46500000000367,4.909999999999968,0,21.42,0
2023-04-28,0.0,34.77,24.74,1010.23,13.2,42.82,Mundali_Barrage_Cuttack,Mahanadi,571.62,1394.47,21.42,26.5,27.5,29.2,3.461680013997947,1.13,0.0,1.1300000000001136,3.1300000000000003,21.46,-0.03999999999999915,1488.5000000000098,573.7000000000037,3.019999999999982,0,21.51,0
2023-04-29,0.0,32.76,25.01,1005.92,16.28,58.82,Mundali_Barrage_Cuttack,Mahanadi,503.21,1515.1,21.51,26.5,27.5,29.2,2.942428011898255,0.0,1.13,1.1300000000001136,3.1300000000000003,21.42,0.08999999999999986,1500.9933333333431,537.4150000000037,7.330000000000041,0,21.45,0
2023-04-30,0.0,29.83,17.9,1005.71,8.98,53.96,Mundali_Barrage_Cuttack,Mahanadi,485.09,1351.12,21.45,26.5,27.5,29.2,2.5010638101135165,0.0,0.0,0.0,1.1300000000000003,21.51,-0.060000000000002274,1420.2300000000096,494.1500000000037,7.539999999999964,0,21.55,0
2023-05-01,0.0,31.98,23.68,1008.31,14.37,58.07,Mundali_Barrage_Cuttack,Mahanadi,582.58,1452.86,21.55,26.5,27.5,29.2,2.125904238596489,0.0,0.0,0.0,1.1300000000000003,21.45,0.10000000000000142,1439.693333333343,533.8350000000037,4.940000000000055,0,21.57,0
2023-05-02,0.0,33.19,24.16,1008.67,16.32,62.43,Mundali_Barrage_Cuttack,Mahanadi,514.65,1592.94,21.57,26.5,27.5,29.2,1.8070186028070157,0.0,0.0,0.0,1.1300000000000003,21.55,0.019999999999999574,1465.6400000000096,548.6150000000038,4.580000000000041,0,21.47,0
2023-05-03,0.0,35.99,28.7,1006.29,10.15,53.34,Mundali_Barrage_Cuttack,Mahanadi,583.98,1302.34,21.47,26.5,27.5,29.2,1.5359658123859632,0.0,0.0,0.0,1.1300000000000003,21.57,-0.10000000000000142,1449.3800000000099,549.3150000000037,6.960000000000036,0,28.02,2
2023-05-04,245.21,34.68,27.84,993.19,71.34,100.0,Mundali_Barrage_Cuttack,Mahanadi,26908.86,55228.02,28.02,26.5,27.5,29.2,246.51557094052808,0.0,0.0,245.21000000000012,245.21,21.47,6.550000000000001,19374.43333333334,13746.420000000004,20.059999999999945,1,25.77,0
2023-05-05,0.0,34.73,22.82,1006.16,11.75,53.5,Mundali_Barrage_Cuttack,Mahanadi,493.89,1590.07,25.77,26.5,27.5,29.2,209.53823529944887,245.21,0.0,245.21000000000012,245.21,28.02,-2.25,19373.476666666673,13701.375000000004,7.090000000000032,0,24.18,0
2023-05-06,0.0,32.94,22.98,1008.58,10.54,48.58,Mundali_Barrage_Cuttack,Mahanadi,498.67,1403.22,24.18,26.5,27.5,29.2,178.10750000453154,0.0,245.21,245.21000000000012,245.21,25.77,-1.5899999999999999,19407.103333333343,496.2800000000036,4.669999999999959,0,23.22,0
2023-05-07,0.0,33.11,22.37,1008.55,16.77,57.03,Mundali_Barrage_Cuttack,Mahanadi,557.26,1776.4,23.22,26.5,27.5,29.2,151.3913750038518,0.0,0.0,0.0,245.21,24.18,-0.9600000000000009,1589.8966666666765,527.9650000000036,4.7000000000000455,0,22.57,0
2023-05-08,0.0,31.05,20.18,1008.28,12.43,57.02,Mundali_Barrage_Cuttack,Mahanadi,501.44,1562.57,22.57,26.5,27.5,29.2,128.68266875327404,0.0,0.0,0.0,245.21,23.22,-0.6499999999999986,1580.7300000000098,529.3500000000035,4.970000000000027,0,22.15,0
2023-05-09,0.0,36.38,30.08,1005.84,10.77,56.68,Mundali_Barrage_Cuttack,Mahanadi,416.84,1122.8,22.15,26.5,27.5,29.2,109.38026844028293,0.0,0.0,0.0,245.21,22.57,-0.4200000000000017,1487.2566666666764,459.14000000000357,7.409999999999968,0,22.11,0
2023-05-10,0.0,35.62,29.32,1007.26,9.07,48.47,Mundali_Barrage_Cuttack,Mahanadi,413.41,1237.17,22.11,26.5,27.5,29.2,92.97322817424049,0.0,0.0,0.0,245.21,22.15,-0.03999999999999915,1307.513333333343,415.1250000000036,5.990000000000009,0,21.95,0
2023-05-11,0.0,34.59,23.18,1010.72,16.11,46.13,Mundali_Barrage_Cuttack,Mahanadi,541.38,1633.45,21.95,26.5,27.5,29.2,79.02724394810441,0.0,0.0,0.0,0.0,22.11,-0.16000000000000014,1331.1400000000096,477.3950000000036,2.5299999999999727,0,21.88,0
2023-05-12,0.0,31.33,20.8,1007.68,15.7,54.7,Mundali_Barrage_Cuttack,Mahanadi,481.91,1591.4,21.88,26.5,27.5,29.2,67.17315735588875,0.0,0.0,0.0,0.0,21.95,-0.07000000000000028,1487.34000000001,511.6450000000035,5.57000000000005,0,21.74,0
2023-05-13,0.0,34.58,23.35,1008.7,12.63,60.36,Mundali_Barrage_Cuttack,Mahanadi,484.31,1516.77,21.74,26.5,27.5,29.2,57.09718375250544,0.0,0.0,0.0,0.0,21.88,-0.14000000000000057,1580.5400000000097,483.1100000000036,4.5499999999999545,0,21.59,0
2023-05-14,1.92,35.81,26.64,1006.63,9.78,52.57,Mundali_Barrage_Cuttack,Mahanadi,496.18,1432.16,21.59,26.5,27.5,29.2,50.45260618962962,0.0,0.0,1.9200000000001136,1.92,21.74,-0.14999999999999858,1513.443333333343,490.2450000000036,6.6200000000000045,0,21.6,0
2023-05-15,0.11,33.82,21.98,1008.53,14.57,50.25,Mundali_Barrage_Cuttack,Mahanadi,528.57,1567.54,21.6,26.5,27.5,29.2,42.99471526118518,1.92,0.0,2.0300000000001135,2.03,21.59,0.010000000000001563,1505.4900000000096,512.3750000000036,4.720000000000027,0,21.58,0
2023-05-16,0.0,34.31,27.41,1008.56,19.92,53.12,Mundali_Barrage_Cuttack,Mahanadi,491.68,1724.89,21.58,26.5,27.5,29.2,36.5455079720074,0.11,1.92,2.0300000000001135,2.03,21.6,-0.020000000000003126,1574.863333333343,510.1250000000035,4.690000000000055,0,21.55,0
2023-05-17,0.0,31.39,21.51,1008.93,14.47,59.88,Mundali_Barrage_Cuttack,Mahanadi,513.39,1206.0,21.55,26.5,27.5,29.2,31.063681776206288,0.0,0.11,0.11000000000011369,2.03,21.58,-0.029999999999997584,1499.4766666666765,502.5350000000036,4.32000000000005,0,21.47,0
2023-05-18,0.0,30.39,23.3,1007.69,15.99,52.45,Mundali_Barrage_Cuttack,Mahanadi,492.42,1407.45,21.47,26.5,27.5,29.2,26.404129509775345,0.0,0.0,0.0,2.03,21.55,-0.08000000000000185,1446.113333333343,502.9050000000036,5.559999999999945,0,21.56,0
2023-05-19,0.0,33.7,27.67,1007.53,14.34,55.01,Mundali_Barrage_Cuttack,Mahanadi,539.17,1818.26,21.56,26.5,27.5,29.2,22.443510083309043,0.0,0.0,0.0,2.03,21.47,0.08999999999999986,1477.2366666666765,515.7950000000036,5.720000000000027,0,21.51,0
2023-05-20,0.0,35.25,29.16,1008.59,12.28,59.55,Mundali_Barrage_Cuttack,Mahanadi,437.14,1302.35,21.51,26.5,27.5,29.2,19.076983570812686,0.0,0.0,0.0,2.03,21.56,-0.04999999999999716,1509.3533333333428,488.15500000000355,4.659999999999968,0,21.52,0
2023-05-21,0.0,29.75,22.02,1006.44,15.57,51.73,Mundali_Barrage_Cuttack,Mahanadi,456.94,1209.17,21.52,26.5,27.5,29.2,16.215436035190784,0.0,0.0,0.0,0.11,21.51,0.00999999999999801,1443.2600000000095,447.0400000000036,6.809999999999945,0,21.52,0
2023-05-22,0.0,32.75,25.45,1006.78,14.47,49.49,Mundali_Barrage_Cuttack,Mahanadi,409.97,1255.82,21.52,26.5,27.5,29.2,13.783120629912165,0.0,0.0,0.0,0.0,21.52,0.0,1255.7800000000095,433.4550000000037,6.470000000000027,0,21.47,0
2023-05-23,0.0,32.52,24.54,1009.52,10.68,61.67,Mundali_Barrage_Cuttack,Mahanadi,412.62,1317.65,21.47,26.5,27.5,29.2,11.71565253542534,0.0,0.0,0.0,0.0,21.52,-0.05000000000000071,1260.8800000000097,411.29500000000365,3.730000000000018,0,21.49,0
2023-05-24,0.0,34.06,23.08,1007.64,12.8,57.52,Mundali_Barrage_Cuttack,Mahanadi,435.6,1259.8,21.49,26.5,27.5,29.2,9.958304655111538,0.0,0.0,0.0,0.0,21.47,0.019999999999999574,1277.7566666666764,424.11000000000365,5.610000000000014,0,27.25,1
2023-05-25,208.21,34.03,27.64,993.55,68.11,100.0,Mundali_Barrage_Cuttack,Mahanadi,23605.26,48304.39,27.25,26.5,27.5,29.2,216.6745589568448,0.0,0.0,208.21000000000012,208.21,21.49,5.760000000000002,16960.613333333342,12020.430000000002,19.700000000000045,1,25.24,0
2023-05-26,0.0,33.35,26.9,1007.42,18.67,56.23,Mundali_Barrage_Cuttack,Mahanadi,520.23,1630.37,25.24,26.5,27.5,29.2,184.1733751133181,208.21,0.0,208.21000000000012,208.21,27.25,-2.0100000000000016,17064.853333333343,12062.745000000003,5.830000000000041,0,23.91,0
2023-05-27,0.0,32.73,20.83,1010.25,14.96,55.58,Mundali_Barrage_Cuttack,Mahanadi,415.58,1137.04,23.91,26.5,27.5,29.2,156.54736884632038,0.0,208.21,208.21000000000012,208.21,25.24,-1.3299999999999983,17023.933333333345,467.9050000000036,3.0,0,23.03,0
2023-05-28,0.0,35.32,24.56,1006.16,10.46,42.53,Mundali_Barrage_Cuttack,Mahanadi,438.05,1705.55,23.03,26.5,27.5,29.2,133.0652635193723,0.0,0.0,0.0,208.21,23.91,-0.879999999999999,1490.9866666666765,426.81500000000364,7.090000000000032,0,22.4,0
2023-05-29,0.0,34.11,23.06,1008.2,10.67,63.56,Mundali_Barrage_Cuttack,Mahanadi,449.71,1515.72,22.4,26.5,27.5,29.2,113.10547399146645,0.0,0.0,0.0,208.21,23.03,-0.6300000000000026,1452.7700000000095,443.88000000000363,5.0499999999999545,0,28.06,2
2023-05-30,184.67,32.95,25.8,997.59,58.8,100.0,Mundali_Barrage_Cuttack,Mahanadi,28332.0,52198.14,28.06,26.5,27.5,29.2,280.8096528927465,0.0,0.0,184.6700000000001,392.88,22.4,5.66,18473.136666666676,14390.855000000003,15.659999999999968,1,25.85,0
2023-05-31,2.17,37.92,30.39,1009.24,16.42,55.13,Mundali_Barrage_Cuttack,Mahanadi,555.95,1667.14,25.85,26.5,27.5,29.2,240.8582049588345,184.67,0.0,186.8400000000001,395.05,28.06,-2.2099999999999973,18460.33333333334,14443.975000000004,4.009999999999991,0,24.39,0
2023-06-01,6.88,35.94,25.86,994.32,18.52,85.91,Mundali_Barrage_Cuttack,Mahanadi,775.75,2213.72,24.39,26.5,27.5,29.2,211.60947421500933,2.17,184.67,193.7200000000001,193.72,25.85,-1.4600000000000009,18693.00000000001,665.8500000000037,18.92999999999995,0,23.69,0
2023-06-02,18.66,37.51,27.83,992.99,24.55,89.26,Mundali_Barrage_Cuttack,Mahanadi,1133.93,3861.14,23.69,26.5,27.5,29.2,198.5280530827579,6.88,2.17,27.710000000000115,212.38,24.39,-0.6999999999999993,2580.6666666666765,954.8400000000037,20.25999999999999,0,23.35,0
2023-06-03,28.4,38.45,30.96,994.95,23.06,91.97,Mundali_Barrage_Cuttack,Mahanadi,1446.47,4713.88,23.35,26.5,27.5,29.2,197.14884512034422,18.66,6.88,53.94000000000011,240.77999999999997,23.69,-0.33999999999999986,3596.2466666666755,1290.2000000000037,18.299999999999955,0,22.85,0
2023-06-04,13.65,35.35,25.86,995.32,17.23,86.33,Mundali_Barrage_Cuttack,Mahanadi,848.25,3103.85,22.85,26.5,27.5,29.2,181.2265183522926,28.4,18.66,60.710000000000115,254.42999999999998,23.35,-0.5,3892.956666666676,1147.3600000000038,17.92999999999995,0,22.38,0
2023-06-05,3.64,35.27,26.02,995.65,12.41,81.92,Mundali_Barrage_Cuttack,Mahanadi,517.29,1783.58,22.38,26.5,27.5,29.2,157.68254059944869,13.65,28.4,45.69000000000011,258.07,22.85,-0.4700000000000024,3200.436666666676,682.7700000000036,17.600000000000023,0,22.85,0
2023-06-06,45.33,37.25,29.95,994.1,22.84,92.23,Mundali_Barrage_Cuttack,Mahanadi,1888.31,6709.59,22.85,26.5,27.5,29.2,179.3601595095314,3.64,13.65,62.62000000000011,118.72999999999999,22.38,0.4700000000000024,3865.6733333333427,1202.8000000000036,19.149999999999977,0,23.01,0
2023-06-07,40.56,37.21,27.38,994.1,20.35,84.61,Mundali_Barrage_Cuttack,Mahanadi,1777.99,6211.81,23.01,26.5,27.5,29.2,193.0161355831017,45.33,3.64,89.53000000000011,157.12,22.85,0.16000000000000014,4901.66000000001,1833.1500000000037,19.149999999999977,0,27.44,1
2023-06-08,176.51,39.53,30.18,982.32,57.55,100.0,Mundali_Barrage_Cuttack,Mahanadi,22220.42,43765.13,27.44,26.5,27.5,29.2,340.57371524563644,40.56,45.33,262.4000000000001,326.75,23.01,4.43,18895.51000000001,11999.205000000004,30.92999999999995,1,25.65,0
2023-06-09,17.82,35.72,26.09,996.88,17.5,90.05,Mundali_Barrage_Cuttack,Mahanadi,963.89,3418.05,25.65,26.5,27.5,29.2,307.30765795879097,176.51,40.56,234.8900000000001,325.90999999999997,27.44,-1.7900000000000027,17798.330000000013,11592.155000000002,16.370000000000005,0,24.3,0
2023-06-10,1.0,37.13,27.24,995.56,15.42,77.13,Mundali_Barrage_Cuttack,Mahanadi,586.6,1786.56,24.3,26.5,27.5,29.2,262.21150926497234,17.82,176.51,195.3300000000001,298.51,25.65,-1.3499999999999979,16323.246666666675,775.2450000000036,17.690000000000055,0,23.82,0
2023-06-11,37.23,34.13,25.98,992.59,23.75,97.24,Mundali_Barrage_Cuttack,Mahanadi,1555.33,5691.21,23.82,26.5,27.5,29.2,260.1097828752265,1.0,17.82,56.05000000000011,322.09000000000003,24.3,-0.4800000000000004,3631.9400000000096,1070.9650000000036,20.659999999999968,0,23.59,0
2023-06-12,37.52,39.9,32.61,994.21,25.92,96.28,Mundali_Barrage_Cuttack,Mahanadi,1692.23,6199.08,23.59,26.5,27.5,29.2,258.6133154439425,37.23,1.0,75.75000000000011,355.96999999999997,23.82,-0.23000000000000043,4558.950000000009,1623.7800000000036,19.039999999999964,0,23.06,0
2023-06-13,14.86,39.78,29.2,993.76,14.2,84.9,Mundali_Barrage_Cuttack,Mahanadi,933.69,3284.93,23.06,26.5,27.5,29.2,234.68131812735112,37.52,37.23,89.61000000000011,325.5,23.59,-0.5300000000000011,5058.406666666676,1312.9600000000037,19.49000000000001,0,22.66,0
2023-06-14,6.39,36.14,29.06,996.74,14.48,75.04,Mundali_Barrage_Cuttack,Mahanadi,716.06,2318.81,22.66,26.5,27.5,29.2,205.86912040824842,14.86,37.52,58.77000000000012,291.33,23.06,-0.3999999999999986,3934.273333333343,824.8750000000036,16.50999999999999,0,22.39,0
2023-06-15,9.62,39.47,31.87,995.71,21.33,89.91,Mundali_Barrage_Cuttack,Mahanadi,773.39,2613.93,22.39,26.5,27.5,29.2,184.60875234701115,6.39,14.86,30.87000000000011,124.44,22.66,-0.2699999999999996,2739.2233333333425,744.7250000000035,17.539999999999964,0,22.54,0
2023-06-16,29.8,38.68,28.13,993.53,19.41,89.41,Mundali_Barrage_Cuttack,Mahanadi,1441.61,5203.71,22.54,26.5,27.5,29.2,186.71743949495948,9.62,6.39,45.810000000000116,136.42000000000002,22.39,0.14999999999999858,3378.816666666676,1107.5000000000036,19.720000000000027,0,26.5,1
2023-06-17,159.52,36.47,25.95,985.82,56.88,100.0,Mundali_Barrage_Cuttack,Mahanadi,17890.65,36743.32,26.5,26.5,27.5,29.2,318.22982357071555,29.8,9.62,198.9400000000001,294.94000000000005,22.54,3.960000000000001,14853.653333333343,9666.130000000005,27.42999999999995,1,25.42,0
2023-06-18,38.31,38.69,30.31,994.98,23.9,86.14,Mundali_Barrage_Cuttack,Mahanadi,1606.34,6029.28,25.42,26.5,27.5,29.2,308.80535003510823,159.52,29.8,227.63000000000014,296.02,26.5,-1.0799999999999983,15992.103333333342,9748.495000000004,18.269999999999982,0,25.93,0
2023-06-19,71.21,37.98,29.42,990.32,36.44,100.0,Mundali_Barrage_Cuttack,Mahanadi,8213.57,17277.19,25.93,26.5,27.5,29.2,333.694547529842,38.31,159.52,269.04000000000013,329.71000000000004,25.42,0.509999999999998,20016.596666666675,4909.955000000004,22.92999999999995,0,24.73,0
2023-06-20,20.26,38.55,31.64,997.0,18.95,82.43,Mundali_Barrage_Cuttack,Mahanadi,1085.19,3772.62,24.73,26.5,27.5,29.2,303.9003654003657,71.21,38.31,129.78000000000014,335.11,25.93,-1.1999999999999993,9026.363333333342,4649.380000000004,16.25,0,23.61,0
2023-06-21,8.39,35.7,24.44,996.15,17.61,81.81,Mundali_Barrage_Cuttack,Mahanadi,816.53,2429.38,23.61,26.5,27.5,29.2,266.7053105903108,20.26,71.21,99.86000000000014,337.11,24.73,-1.120000000000001,7826.396666666676,950.8600000000037,17.100000000000023,0,23.28,0
2023-06-22,17.1,36.58,26.61,994.5,15.18,87.82,Mundali_Barrage_Cuttack,Mahanadi,1036.1,3558.73,23.28,26.5,27.5,29.2,243.79951400176415,8.39,20.26,45.75000000000014,344.59000000000003,23.61,-0.3299999999999983,3253.5766666666764,926.3150000000036,18.75,0,28.43,2
2023-06-23,184.91,36.75,27.39,985.09,61.06,100.0,Mundali_Barrage_Cuttack,Mahanadi,26666.6,50294.03,28.43,26.5,27.5,29.2,392.1395869014995,17.1,8.39,210.40000000000015,499.70000000000005,23.28,5.149999999999999,18760.713333333344,13851.350000000002,28.159999999999968,1,27.79,2
2023-06-24,72.97,37.88,30.04,993.47,30.23,98.41,Mundali_Barrage_Cuttack,Mahanadi,7981.04,16872.44,27.79,26.5,27.5,29.2,406.28864886627457,184.91,17.1,274.98000000000013,413.15000000000003,28.43,-0.6400000000000006,23575.066666666677,17323.820000000003,19.779999999999973,0,26.06,0
2023-06-25,27.73,37.0,29.6,991.81,23.17,91.1,Mundali_Barrage_Cuttack,Mahanadi,1396.43,4729.7,26.06,26.5,27.5,29.2,373.0753515363334,72.97,184.91,285.6100000000001,402.57000000000005,27.79,-1.7300000000000004,23965.39000000001,4688.735000000003,21.440000000000055,0,25.05,0
2023-06-26,38.6,36.76,29.64,997.65,22.82,95.75,Mundali_Barrage_Cuttack,Mahanadi,1610.87,6123.6,25.05,26.5,27.5,29.2,355.7140488058834,27.73,72.97,139.30000000000013,369.96,26.06,-1.009999999999998,9241.913333333343,1503.6500000000037,15.600000000000023,0,23.81,0
2023-06-27,2.68,36.73,30.56,994.16,14.05,81.66,Mundali_Barrage_Cuttack,Mahanadi,485.86,1687.19,23.81,26.5,27.5,29.2,305.0369414850009,38.6,27.73,69.01000000000015,352.38,25.05,-1.240000000000002,4180.163333333343,1048.3650000000036,19.090000000000032,0,22.96,0
2023-06-28,1.57,36.89,25.64,997.52,12.42,77.08,Mundali_Barrage_Cuttack,Mahanadi,575.08,1566.99,22.96,26.5,27.5,29.2,260.85140026225076,2.68,38.6,42.850000000000136,345.56,23.81,-0.8499999999999979,3125.9266666666767,530.4700000000037,15.730000000000018,0,22.53,0
2023-06-29,4.57,41.48,30.91,993.76,21.6,87.22,Mundali_Barrage_Cuttack,Mahanadi,709.62,2044.41,22.53,26.5,27.5,29.2,226.29369022291314,1.57,2.68,8.820000000000142,333.03,22.96,-0.4299999999999997,1766.1966666666765,642.3500000000037,19.49000000000001,0,24.42,0
2023-06-30,76.64,40.59,30.92,990.08,31.84,99.3,Mundali_Barrage_Cuttack,Mahanadi,9956.28,19972.57,24.42,26.5,27.5,29.2,268.9896366894762,4.57,1.57,82.78000000000014,224.76,22.53,1.8900000000000006,7861.323333333344,5332.950000000004,23.16999999999996,0,23.69,0
2023-07-01,17.66,37.73,27.65,997.34,19.25,79.17,Mundali_Barrage_Cuttack,Mahanadi,1033.48,3517.15,23.69,26.5,27.5,29.2,246.30119118605475,76.64,4.57,98.87000000000013,169.45,24.42,-0.7300000000000004,8511.376666666676,5494.880000000004,15.909999999999968,0,29.92,3
2023-07-02,262.53,33.84,26.08,979.24,81.1,100.0,Mundali_Barrage_Cuttack,Mahanadi,28244.44,58447.57,29.92,26.5,27.5,29.2,471.8860125081465,17.66,76.64,356.8300000000001,404.25,23.69,6.23,27312.43000000001,14638.960000000003,34.00999999999999,1,28.87,2
2023-07-03,87.09,42.2,33.59,990.44,33.76,100.0,Mundali_Barrage_Cuttack,Mahanadi,6344.32,16242.12,28.87,26.5,27.5,29.2,488.19311063192447,262.53,17.66,367.2800000000001,452.74,29.92,-1.0500000000000007,26068.946666666674,17294.380000000005,22.809999999999945,0,30.2,3
2023-07-04,225.93,37.15,29.21,983.43,77.99,100.0,Mundali_Barrage_Cuttack,Mahanadi,24705.01,50916.32,30.2,26.5,27.5,29.2,640.8941440371358,87.09,262.53,575.5500000000001,675.99,28.87,1.3299999999999983,41868.67000000001,15524.665000000003,29.82000000000005,1,27.34,1
2023-07-05,9.49,37.74,31.73,995.24,16.75,83.99,Mundali_Barrage_Cuttack,Mahanadi,735.19,2620.48,27.34,26.5,27.5,29.2,554.2500224315654,225.93,87.09,322.5100000000001,683.9100000000001,30.2,-2.8599999999999994,23259.64000000001,12720.100000000002,18.00999999999999,0,27.96,2
2023-07-06,91.15,36.03,26.73,990.59,37.76,100.0,Mundali_Barrage_Cuttack,Mahanadi,11084.73,22504.83,27.96,26.5,27.5,29.2,562.2625190668306,9.49,225.93,326.5700000000001,770.49,27.34,0.620000000000001,25347.21000000001,5909.960000000004,22.659999999999968,0,27.87,2
2023-07-07,75.79,36.76,28.65,991.04,31.65,99.17,Mundali_Barrage_Cuttack,Mahanadi,10243.51,20057.4,27.87,26.5,27.5,29.2,553.713141206806,91.15,9.49,176.43000000000012,769.64,27.96,-0.08999999999999986,15060.903333333345,10664.120000000003,22.210000000000036,0,25.94,0
2023-07-08,15.13,39.81,31.41,995.44,15.94,82.41,Mundali_Barrage_Cuttack,Mahanadi,878.38,3232.26,25.94,26.5,27.5,29.2,485.78617002578505,75.79,91.15,182.0700000000001,767.11,27.87,-1.9299999999999997,15264.830000000009,5560.945000000003,17.809999999999945,0,25.19,0
2023-07-09,53.88,36.31,27.61,992.54,27.98,97.73,Mundali_Barrage_Cuttack,Mahanadi,2138.21,7985.04,25.19,26.5,27.5,29.2,466.7982445219173,15.13,75.79,144.80000000000013,558.46,25.94,-0.75,10424.90000000001,1508.2950000000037,20.710000000000036,0,30.09,3
2023-07-10,207.83,37.82,26.55,981.42,59.78,100.0,Mundali_Barrage_Cuttack,Mahanadi,27590.91,53480.09,30.09,26.5,27.5,29.2,604.6085078436297,53.88,15.13,276.84000000000015,679.2,25.19,4.899999999999999,21565.796666666676,14864.560000000003,31.83000000000004,1,27.17,1
2023-07-11,6.53,37.66,30.35,999.0,16.48,83.45,Mundali_Barrage_Cuttack,Mahanadi,602.65,2177.03,27.17,26.5,27.5,29.2,520.4472316670852,207.83,53.88,268.2400000000001,459.8,30.09,-2.919999999999998,21214.05333333334,14096.780000000004,14.25,0,25.41,0
2023-07-12,20.56,41.94,33.9,994.94,20.12,81.99,Mundali_Barrage_Cuttack,Mahanadi,1213.05,3952.43,25.41,26.5,27.5,29.2,462.94014691702245,6.53,207.83,234.92000000000013,470.87,27.17,-1.7600000000000016,19869.85000000001,907.8500000000035,18.309999999999945,0,24.56,0
2023-07-13,30.64,38.39,31.94,995.48,21.43,93.94,Mundali_Barrage_Cuttack,Mahanadi,1331.8,5010.98,24.56,26.5,27.5,29.2,424.1391248794691,20.56,6.53,57.73000000000009,410.36,25.41,-0.8500000000000014,3713.480000000009,1272.4250000000034,17.769999999999982,0,23.89,0
2023-07-14,27.33,36.23,25.7,994.7,21.55,97.05,Mundali_Barrage_Cuttack,Mahanadi,1296.92,4402.55,23.89,26.5,27.5,29.2,387.8482561475487,30.64,20.56,78.53000000000009,361.90000000000003,24.56,-0.6699999999999982,4455.32000000001,1314.3600000000038,18.549999999999955,0,25.29,0
2023-07-15,101.37,36.6,24.88,988.29,41.27,100.0,Mundali_Barrage_Cuttack,Mahanadi,7864.63,19236.26,25.29,26.5,27.5,29.2,431.0410177254164,27.33,30.64,159.3400000000001,448.14,23.89,1.3999999999999986,9549.93000000001,4580.775000000004,24.960000000000036,0,24.29,0
2023-07-16,20.41,39.13,32.49,995.08,22.34,88.03,Mundali_Barrage_Cuttack,Mahanadi,1183.64,4164.28,24.29,26.5,27.5,29.2,386.79486506660396,101.37,27.33,149.1100000000001,414.67,25.29,-1.0,9267.696666666676,4524.135000000004,18.16999999999996,0,30.2,3
2023-07-17,264.07,42.23,31.35,982.98,80.89,100.0,Mundali_Barrage_Cuttack,Mahanadi,30502.41,61418.31,30.2,26.5,27.5,29.2,592.8456353066133,20.41,101.37,385.8500000000001,470.91,24.29,5.91,28272.950000000008,15843.025000000003,30.269999999999982,1,27.49,1
2023-07-18,22.53,39.4,31.07,996.44,17.91,89.49,Mundali_Barrage_Cuttack,Mahanadi,1273.84,4315.26,27.49,26.5,27.5,29.2,526.4487900106213,264.07,20.41,307.0100000000001,486.9100000000001,30.2,-2.710000000000001,23299.28333333334,15888.125000000004,16.809999999999945,0,25.7,0
2023-07-19,19.77,38.76,27.13,992.71,13.2,83.11,Mundali_Barrage_Cuttack,Mahanadi,1180.26,3895.22,25.7,26.5,27.5,29.2,467.2514715090281,22.53,264.07,306.37000000000006,486.12000000000006,27.49,-1.7899999999999991,23209.596666666675,1227.0500000000036,20.539999999999964,0,24.42,0
2023-07-20,16.26,41.94,33.23,995.81,18.49,93.54,Mundali_Barrage_Cuttack,Mahanadi,962.81,3322.13,24.42,26.5,27.5,29.2,413.42375078267384,19.77,22.53,58.56000000000006,471.74,25.7,-1.2799999999999976,3844.2033333333407,1071.5350000000035,17.440000000000055,0,23.45,0
2023-07-21,11.57,40.57,34.23,997.89,15.29,81.37,Mundali_Barrage_Cuttack,Mahanadi,905.11,2611.78,23.45,26.5,27.5,29.2,362.98018816527275,16.26,19.77,47.60000000000006,455.98,24.42,-0.9700000000000024,3276.3766666666743,933.9600000000037,15.360000000000014,0,22.93,0
2023-07-22,9.3,37.94,28.77,993.79,17.35,83.53,Mundali_Barrage_Cuttack,Mahanadi,790.36,2735.12,22.93,26.5,27.5,29.2,317.83315994048183,11.57,16.26,37.13000000000006,363.91,23.45,-0.5199999999999996,2889.676666666674,847.7350000000037,19.460000000000036,0,22.51,0
2023-07-23,2.5,40.51,32.75,997.43,19.68,79.52,Mundali_Barrage_Cuttack,Mahanadi,536.67,1736.74,22.51,26.5,27.5,29.2,272.6581859494095,9.3,11.57,23.370000000000058,346.0,22.93,-0.41999999999999815,2361.2133333333404,663.5150000000036,15.82000000000005,0,24.33,0
2023-07-24,101.41,38.93,32.57,990.69,38.09,100.0,Mundali_Barrage_Cuttack,Mahanadi,7978.04,19482.15,24.33,26.5,27.5,29.2,333.1694580569981,2.5,9.3,113.21000000000005,183.34,22.51,1.8199999999999967,7984.670000000008,4257.355000000003,22.559999999999945,0,23.95,0
2023-07-25,36.72,40.01,28.45,991.39,21.51,97.99,Mundali_Barrage_Cuttack,Mahanadi,1547.76,5770.61,23.95,26.5,27.5,29.2,319.91403934844834,101.41,2.5,140.63000000000005,197.53,24.33,-0.379999999999999,8996.50000000001,4762.900000000003,21.860000000000014,0,25.34,0
2023-07-26,112.9,41.1,34.0,988.07,39.5,100.0,Mundali_Barrage_Cuttack,Mahanadi,7203.02,19296.29,25.34,26.5,27.5,29.2,384.8269334461811,36.72,101.41,251.03000000000006,290.65999999999997,23.95,1.3900000000000006,14849.683333333342,4375.390000000004,25.17999999999995,0,25.77,0
2023-07-27,71.03,40.1,33.95,991.44,31.88,100.0,Mundali_Barrage_Cuttack,Mahanadi,7718.96,16485.5,25.77,26.5,27.5,29.2,398.13289342925395,112.9,36.72,220.65000000000006,345.43,25.34,0.4299999999999997,13850.800000000008,7460.990000000003,21.809999999999945,0,29.32,3
2023-07-28,129.71,40.52,29.32,988.76,45.15,100.0,Mundali_Barrage_Cuttack,Mahanadi,25941.99,44972.87,29.32,26.5,27.5,29.2,468.1229594148658,71.03,112.9,313.6400000000001,463.57000000000005,25.77,3.5500000000000007,26918.220000000012,16830.475000000006,24.49000000000001,1,30.2,3
2023-07-29,314.68,40.81,30.98,975.19,90.39,100.0,Mundali_Barrage_Cuttack,Mahanadi,27355.89,61558.68,30.2,26.5,27.5,29.2,712.5845155026359,129.71,71.03,515.4200000000001,768.95,29.32,0.879999999999999,41005.68333333334,26648.940000000002,38.059999999999945,1,29.25,3
2023-07-30,89.44,40.63,32.14,992.42,36.54,100.0,Mundali_Barrage_Cuttack,Mahanadi,8309.65,18867.99,29.25,26.5,27.5,29.2,695.1368381772404,314.68,129.71,533.8300000000002,855.89,30.2,-0.9499999999999993,41799.84666666667,17832.770000000004,20.83000000000004,0,27.47,1
2023-07-31,56.46,41.51,35.49,995.52,26.36,95.18,Mundali_Barrage_Cuttack,Mahanadi,2215.36,8550.97,27.47,26.5,27.5,29.2,647.3263124506543,89.44,314.68,460.58000000000004,810.94,29.25,-1.7800000000000011,29659.213333333337,5262.505000000004,17.730000000000018,0,25.55,0
2023-08-01,10.18,38.75,32.49,995.13,17.83,94.99,Mundali_Barrage_Cuttack,Mahanadi,747.06,2537.16,25.55,26.5,27.5,29.2,560.407365583056,56.46,89.44,156.08000000000004,784.4,27.47,-1.9199999999999982,9985.373333333342,1481.2100000000037,18.120000000000005,0,24.45,0
2023-08-02,16.44,40.04,30.19,996.86,23.77,82.11,Mundali_Barrage_Cuttack,Mahanadi,974.4,3440.42,24.45,26.5,27.5,29.2,492.78626074559764,10.18,56.46,83.08000000000006,687.94,25.55,-1.1000000000000014,4842.850000000007,860.7300000000037,16.389999999999986,0,23.53,0
2023-08-03,5.46,40.68,29.12,996.25,13.76,84.1,Mundali_Barrage_Cuttack,Mahanadi,673.38,2122.14,23.53,26.5,27.5,29.2,424.328321633758,16.44,10.18,32.080000000000055,622.37,24.45,-0.9199999999999982,2699.9066666666736,823.8900000000036,17.0,0,23.05,0
2023-08-04,24.74,42.46,34.73,993.53,23.85,81.08,Mundali_Barrage_Cuttack,Mahanadi,1245.19,4273.19,23.05,26.5,27.5,29.2,385.4190733886943,5.46,16.44,46.64000000000006,517.4,23.53,-0.4800000000000004,3278.5833333333408,959.2850000000037,19.720000000000027,0,23.03,0
2023-08-05,26.36,41.3,32.88,995.32,19.85,91.32,Mundali_Barrage_Cuttack,Mahanadi,1359.88,4906.68,23.03,26.5,27.5,29.2,353.9662123803902,24.74,5.46,56.56000000000006,229.07999999999993,23.05,-0.019999999999999574,3767.336666666674,1302.5350000000037,17.92999999999995,0,22.84,0
2023-08-06,22.0,43.17,33.25,995.36,17.18,85.94,Mundali_Barrage_Cuttack,Mahanadi,1119.31,3964.53,22.84,26.5,27.5,29.2,322.8712805233316,26.36,24.74,73.10000000000005,161.63999999999993,23.03,-0.19000000000000128,4381.466666666674,1239.5950000000037,17.889999999999986,0,22.58,0
2023-08-07,18.53,41.34,31.17,994.79,14.85,85.54,Mundali_Barrage_Cuttack,Mahanadi,966.53,3447.11,22.58,26.5,27.5,29.2,292.97058844483183,22.0,26.36,66.89000000000006,123.70999999999994,22.84,-0.26000000000000156,4106.106666666674,1042.9200000000037,18.460000000000036,0,22.39,0
2023-08-08,12.33,40.7,31.93,994.65,15.13,80.86,Mundali_Barrage_Cuttack,Mahanadi,826.36,2694.98,22.39,26.5,27.5,29.2,261.35500017810705,18.53,22.0,52.86000000000006,125.85999999999994,22.58,-0.18999999999999773,3368.8733333333407,896.4450000000036,18.600000000000023,0,22.18,0
2023-08-09,6.28,42.85,34.53,997.72,14.04,80.88,Mundali_Barrage_Cuttack,Mahanadi,723.73,2366.78,22.18,26.5,27.5,29.2,228.431750151391,12.33,18.53,37.14000000000006,115.69999999999995,22.39,-0.21000000000000085,2836.290000000007,775.0450000000037,15.529999999999973,0,27.64,2
2023-08-10,156.35,42.53,34.55,990.48,54.8,100.0,Mundali_Barrage_Cuttack,Mahanadi,27610.97,49361.66,27.64,26.5,27.5,29.2,350.51698762868233,6.28,12.33,174.96000000000004,266.5899999999999,22.18,5.460000000000001,18141.14000000001,14167.350000000004,22.769999999999982,1,25.52,0
2023-08-11,6.46,39.32,33.19,995.8,16.35,77.73,Mundali_Barrage_Cuttack,Mahanadi,718.36,2272.22,25.52,26.5,27.5,29.2,304.39943948437997,156.35,6.28,169.09000000000006,248.30999999999995,27.64,-2.120000000000001,18000.22000000001,14164.665000000005,17.450000000000045,0,24.51,0
2023-08-12,34.02,39.24,29.56,994.77,27.81,87.15,Mundali_Barrage_Cuttack,Mahanadi,1497.81,5633.35,24.51,26.5,27.5,29.2,292.759523561723,6.46,156.35,196.83000000000004,255.96999999999997,25.52,-1.009999999999998,19089.076666666675,1108.0850000000037,18.480000000000018,0,27.67,2
2023-08-13,148.65,39.75,33.2,984.87,52.15,100.0,Mundali_Barrage_Cuttack,Mahanadi,18317.11,36578.15,27.67,26.5,27.5,29.2,397.49559502746456,34.02,6.46,189.13000000000008,382.61999999999995,24.51,3.16,14827.906666666675,9907.460000000005,28.379999999999995,1,27.28,1
2023-08-14,80.87,43.33,35.75,992.33,30.49,100.0,Mundali_Barrage_Cuttack,Mahanadi,6600.83,15715.9,27.28,26.5,27.5,29.2,418.74125577334485,148.65,34.02,263.5400000000001,444.9599999999999,27.67,-0.39000000000000057,19309.133333333342,12458.970000000005,20.91999999999996,0,25.22,0
2023-08-15,1.8,41.7,32.14,994.19,11.68,83.04,Mundali_Barrage_Cuttack,Mahanadi,494.04,1573.27,25.22,26.5,27.5,29.2,357.73006740734314,80.87,148.65,231.3200000000001,434.42999999999995,27.28,-2.0600000000000023,17955.77333333334,3547.4350000000036,19.059999999999945,0,28.86,2
2023-08-16,140.1,42.05,31.89,985.61,41.55,100.0,Mundali_Barrage_Cuttack,Mahanadi,24757.63,44106.02,28.86,26.5,27.5,29.2,444.17055729624167,1.8,80.87,222.77000000000007,568.25,25.22,3.6400000000000006,20465.06333333334,12625.835000000005,27.639999999999986,0,26.51,1
2023-08-17,13.72,43.02,32.48,993.89,12.35,82.74,Mundali_Barrage_Cuttack,Mahanadi,980.65,3360.27,26.51,26.5,27.5,29.2,391.26497370180545,140.1,1.8,155.62000000000006,425.61999999999995,28.86,-2.349999999999998,16346.520000000004,12869.140000000005,19.360000000000014,0,26.96,1
2023-08-18,94.69,41.52,32.5,990.2,36.36,100.0,Mundali_Barrage_Cuttack,Mahanadi,7998.52,18890.99,26.96,26.5,27.5,29.2,427.26522764653464,13.72,140.1,248.51000000000005,513.8499999999999,26.51,0.4499999999999993,22119.09333333334,4489.585000000004,23.049999999999955,0,27.4,1
2023-08-19,76.6,40.45,31.04,991.1,36.62,100.0,Mundali_Barrage_Cuttack,Mahanadi,10608.29,20953.41,27.4,26.5,27.5,29.2,439.7754434995544,94.69,13.72,185.01000000000005,556.43,26.96,0.4399999999999977,14401.556666666676,9303.405000000004,22.149999999999977,0,29.67,3
2023-08-20,154.54,39.62,33.59,985.94,61.39,100.0,Mundali_Barrage_Cuttack,Mahanadi,18506.02,36986.3,29.67,26.5,27.5,29.2,528.3491269746212,76.6,94.69,325.83000000000004,562.3199999999999,27.4,2.270000000000003,25610.233333333348,14557.155000000004,27.309999999999945,1,27.56,2
2023-08-21,48.79,42.26,31.21,994.14,26.24,96.57,Mundali_Barrage_Cuttack,Mahanadi,1950.29,7127.25,27.56,26.5,27.5,29.2,497.88675792842804,154.54,76.6,279.93000000000006,530.2399999999999,29.67,-2.110000000000003,21688.986666666675,10228.155000000004,19.110000000000014,0,25.92,0
2023-08-22,31.48,41.79,33.91,993.36,24.73,93.76,Mundali_Barrage_Cuttack,Mahanadi,1441.6,5445.8,25.92,26.5,27.5,29.2,454.68374423916384,48.79,154.54,234.81000000000006,559.92,27.56,-1.639999999999997,16519.783333333344,1695.9450000000036,19.889999999999986,0,24.52,0
2023-08-23,12.51,41.64,34.24,996.63,21.98,82.46,Mundali_Barrage_Cuttack,Mahanadi,904.43,2897.45,24.52,26.5,27.5,29.2,398.99118260328925,31.48,48.79,92.78000000000006,432.3299999999999,25.92,-1.4000000000000021,5156.833333333343,1173.0150000000035,16.620000000000005,0,23.44,0
2023-08-24,3.25,41.81,30.84,994.93,17.98,87.69,Mundali_Barrage_Cuttack,Mahanadi,547.7,1848.44,23.44,26.5,27.5,29.2,342.39250521279587,12.51,31.48,47.24000000000006,421.8599999999999,24.52,-1.0799999999999983,3397.23000000001,726.0650000000037,18.32000000000005,0,23.37,0
2023-08-25,31.4,42.62,33.72,992.31,20.56,99.81,Mundali_Barrage_Cuttack,Mahanadi,1540.89,5486.55,23.37,26.5,27.5,29.2,322.43362943087646,3.25,12.51,47.16000000000005,358.56999999999994,23.44,-0.07000000000000028,3410.8133333333426,1044.2950000000037,20.940000000000055,0,22.87,0
2023-08-26,11.58,40.71,34.14,994.04,16.01,84.99,Mundali_Barrage_Cuttack,Mahanadi,829.39,2891.53,22.87,26.5,27.5,29.2,285.64858501624497,31.4,3.25,46.23000000000006,293.5499999999999,23.37,-0.5,3408.8400000000097,1185.1400000000037,19.210000000000036,0,22.45,0
2023-08-27,5.78,44.49,34.19,993.82,17.02,84.2,Mundali_Barrage_Cuttack,Mahanadi,767.2,1980.24,22.45,26.5,27.5,29.2,248.5812972638082,11.58,31.4,48.76000000000006,144.78999999999994,22.87,-0.4200000000000017,3452.773333333343,798.2950000000037,19.42999999999995,0,22.09,0
2023-08-28,0.61,41.19,34.15,994.53,18.85,85.92,Mundali_Barrage_Cuttack,Mahanadi,572.32,1647.74,22.09,26.5,27.5,29.2,211.90410267423698,5.78,11.58,17.97000000000006,96.60999999999996,22.45,-0.35999999999999943,2173.1700000000096,669.7600000000036,18.720000000000027,0,22.02,0
2023-08-29,10.68,40.79,29.67,997.97,12.66,88.26,Mundali_Barrage_Cuttack,Mahanadi,884.19,2556.96,22.02,26.5,27.5,29.2,190.79848727310144,0.61,5.78,17.07000000000006,75.80999999999995,22.09,-0.07000000000000028,2061.6466666666765,728.2550000000037,15.279999999999973,0,22.14,0
2023-08-30,22.83,41.79,34.04,996.07,20.28,81.0,Mundali_Barrage_Cuttack,Mahanadi,1201.3,3984.42,22.14,26.5,27.5,29.2,185.0087141821362,10.68,0.61,34.12000000000006,86.12999999999994,22.02,0.120000000000001,2729.7066666666765,1042.7450000000035,17.17999999999995,0,21.95,0
2023-08-31,3.4,40.6,34.04,997.75,10.39,83.46,Mundali_Barrage_Cuttack,Mahanadi,586.74,1753.12,21.95,26.5,27.5,29.2,160.65740705481576,22.83,10.68,36.91000000000006,86.27999999999994,22.14,-0.19000000000000128,2764.833333333343,894.0200000000035,15.5,0,22.12,0
2023-09-01,21.53,45.44,36.19,996.71,13.57,89.09,Mundali_Barrage_Cuttack,Mahanadi,1112.58,3885.65,22.12,26.5,27.5,29.2,158.0887959965934,3.4,22.83,47.76000000000006,76.40999999999994,21.95,0.1700000000000017,3207.730000000009,849.6600000000035,16.539999999999964,0,22.15,0
2023-09-02,17.23,42.4,35.78,998.39,18.02,80.11,Mundali_Barrage_Cuttack,Mahanadi,1109.85,3630.64,22.15,26.5,27.5,29.2,151.60547659710437,21.53,3.4,42.16000000000006,82.05999999999995,22.12,0.029999999999997584,3089.803333333343,1111.2150000000033,14.860000000000014,0,23.9,0
2023-09-03,61.2,40.18,30.76,994.24,35.25,97.08,Mundali_Barrage_Cuttack,Mahanadi,9330.76,17843.8,23.9,26.5,27.5,29.2,190.06465510753873,17.23,21.53,99.96000000000006,137.47999999999996,22.15,1.75,8453.363333333344,5220.305000000004,19.00999999999999,0,23.03,0
2023-09-04,1.45,40.43,28.67,994.11,12.67,77.7,Mundali_Barrage_Cuttack,Mahanadi,539.92,1629.68,23.03,26.5,27.5,29.2,163.0049568414079,61.2,17.23,79.88000000000007,138.31999999999994,23.9,-0.8699999999999974,7701.373333333343,4935.340000000003,19.139999999999986,0,22.86,0
2023-09-05,19.97,45.6,34.46,994.01,16.31,80.06,Mundali_Barrage_Cuttack,Mahanadi,1080.98,3729.11,22.86,26.5,27.5,29.2,158.5242133151967,1.45,61.2,82.62000000000006,147.60999999999993,23.03,-0.1700000000000017,7734.196666666677,810.4500000000028,19.24000000000001,0,22.6,0
2023-09-06,12.35,42.39,32.31,994.96,11.63,95.05,Mundali_Barrage_Cuttack,Mahanadi,907.22,3181.89,22.6,26.5,27.5,29.2,147.09558131791718,19.97,1.45,33.77000000000005,137.12999999999997,22.86,-0.259999999999998,2846.893333333343,994.1000000000028,18.289999999999964,0,22.62,0
2023-09-07,21.74,42.73,31.32,990.48,21.25,86.55,Mundali_Barrage_Cuttack,Mahanadi,1174.28,4334.24,22.62,26.5,27.5,29.2,146.7712441202296,12.35,19.97,54.06000000000005,155.46999999999994,22.6,0.019999999999999574,3748.413333333343,1040.7500000000027,22.769999999999982,0,27.77,2
2023-09-08,207.63,41.85,34.3,984.61,61.31,100.0,Mundali_Barrage_Cuttack,Mahanadi,22649.3,46733.98,27.77,26.5,27.5,29.2,332.3855575021952,21.74,12.35,241.72000000000006,341.56999999999994,22.62,5.149999999999999,18083.37000000001,11911.790000000003,28.639999999999986,1,25.77,0
2023-09-09,13.04,40.47,29.39,995.81,16.95,92.73,Mundali_Barrage_Cuttack,Mahanadi,793.81,2967.54,25.77,26.5,27.5,29.2,295.5677238768659,207.63,21.74,242.41000000000005,337.37999999999994,27.77,-2.0,18011.92000000001,11721.555000000004,17.440000000000055,0,25.19,0
2023-09-10,53.63,42.76,34.01,992.55,30.13,98.85,Mundali_Barrage_Cuttack,Mahanadi,2130.78,7960.65,25.19,26.5,27.5,29.2,304.862565295336,13.04,207.63,274.30000000000007,329.80999999999995,25.77,-0.5799999999999983,19220.723333333346,1462.2950000000037,20.700000000000045,0,26.4,0
2023-09-11,98.11,42.31,35.35,990.31,37.09,100.0,Mundali_Barrage_Cuttack,Mahanadi,10034.75,21615.81,26.4,26.5,27.5,29.2,357.2431805010356,53.63,13.04,164.78000000000006,426.4699999999999,25.19,1.2099999999999973,10848.00000000001,6082.765000000004,22.940000000000055,0,24.84,0
2023-09-12,16.53,40.32,30.56,995.63,14.72,83.37,Mundali_Barrage_Cuttack,Mahanadi,963.13,3335.54,24.84,26.5,27.5,29.2,320.1867034258803,98.11,53.63,168.27000000000007,423.0299999999999,26.4,-1.5599999999999987,10970.666666666677,5498.940000000003,17.620000000000005,0,28.55,2
2023-09-13,158.04,40.59,34.32,990.72,49.88,100.0,Mundali_Barrage_Cuttack,Mahanadi,21788.92,41776.1,28.55,26.5,27.5,29.2,430.19869791199824,16.53,98.11,272.68000000000006,568.7199999999999,24.84,3.710000000000001,22242.48333333334,11376.025000000001,22.529999999999973,1,26.41,0
2023-09-14,17.8,45.34,34.04,992.95,19.65,85.49,Mundali_Barrage_Cuttack,Mahanadi,1041.09,3572.92,26.41,26.5,27.5,29.2,383.4688932251985,158.04,16.53,192.37000000000003,564.78,28.55,-2.1400000000000006,16228.186666666677,11415.005000000001,20.299999999999955,0,24.6,0
2023-09-15,3.63,42.65,36.19,997.04,16.59,80.75,Mundali_Barrage_Cuttack,Mahanadi,645.21,1908.39,24.6,26.5,27.5,29.2,329.5785592414187,17.8,158.04,179.47000000000003,360.7799999999999,26.41,-1.8099999999999987,15752.47000000001,843.1500000000018,16.210000000000036,0,24.03,0
2023-09-16,32.79,41.67,31.03,995.72,19.63,85.91,Mundali_Barrage_Cuttack,Mahanadi,1576.85,5483.34,24.03,26.5,27.5,29.2,312.9317753552059,3.63,17.8,54.220000000000056,380.5299999999999,24.6,-0.5700000000000003,3654.883333333346,1111.0300000000018,17.529999999999973,0,23.16,0
2023-09-17,3.2,43.23,34.88,993.03,14.49,84.39,Mundali_Barrage_Cuttack,Mahanadi,633.87,2114.62,23.16,26.5,27.5,29.2,269.19200905192497,32.79,3.63,39.62000000000006,330.0999999999999,24.03,-0.870000000000001,3168.7833333333456,1105.3600000000017,20.220000000000027,0,23.22,0
2023-09-18,42.21,38.87,28.38,991.88,25.1,96.14,Mundali_Barrage_Cuttack,Mahanadi,1669.6,6384.6,23.22,26.5,27.5,29.2,271.0232076941362,3.2,32.79,78.20000000000006,274.19999999999993,23.16,0.05999999999999872,4660.853333333346,1151.7350000000017,21.370000000000005,0,22.6,0
2023-09-19,7.21,45.46,34.47,992.73,17.47,81.12,Mundali_Barrage_Cuttack,Mahanadi,745.41,2347.52,22.6,26.5,27.5,29.2,237.57972654001577,42.21,3.2,52.62000000000006,264.87999999999994,23.22,-0.6199999999999974,3615.580000000012,1207.5050000000017,20.519999999999982,0,22.68,0
2023-09-20,25.39,42.33,31.33,992.65,24.25,86.05,Mundali_Barrage_Cuttack,Mahanadi,1342.73,4384.13,22.68,26.5,27.5,29.2,227.3327675590134,7.21,42.21,74.81000000000006,132.22999999999996,22.6,0.0799999999999983,4372.083333333346,1044.0700000000018,20.600000000000023,0,22.57,0
2023-09-21,30.02,45.36,37.95,994.36,17.96,90.02,Mundali_Barrage_Cuttack,Mahanadi,1324.67,4750.34,22.57,26.5,27.5,29.2,223.2528524251614,25.39,7.21,62.62000000000006,144.44999999999996,22.68,-0.10999999999999943,3827.3300000000127,1333.7000000000019,18.889999999999986,0,22.63,0
2023-09-22,25.37,42.23,36.07,991.4,21.16,86.61,Mundali_Barrage_Cuttack,Mahanadi,1260.82,4506.11,22.63,26.5,27.5,29.2,215.13492456138718,30.02,25.39,80.78000000000006,166.18999999999994,22.57,0.05999999999999872,4546.860000000012,1292.7450000000017,21.850000000000023,0,22.47,0
2023-09-23,15.69,41.38,30.69,995.4,17.97,87.93,Mundali_Barrage_Cuttack,Mahanadi,1009.44,3314.33,22.47,26.5,27.5,29.2,198.55468587717908,25.37,30.02,71.08000000000006,149.08999999999995,22.63,-0.16000000000000014,4190.260000000012,1135.130000000002,17.850000000000023,0,22.68,0
2023-09-24,32.15,45.21,38.21,993.78,20.87,83.32,Mundali_Barrage_Cuttack,Mahanadi,1550.69,5519.13,22.68,26.5,27.5,29.2,200.92148299560222,15.69,25.37,73.21000000000006,178.03999999999994,22.47,0.21000000000000085,4446.523333333345,1280.0650000000019,19.470000000000027,0,22.75,0
2023-09-25,34.88,45.84,38.49,992.58,19.74,94.78,Mundali_Barrage_Cuttack,Mahanadi,1566.51,5582.36,22.75,26.5,27.5,29.2,205.66326054626188,32.15,15.69,82.72000000000006,170.70999999999992,22.68,0.07000000000000028,4805.273333333345,1558.6000000000017,20.66999999999996,0,22.33,0
2023-09-26,1.61,43.16,32.39,997.03,17.25,73.91,Mundali_Barrage_Cuttack,Mahanadi,642.56,1897.83,22.33,26.5,27.5,29.2,176.4237714643226,34.88,32.15,68.64000000000006,165.10999999999996,22.75,-0.4200000000000017,4333.106666666679,1104.5350000000017,16.220000000000027,0,22.23,0
2023-09-27,19.13,44.69,38.42,996.22,13.94,99.88,Mundali_Barrage_Cuttack,Mahanadi,992.54,3440.47,22.23,26.5,27.5,29.2,169.09020574467422,1.61,34.88,55.62000000000006,158.84999999999994,22.33,-0.09999999999999787,3640.220000000012,817.5500000000018,17.029999999999973,0,23.61,0
2023-09-28,73.61,41.79,34.33,989.23,35.71,100.0,Mundali_Barrage_Cuttack,Mahanadi,6214.09,14834.23,23.61,26.5,27.5,29.2,217.33667488297306,19.13,1.61,94.35000000000005,202.43999999999994,22.23,1.379999999999999,6724.176666666678,3603.315000000002,24.019999999999982,0,23.74,0
2023-09-29,49.8,41.33,29.84,993.15,21.46,89.46,Mundali_Barrage_Cuttack,Mahanadi,1906.68,7401.3,23.74,26.5,27.5,29.2,234.53617365052708,73.61,19.13,142.54000000000008,226.86999999999992,23.61,0.129999999999999,8558.666666666677,4060.385000000002,20.100000000000023,0,23.05,0
2023-09-30,10.1,41.62,30.82,993.34,14.99,89.39,Mundali_Barrage_Cuttack,Mahanadi,832.0,2503.99,23.05,26.5,27.5,29.2,209.455747602948,49.8,73.61,133.51000000000008,221.27999999999992,23.74,-0.6899999999999977,8246.506666666679,1369.340000000002,19.909999999999968,0,22.5,0
2023-10-01,0.0,44.37,34.87,1006.38,17.36,55.82,Mundali_Barrage_Cuttack,Mahanadi,544.06,1457.8,22.5,26.5,27.5,29.2,178.0373854625058,10.1,49.8,59.90000000000007,189.12999999999994,23.05,-0.5500000000000007,3787.696666666679,688.0300000000018,6.8700000000000045,0,22.09,0
2023-10-02,0.0,45.71,38.41,1008.25,12.74,61.36,Mundali_Barrage_Cuttack,Mahanadi,497.37,1344.19,22.09,26.5,27.5,29.2,151.33177764312993,0.0,10.1,10.10000000000007,154.24999999999994,22.5,-0.41000000000000014,1768.660000000012,520.7150000000017,5.0,0,21.86,0
2023-10-03,0.0,43.06,36.68,1006.66,17.53,46.64,Mundali_Barrage_Cuttack,Mahanadi,546.87,1288.95,21.86,26.5,27.5,29.2,128.63201099666043,0.0,0.0,0.0,152.63999999999993,22.09,-0.23000000000000043,1363.6466666666788,522.1200000000018,6.590000000000032,0,21.76,0
2023-10-04,0.0,40.06,31.33,1007.43,14.14,58.74,Mundali_Barrage_Cuttack,Mahanadi,462.0,1384.31,21.76,26.5,27.5,29.2,109.33720934716136,0.0,0.0,0.0,133.50999999999993,21.86,-0.09999999999999787,1339.1500000000121,504.4350000000018,5.82000000000005,0,21.63,0
2023-10-05,0.0,42.6,30.79,1005.03,11.28,57.26,Mundali_Barrage_Cuttack,Mahanadi,524.76,1379.13,21.63,26.5,27.5,29.2,92.93662794508715,0.0,0.0,0.0,59.89999999999994,21.76,-0.13000000000000256,1350.796666666679,493.3800000000018,8.220000000000027,0,21.57,0
2023-10-06,0.0,41.45,35.32,1009.5,12.69,47.61,Mundali_Barrage_Cuttack,Mahanadi,480.21,1184.25,21.57,26.5,27.5,29.2,78.99613375332407,0.0,0.0,0.0,10.099999999999943,21.63,-0.05999999999999872,1315.8966666666788,502.48500000000183,3.75,0,21.48,0
2023-10-07,0.0,38.39,29.06,1006.34,13.61,47.95,Mundali_Barrage_Cuttack,Mahanadi,569.59,1482.76,21.48,26.5,27.5,29.2,67.14671369032546,0.0,0.0,0.0,0.0,21.57,-0.08999999999999986,1348.7133333333456,524.9000000000018,6.909999999999968,0,21.45,0
2023-10-08,0.4,45.98,38.61,1006.48,18.7,44.82,Mundali_Barrage_Cuttack,Mahanadi,436.98,1327.09,21.45,26.5,27.5,29.2,57.47470663677663,0.0,0.0,0.4000000000000711,0.3999999999999432,21.48,-0.030000000000001137,1331.3666666666788,503.2850000000018,6.769999999999982,0,21.3,0
2023-10-09,0.0,42.88,32.4,1006.33,13.45,50.29,Mundali_Barrage_Cuttack,Mahanadi,454.51,1309.51,21.3,26.5,27.5,29.2,48.85350064126013,0.4,0.0,0.4000000000000711,0.3999999999999432,21.45,-0.14999999999999858,1373.120000000012,445.7450000000018,6.919999999999959,0,23.68,0
2023-10-10,95.37,39.15,28.08,1002.04,34.83,94.76,Mundali_Barrage_Cuttack,Mahanadi,7744.79,18687.17,23.68,26.5,27.5,29.2,136.89547554507112,0.0,0.4,95.77000000000008,95.76999999999995,21.3,2.379999999999999,7107.923333333344,4099.6500000000015,11.210000000000036,0,22.96,0
2023-10-11,0.0,45.43,34.34,1009.88,13.04,63.0,Mundali_Barrage_Cuttack,Mahanadi,463.24,1428.36,22.96,26.5,27.5,29.2,116.36115421331046,95.37,0.0,95.37000000000008,95.76999999999995,23.68,-0.7199999999999989,7141.680000000011,4104.015000000002,3.3700000000000045,0,22.36,0
2023-10-12,0.0,36.87,27.0,1010.37,20.03,59.01,Mundali_Barrage_Cuttack,Mahanadi,466.45,1188.51,22.36,26.5,27.5,29.2,98.90698108131389,0.0,95.37,95.37000000000008,95.76999999999995,22.96,-0.6000000000000014,7101.346666666678,464.84500000000185,2.8799999999999955,0,22.05,0
2023-10-13,0.0,43.5,33.41,1011.31,9.28,53.46,Mundali_Barrage_Cuttack,Mahanadi,532.66,1498.16,22.05,26.5,27.5,29.2,84.0709339191168,0.0,0.0,0.0,95.76999999999995,22.36,-0.3099999999999987,1371.6766666666788,499.55500000000177,1.9400000000000546,0,27.08,1
2023-10-14,179.59,43.65,35.48,997.34,55.07,100.0,Mundali_Barrage_Cuttack,Mahanadi,22679.08,44681.84,27.08,26.5,27.5,29.2,251.0502938312493,0.0,0.0,179.5900000000001,275.35999999999996,22.05,5.029999999999998,15789.503333333343,11605.870000000003,15.909999999999968,1,30.2,3
2023-10-15,213.65,44.09,33.97,993.04,70.58,100.0,Mundali_Barrage_Cuttack,Mahanadi,26364.76,52306.11,30.2,26.5,27.5,29.2,427.0427497565619,179.59,0.0,393.24000000000007,488.61,27.08,3.120000000000001,32828.703333333346,24521.920000000002,20.210000000000036,1,27.04,1
2023-10-16,0.0,42.31,30.48,1007.25,7.85,59.73,Mundali_Barrage_Cuttack,Mahanadi,510.33,1400.39,27.04,26.5,27.5,29.2,362.9863372930776,213.65,179.59,393.24000000000007,488.61,30.2,-3.16,32796.11333333334,13437.545000000002,6.0,0,25.07,0
2023-10-17,0.0,43.58,32.48,1007.76,14.13,61.11,Mundali_Barrage_Cuttack,Mahanadi,503.26,1492.02,25.07,26.5,27.5,29.2,308.53838669911596,0.0,213.65,213.65000000000006,393.24,27.04,-1.9699999999999989,18399.50666666668,506.7950000000018,5.490000000000009,0,23.82,0
2023-10-18,2.13,42.69,36.45,1010.05,12.61,58.18,Mundali_Barrage_Cuttack,Mahanadi,485.77,1793.8,23.82,26.5,27.5,29.2,264.3876286942486,0.0,0.0,2.1300000000000567,395.37,25.07,-1.25,1562.0700000000122,494.5150000000018,3.2000000000000455,0,23.15,0
2023-10-19,7.34,40.81,34.03,1006.45,16.12,58.21,Mundali_Barrage_Cuttack,Mahanadi,713.71,2248.07,23.15,26.5,27.5,29.2,232.06948439011128,2.13,0.0,9.470000000000056,402.71,23.82,-0.6700000000000017,1844.630000000012,599.7400000000018,6.7999999999999545,0,22.6,0
2023-10-20,0.0,40.75,31.39,1007.9,12.83,61.65,Mundali_Barrage_Cuttack,Mahanadi,591.53,1623.71,22.6,26.5,27.5,29.2,197.25906173159458,7.34,2.13,9.470000000000056,402.7099999999999,23.15,-0.5499999999999972,1888.5266666666787,652.6200000000018,5.350000000000023,0,22.2,0
2023-10-21,0.0,42.32,35.06,1007.66,18.31,56.42,Mundali_Barrage_Cuttack,Mahanadi,446.4,1380.56,22.2,26.5,27.5,29.2,167.6702024718554,0.0,7.34,7.340000000000057,223.11999999999995,22.6,-0.40000000000000213,1750.7800000000123,518.9650000000017,5.590000000000032,0,21.95,0
2023-10-22,1.56,41.05,33.73,1008.99,12.74,52.5,Mundali_Barrage_Cuttack,Mahanadi,637.01,1253.3,21.95,26.5,27.5,29.2,144.07967210107708,0.0,0.0,1.560000000000057,11.029999999999943,22.2,-0.25,1419.190000000012,541.7050000000017,4.259999999999991,0,21.67,0
2023-10-23,0.0,40.98,29.52,1008.89,12.93,56.74,Mundali_Barrage_Cuttack,Mahanadi,489.83,1499.34,21.67,26.5,27.5,29.2,122.46772128591552,1.56,0.0,1.560000000000057,11.029999999999943,21.95,-0.2799999999999976,1377.7333333333454,563.4200000000018,4.360000000000014,0,21.58,0
2023-10-24,0.0,43.07,33.15,1007.06,13.15,51.85,Mundali_Barrage_Cuttack,Mahanadi,490.51,1500.26,21.58,26.5,27.5,29.2,104.09756309302819,0.0,1.56,1.560000000000057,11.029999999999943,21.67,-0.09000000000000341,1417.6333333333453,490.1700000000018,6.190000000000055,0,21.49,0
2023-10-25,0.0,40.84,34.37,1009.04,11.17,50.81,Mundali_Barrage_Cuttack,Mahanadi,519.77,1331.94,21.49,26.5,27.5,29.2,88.48292862907395,0.0,0.0,0.0,8.899999999999942,21.58,-0.08999999999999986,1443.8466666666789,505.1400000000018,4.210000000000036,0,21.51,0
2023-10-26,2.14,44.52,37.42,1007.07,13.59,55.53,Mundali_Barrage_Cuttack,Mahanadi,544.86,1823.65,21.51,26.5,27.5,29.2,77.35048933471286,0.0,0.0,2.140000000000057,3.6999999999999433,21.49,0.020000000000003126,1551.9500000000123,532.3150000000019,6.17999999999995,0,21.61,0
2023-10-27,9.51,42.4,35.88,1009.64,20.75,60.46,Mundali_Barrage_Cuttack,Mahanadi,797.29,2749.77,21.61,26.5,27.5,29.2,75.25791593450593,2.14,0.0,11.650000000000057,13.209999999999944,21.51,0.09999999999999787,1968.4533333333454,671.0750000000019,3.6100000000000136,0,21.5,0
2023-10-28,0.0,43.59,32.78,1009.0,18.26,45.25,Mundali_Barrage_Cuttack,Mahanadi,501.17,1491.8,21.5,26.5,27.5,29.2,63.969228544330036,9.51,2.14,11.650000000000057,13.209999999999942,21.61,-0.10999999999999943,2021.7400000000123,649.2300000000018,4.25,0,21.55,0
2023-10-29,0.0,39.74,32.17,1006.67,16.18,50.18,Mundali_Barrage_Cuttack,Mahanadi,582.28,1600.36,21.55,26.5,27.5,29.2,54.37384426268053,0.0,9.51,9.510000000000057,11.649999999999942,21.5,0.05000000000000071,1947.310000000012,541.7250000000018,6.580000000000041,0,21.46,0
2023-10-30,0.0,40.23,32.72,1009.25,17.95,58.23,Mundali_Barrage_Cuttack,Mahanadi,475.42,1408.5,21.46,26.5,27.5,29.2,46.21776762327845,0.0,0.0,0.0,11.649999999999942,21.55,-0.08999999999999986,1500.220000000012,528.8500000000018,4.0,0,21.41,0
2023-10-31,0.0,42.5,31.05,1008.71,18.28,54.37,Mundali_Barrage_Cuttack,Mahanadi,550.42,1325.44,21.41,26.5,27.5,29.2,39.28510247978668,0.0,0.0,0.0,11.649999999999942,21.46,-0.05000000000000071,1444.7666666666785,512.9200000000018,4.539999999999964,0,21.5,0
2023-11-01,0.0,40.43,33.69,1006.46,11.22,52.33,Mundali_Barrage_Cuttack,Mahanadi,586.28,1632.93,21.5,26.5,27.5,29.2,33.392337107818676,0.0,0.0,0.0,11.649999999999942,21.41,0.08999999999999986,1455.6233333333455,568.3500000000017,6.789999999999964,0,21.47,0
2023-11-02,0.0,42.08,32.17,1005.44,13.8,54.61,Mundali_Barrage_Cuttack,Mahanadi,427.36,1221.17,21.47,26.5,27.5,29.2,28.383486541645873,0.0,0.0,0.0,9.509999999999941,21.5,-0.030000000000001137,1393.1800000000121,506.8200000000018,7.809999999999945,0,21.47,0
2023-11-03,0.0,45.31,37.86,1005.58,11.6,54.91,Mundali_Barrage_Cuttack,Mahanadi,568.53,1807.07,21.47,26.5,27.5,29.2,24.12596356039899,0.0,0.0,0.0,0.0,21.47,0.0,1553.7233333333454,497.9450000000018,7.669999999999959,0,26.33,0
2023-11-04,165.0,40.11,29.98,997.67,56.44,100.0,Mundali_Barrage_Cuttack,Mahanadi,21583.82,42136.63,26.33,26.5,27.5,29.2,185.50706902633914,0.0,0.0,165.00000000000006,164.99999999999994,21.47,4.859999999999999,15054.956666666678,11076.175000000001,15.580000000000041,1,24.56,0
2023-11-05,0.0,40.92,31.84,1008.57,11.69,52.49,Mundali_Barrage_Cuttack,Mahanadi,537.78,1500.05,24.56,26.5,27.5,29.2,157.68100867238826,165.0,0.0,165.00000000000006,164.99999999999994,26.33,-1.7699999999999996,15147.916666666679,11060.800000000001,4.67999999999995,0,23.52,0
2023-11-06,3.0,45.52,38.64,1004.17,15.49,50.55,Mundali_Barrage_Cuttack,Mahanadi,646.16,1943.7,23.52,26.5,27.5,29.2,137.02885737153002,0.0,165.0,168.00000000000006,167.99999999999994,24.56,-1.0399999999999991,15193.460000000012,591.9700000000018,9.080000000000041,0,22.87,0
2023-11-07,0.84,42.14,33.69,1009.54,10.86,50.01,Mundali_Barrage_Cuttack,Mahanadi,435.79,1513.81,22.87,26.5,27.5,29.2,117.31452876580052,3.0,0.0,3.8400000000000567,168.83999999999995,23.52,-0.6499999999999986,1652.520000000012,540.9750000000018,3.7100000000000364,0,22.41,0
2023-11-08,0.0,43.79,33.0,1009.82,16.06,47.94,Mundali_Barrage_Cuttack,Mahanadi,463.04,1538.21,22.41,26.5,27.5,29.2,99.71734945093044,0.84,3.0,3.8400000000000567,168.83999999999995,22.87,-0.46000000000000085,1665.2400000000118,449.41500000000184,3.42999999999995,0,22.05,0
2023-11-09,0.0,43.97,32.67,1005.94,11.99,54.24,Mundali_Barrage_Cuttack,Mahanadi,586.78,1779.36,22.05,26.5,27.5,29.2,84.75974703329088,0.0,0.84,0.8400000000000568,168.83999999999995,22.41,-0.35999999999999943,1610.460000000012,524.9100000000018,7.309999999999945,0,21.86,0
2023-11-10,0.0,42.55,33.63,1008.2,20.29,52.71,Mundali_Barrage_Cuttack,Mahanadi,520.52,1624.96,21.86,26.5,27.5,29.2,72.04578497829725,0.0,0.0,0.0,168.83999999999995,22.05,-0.19000000000000128,1647.510000000012,553.6500000000018,5.0499999999999545,0,21.61,0
2023-11-11,0.0,42.27,36.19,1008.88,15.91,49.87,Mundali_Barrage_Cuttack,Mahanadi,400.63,1367.7,21.61,26.5,27.5,29.2,61.23891723155266,0.0,0.0,0.0,3.839999999999943,21.86,-0.25,1590.6733333333457,460.5750000000018,4.3700000000000045,0,21.58,0
2023-11-12,0.0,42.49,33.17,1007.73,16.41,63.15,Mundali_Barrage_Cuttack,Mahanadi,435.66,1404.84,21.58,26.5,27.5,29.2,52.05307964681976,0.0,0.0,0.0,3.839999999999943,21.61,-0.030000000000001137,1465.8333333333455,418.1450000000018,5.519999999999982,0,21.6,0
2023-11-13,0.0,40.97,30.09,1007.18,17.27,56.91,Mundali_Barrage_Cuttack,Mahanadi,495.58,1413.19,21.6,26.5,27.5,29.2,44.24511769979679,0.0,0.0,0.0,0.8399999999999431,21.58,0.020000000000003126,1395.2433333333456,465.6200000000018,6.07000000000005,0,21.51,0
2023-11-14,0.0,40.81,29.71,1008.81,14.72,49.63,Mundali_Barrage_Cuttack,Mahanadi,511.73,1528.15,21.51,26.5,27.5,29.2,37.608350044827276,0.0,0.0,0.0,0.0,21.6,-0.08999999999999986,1448.726666666679,503.6550000000018,4.440000000000055,0,21.38,0
2023-11-15,0.0,43.09,32.67,1008.93,13.71,58.89,Mundali_Barrage_Cuttack,Mahanadi,495.81,1398.66,21.38,26.5,27.5,29.2,31.967097538103182,0.0,0.0,0.0,0.0,21.51,-0.13000000000000256,1446.6666666666788,503.7700000000018,4.32000000000005,0,21.46,0
2023-11-16,0.71,41.86,34.75,1006.27,15.15,61.11,Mundali_Barrage_Cuttack,Mahanadi,463.23,1464.21,21.46,26.5,27.5,29.2,27.882032907387707,0.0,0.0,0.7100000000000568,0.7099999999999431,21.38,0.08000000000000185,1463.6733333333457,479.5200000000018,6.980000000000018,0,21.39,0
2023-11-17,0.0,39.08,29.0,1008.65,12.79,62.52,Mundali_Barrage_Cuttack,Mahanadi,523.79,1579.13,21.39,26.5,27.5,29.2,23.69972797127955,0.71,0.0,0.7100000000000568,0.7099999999999431,21.46,-0.07000000000000028,1480.6666666666788,493.5100000000018,4.600000000000023,0,21.49,0
2023-11-18,0.82,41.26,33.83,1007.83,17.52,42.86,Mundali_Barrage_Cuttack,Mahanadi,623.28,1690.58,21.49,26.5,27.5,29.2,20.96476877558762,0.0,0.71,1.5300000000000566,1.529999999999943,21.39,0.09999999999999787,1577.9733333333454,573.5350000000018,5.419999999999959,0,21.5,0
2023-11-19,0.0,40.39,31.98,1008.34,10.0,61.54,Mundali_Barrage_Cuttack,Mahanadi,598.07,1432.56,21.5,26.5,27.5,29.2,17.820053459249475,0.82,0.0,0.8200000000000568,1.529999999999943,21.49,0.010000000000001563,1567.4233333333457,610.6750000000018,4.909999999999968,0,21.39,0
2023-11-20,0.0,42.77,30.99,1009.38,9.67,55.5,Mundali_Barrage_Cuttack,Mahanadi,481.12,1242.83,21.39,26.5,27.5,29.2,15.147045440362053,0.0,0.82,0.8200000000000568,1.529999999999943,21.5,-0.10999999999999943,1455.3233333333453,539.5950000000018,3.8700000000000045,0,21.41,0
2023-11-21,0.0,41.51,34.33,1008.34,9.0,59.95,Mundali_Barrage_Cuttack,Mahanadi,552.09,1443.71,21.41,26.5,27.5,29.2,12.874988624307745,0.0,0.0,0.0,1.529999999999943,21.39,0.019999999999999574,1373.0333333333456,516.6050000000018,4.909999999999968,0,26.53,1
2023-11-22,122.04,39.35,27.59,999.2,42.61,89.81,Mundali_Barrage_Cuttack,Mahanadi,26691.42,45177.3,26.53,26.5,27.5,29.2,132.9837403306616,0.0,0.0,122.04000000000006,123.56999999999995,21.41,5.120000000000001,15954.613333333347,13621.755000000001,14.049999999999955,0,24.73,0
2023-11-23,2.25,40.03,28.86,1006.17,16.98,54.94,Mundali_Barrage_Cuttack,Mahanadi,574.03,1616.0,24.73,26.5,27.5,29.2,115.28617928106235,122.04,0.0,124.29000000000006,125.10999999999996,26.53,-1.8000000000000007,16079.003333333347,13632.725,7.080000000000041,0,23.62,0
2023-11-24,0.0,40.62,34.09,1008.15,13.44,65.86,Mundali_Barrage_Cuttack,Mahanadi,522.19,1448.26,23.62,26.5,27.5,29.2,97.99325238890299,2.25,122.04,124.29000000000006,125.10999999999996,24.73,-1.1099999999999994,16080.520000000013,548.1100000000018,5.100000000000023,0,22.87,0
2023-11-25,0.0,43.79,34.79,1005.49,13.37,56.76,Mundali_Barrage_Cuttack,Mahanadi,503.08,1607.77,22.87,26.5,27.5,29.2,83.29426453056753,0.0,2.25,2.250000000000057,124.28999999999995,23.62,-0.75,1557.3433333333453,512.6350000000018,7.759999999999991,0,22.28,0
2023-11-26,0.0,41.45,33.8,1007.49,10.46,51.89,Mundali_Barrage_Cuttack,Mahanadi,537.72,1437.13,22.28,26.5,27.5,29.2,70.8001248509824,0.0,0.0,0.0,124.28999999999995,22.87,-0.5899999999999999,1497.720000000012,520.4000000000018,5.759999999999991,0,22.02,0
2023-11-27,0.0,43.3,31.98,1007.51,15.33,47.37,Mundali_Barrage_Cuttack,Mahanadi,485.79,1750.9,22.02,26.5,27.5,29.2,60.18010612333504,0.0,0.0,0.0,124.28999999999995,22.28,-0.26000000000000156,1598.6000000000122,511.7550000000018,5.740000000000009,0,21.79,0
2023-11-28,0.0,42.01,35.2,1004.25,12.03,55.97,Mundali_Barrage_Cuttack,Mahanadi,512.67,1489.55,21.79,26.5,27.5,29.2,51.15309020483478,0.0,0.0,0.0,124.28999999999995,22.02,-0.23000000000000043,1559.1933333333454,499.23000000000184,9.0,0,21.65,0
2023-11-29,0.0,38.26,28.23,1010.34,9.79,57.25,Mundali_Barrage_Cuttack,Mahanadi,402.72,1396.91,21.65,26.5,27.5,29.2,43.48012667410956,0.0,0.0,0.0,2.249999999999943,21.79,-0.14000000000000057,1545.786666666679,457.69500000000187,2.909999999999968,0,21.51,0
2023-11-30,0.0,39.84,27.93,1009.82,5.16,63.02,Mundali_Barrage_Cuttack,Mahanadi,460.81,1551.43,21.51,26.5,27.5,29.2,36.95810767299313,0.0,0.0,0.0,0.0,21.65,-0.13999999999999702,1479.2966666666787,431.7650000000018,3.42999999999995,0,21.51,0
2023-12-01,0.0,42.56,35.29,1007.08,10.08,55.93,Mundali_Barrage_Cuttack,Mahanadi,552.33,1673.58,21.51,26.5,27.5,29.2,31.41439152204416,0.0,0.0,0.0,0.0,21.51,0.0,1540.6400000000122,506.57000000000187,6.169999999999959,0,21.52,0
2023-12-02,0.0,42.84,36.11,1010.61,16.04,45.63,Mundali_Barrage_Cuttack,Mahanadi,408.05,1294.43,21.52,26.5,27.5,29.2,26.702232793737533,0.0,0.0,0.0,0.0,21.51,0.00999999999999801,1506.4800000000123,480.1900000000019,2.6399999999999864,0,21.58,0
2023-12-03,4.03,39.93,29.45,1005.75,16.77,56.47,Mundali_Barrage_Cuttack,Mahanadi,687.45,1868.48,21.58,26.5,27.5,29.2,26.726897874676904,0.0,0.0,4.030000000000057,4.029999999999943,21.52,0.05999999999999872,1612.1633333333455,547.7500000000018,7.5,0,21.49,0
2023-12-04,0.0,41.12,30.95,1007.89,15.46,63.52,Mundali_Barrage_Cuttack,Mahanadi,583.61,1437.23,21.49,26.5,27.5,29.2,22.717863193475367,4.03,0.0,4.030000000000057,4.029999999999943,21.58,-0.08999999999999986,1533.3800000000122,635.5300000000018,5.360000000000014,0,21.46,0
2023-12-05,0.0,41.48,31.28,1008.47,11.29,60.07,Mundali_Barrage_Cuttack,Mahanadi,562.84,1498.85,21.46,26.5,27.5,29.2,19.310183714454062,0.0,4.03,4.030000000000057,4.029999999999943,21.49,-0.029999999999997584,1601.520000000012,573.2250000000018,4.779999999999973,0,21.46,0
2023-12-06,0.0,38.68,29.31,1009.46,16.17,52.14,Mundali_Barrage_Cuttack,Mahanadi,500.74,1410.5,21.46,26.5,27.5,29.2,16.413656157285953,0.0,0.0,0.0,4.029999999999943,21.46,0.0,1448.8600000000122,531.7900000000018,3.7899999999999636,0,21.56,0
2023-12-07,4.42,37.55,28.3,1008.34,12.23,50.42,Mundali_Barrage_Cuttack,Mahanadi,642.13,2097.99,21.56,26.5,27.5,29.2,18.37160773369306,0.0,0.0,4.420000000000057,8.449999999999942,21.46,0.09999999999999787,1669.1133333333453,571.4350000000018,4.909999999999968,0,21.6,0
2023-12-08,0.0,40.05,31.82,1007.74,10.02,61.73,Mundali_Barrage_Cuttack,Mahanadi,587.11,1657.03,21.6,26.5,27.5,29.2,15.615866573639101,4.42,0.0,4.420000000000057,8.449999999999942,21.56,0.0400000000000027,1721.840000000012,614.6200000000018,5.509999999999991,0,21.52,0
2023-12-09,0.0,41.69,35.0,1009.66,10.17,59.55,Mundali_Barrage_Cuttack,Mahanadi,486.72,1483.32,21.52,26.5,27.5,29.2,13.273486587593236,0.0,4.42,4.420000000000057,8.449999999999942,21.6,-0.08000000000000185,1746.1133333333455,536.9150000000018,3.590000000000032,0,21.56,0
2023-12-10,1.34,37.32,27.09,1004.2,11.02,49.69,Mundali_Barrage_Cuttack,Mahanadi,638.75,2101.38,21.56,26.5,27.5,29.2,12.622463599454251,0.0,0.0,1.340000000000057,5.759999999999943,21.52,0.03999999999999915,1747.2433333333454,562.7350000000018,9.049999999999955,0,21.67,0
2023-12-11,2.9,35.85,25.62,1009.12,8.9,67.67,Mundali_Barrage_Cuttack,Mahanadi,624.93,1912.52,21.67,26.5,27.5,29.2,13.629094059536113,1.34,0.0,4.240000000000057,8.659999999999943,21.56,0.11000000000000298,1832.4066666666788,631.8400000000017,4.1299999999999955,0,21.6,0
2023-12-12,0.0,42.44,34.71,1009.81,13.68,54.44,Mundali_Barrage_Cuttack,Mahanadi,444.67,1400.09,21.6,26.5,27.5,29.2,11.584729950605697,2.9,1.34,4.240000000000057,8.659999999999943,21.67,-0.07000000000000028,1804.6633333333455,534.8000000000018,3.4400000000000546,0,21.53,0
2023-12-13,0.0,39.04,32.02,1009.5,15.98,57.55,Mundali_Barrage_Cuttack,Mahanadi,447.37,1463.67,21.53,26.5,27.5,29.2,9.847020458014843,0.0,2.9,2.9000000000000568,8.659999999999943,21.6,-0.07000000000000028,1592.0933333333453,446.0200000000018,3.75,0,21.5,0
2023-12-14,0.0,41.49,35.4,1008.45,12.91,55.89,Mundali_Barrage_Cuttack,Mahanadi,577.5,1479.34,21.5,26.5,27.5,29.2,8.369967389312617,0.0,0.0,0.0,4.239999999999943,21.53,-0.030000000000001137,1447.7000000000123,512.4350000000018,4.7999999999999545,0,21.4,0
2023-12-15,0.0,35.48,24.26,1007.58,12.6,49.79,Mundali_Barrage_Cuttack,Mahanadi,409.7,1460.09,21.4,26.5,27.5,29.2,7.114472280915724,0.0,0.0,0.0,4.239999999999943,21.5,-0.10000000000000142,1467.7000000000119,493.6000000000017,5.669999999999959,0,21.49,0
2023-12-16,0.0,38.54,29.02,1009.15,13.52,53.6,Mundali_Barrage_Cuttack,Mahanadi,516.84,1681.38,21.49,26.5,27.5,29.2,6.047301438778365,0.0,0.0,0.0,4.239999999999943,21.4,0.08999999999999986,1540.270000000012,463.2700000000018,4.100000000000023,0,21.43,0
2023-12-17,0.95,38.5,29.13,1009.22,9.95,43.69,Mundali_Barrage_Cuttack,Mahanadi,432.31,1395.77,21.43,26.5,27.5,29.2,6.09020622296161,0.0,0.0,0.9500000000000564,3.8499999999999437,21.49,-0.05999999999999872,1512.4133333333455,474.57500000000175,4.029999999999973,0,21.39,0
2023-12-18,0.0,40.92,32.4,1005.82,13.95,51.39,Mundali_Barrage_Cuttack,Mahanadi,430.97,1391.75,21.39,26.5,27.5,29.2,5.176675289517369,0.95,0.0,0.9500000000000564,0.9499999999999431,21.43,-0.03999999999999915,1489.6333333333453,431.6400000000018,7.42999999999995,0,21.46,0
2023-12-19,0.0,39.93,29.58,1007.12,10.34,67.49,Mundali_Barrage_Cuttack,Mahanadi,563.07,1639.45,21.46,26.5,27.5,29.2,4.400173996089763,0.0,0.95,0.9500000000000564,0.9499999999999431,21.39,0.07000000000000028,1475.6566666666786,497.0200000000019,6.1299999999999955,0,21.49,0
2023-12-20,0.0,40.29,29.41,1008.87,12.14,65.56,Mundali_Barrage_Cuttack,Mahanadi,533.17,1357.43,21.49,26.5,27.5,29.2,3.7401478966762984,0.0,0.0,0.0,0.9499999999999431,21.46,0.029999999999997584,1462.8766666666788,548.1200000000019,4.3799999999999955,0,21.45,0
2023-12-21,0.0,40.14,31.81,1007.43,12.58,51.74,Mundali_Barrage_Cuttack,Mahanadi,598.6,1498.1,21.45,26.5,27.5,29.2,3.1791257121748537,0.0,0.0,0.0,0.9499999999999431,21.49,-0.03999999999999915,1498.3266666666789,565.8850000000018,5.82000000000005,0,21.51,0
2023-12-22,0.0,40.49,31.36,1003.85,17.85,69.27,Mundali_Barrage_Cuttack,Mahanadi,457.78,1474.94,21.51,26.5,27.5,29.2,2.7022568553486255,0.0,0.0,0.0,0.9499999999999431,21.45,0.060000000000002274,1443.4900000000123,528.1900000000019,9.399999999999977,0,21.5,0
2023-12-23,0.0,36.8,25.43,1008.98,13.72,55.91,Mundali_Barrage_Cuttack,Mahanadi,504.01,1432.75,21.5,26.5,27.5,29.2,2.2969183270463316,0.0,0.0,0.0,0.9499999999999431,21.51,-0.010000000000001563,1468.5966666666789,480.89500000000186,4.269999999999982,0,21.48,0
2023-12-24,0.0,39.53,28.2,1007.26,13.35,60.69,Mundali_Barrage_Cuttack,Mahanadi,466.75,1394.96,21.48,26.5,27.5,29.2,1.9523805779893817,0.0,0.0,0.0,0.0,21.5,-0.019999999999999574,1434.216666666679,485.38000000000187,5.990000000000009,0,21.49,0
2023-12-25,0.0,37.61,25.64,1010.3,17.89,54.6,Mundali_Barrage_Cuttack,Mahanadi,589.19,1685.56,21.49,26.5,27.5,29.2,1.6595234912909744,0.0,0.0,0.0,0.0,21.48,0.00999999999999801,1504.4233333333452,527.9700000000018,2.9500000000000455,0,21.56,0
2023-12-26,0.0,37.94,26.24,1008.75,17.71,53.71,Mundali_Barrage_Cuttack,Mahanadi,467.36,1385.88,21.56,26.5,27.5,29.2,1.4105949675973282,0.0,0.0,0.0,0.0,21.49,0.07000000000000028,1488.800000000012,528.2750000000019,4.5,0,21.53,0
2023-12-27,0.0,39.42,32.16,1009.15,13.09,58.1,Mundali_Barrage_Cuttack,Mahanadi,525.36,1561.19,21.53,26.5,27.5,29.2,1.1990057224577289,0.0,0.0,0.0,0.0,21.56,-0.029999999999997584,1544.210000000012,496.3600000000019,4.100000000000023,0,21.5,0
2023-12-28,0.0,35.82,27.67,1007.57,12.34,52.13,Mundali_Barrage_Cuttack,Mahanadi,538.42,1552.75,21.5,26.5,27.5,29.2,1.0191548640890695,0.0,0.0,0.0,0.0,21.53,-0.030000000000001137,1499.9400000000123,531.8900000000019,5.67999999999995,0,21.47,0
2023-12-29,1.68,38.8,27.45,1009.95,18.67,60.61,Mundali_Barrage_Cuttack,Mahanadi,509.21,1475.6,21.47,26.5,27.5,29.2,2.546281634475709,0.0,0.0,1.6800000000000563,1.679999999999943,21.5,-0.030000000000001137,1529.8466666666789,523.8150000000019,3.2999999999999545,0,21.41,0
