date,station_name,river_basin,upstream_dam_outflow_cumec,discharge_cumec,water_level_m,warning_level_m,danger_level_m,highest_flood_level_m
2019-01-01,Mundali_Barrage_Cuttack,Mahanadi,449.05,1490.0,21.2,26.5,27.5,29.2
2019-01-02,Mundali_Barrage_Cuttack,Mahanadi,825.53,2574.06,21.42,26.5,27.5,29.2
2019-01-03,Mundali_Barrage_Cuttack,Mahanadi,540.97,1567.18,21.39,26.5,27.5,29.2
2019-01-04,Mundali_Barrage_Cuttack,Mahanadi,416.82,1326.67,21.32,26.5,27.5,29.2
2019-01-05,Mundali_Barrage_Cuttack,Mahanadi,600.91,1722.15,21.38,26.5,27.5,29.2
2019-01-06,Mundali_Barrage_Cuttack,Mahanadi,492.19,1462.05,21.37,26.5,27.5,29.2
2019-01-07,Mundali_Barrage_Cuttack,Mahanadi,740.93,2343.81,21.62,26.5,27.5,29.2
2019-01-08,Mundali_Barrage_Cuttack,Mahanadi,555.19,1423.69,21.58,26.5,27.5,29.2
2019-01-09,Mundali_Barrage_Cuttack,Mahanadi,531.27,1991.23,21.7,26.5,27.5,29.2
2019-01-10,Mundali_Barrage_Cuttack,Mahanadi,597.38,1544.26,21.67,26.5,27.5,29.2
2019-01-11,Mundali_Barrage_Cuttack,Mahanadi,502.22,1406.72,21.56,26.5,27.5,29.2
2019-01-12,Mundali_Barrage_Cuttack,Mahanadi,521.22,1608.95,21.49,26.5,27.5,29.2
2019-01-13,Mundali_Barrage_Cuttack,Mahanadi,592.32,1602.91,21.49,26.5,27.5,29.2
2019-01-14,Mundali_Barrage_Cuttack,Mahanadi,474.49,1122.46,21.41,26.5,27.5,29.2
2019-01-15,Mundali_Barrage_Cuttack,Mahanadi,635.78,2120.65,21.46,26.5,27.5,29.2
2019-01-16,Mundali_Barrage_Cuttack,Mahanadi,437.27,1231.78,21.41,26.5,27.5,29.2
2019-01-17,Mundali_Barrage_Cuttack,Mahanadi,491.3,1311.36,21.34,26.5,27.5,29.2
2019-01-18,Mundali_Barrage_Cuttack,Mahanadi,418.86,1389.64,21.36,26.5,27.5,29.2
2019-01-19,Mundali_Barrage_Cuttack,Mahanadi,465.77,1541.51,21.42,26.5,27.5,29.2
2019-01-20,Mundali_Barrage_Cuttack,Mahanadi,415.13,1380.73,21.42,26.5,27.5,29.2
2019-01-21,Mundali_Barrage_Cuttack,Mahanadi,604.32,1777.09,21.5,26.5,27.5,29.2
2019-01-22,Mundali_Barrage_Cuttack,Mahanadi,552.1,1638.6,21.5,26.5,27.5,29.2
2019-01-23,Mundali_Barrage_Cuttack,Mahanadi,568.01,1615.36,21.55,26.5,27.5,29.2
2019-01-24,Mundali_Barrage_Cuttack,Mahanadi,460.92,1148.8,21.52,26.5,27.5,29.2
2019-01-25,Mundali_Barrage_Cuttack,Mahanadi,429.83,1411.18,21.5,26.5,27.5,29.2
2019-01-26,Mundali_Barrage_Cuttack,Mahanadi,562.9,1335.6,21.54,26.5,27.5,29.2
2019-01-27,Mundali_Barrage_Cuttack,Mahanadi,460.81,1433.49,21.47,26.5,27.5,29.2
2019-01-28,Mundali_Barrage_Cuttack,Mahanadi,500.81,1569.53,21.47,26.5,27.5,29.2
2019-01-29,Mundali_Barrage_Cuttack,Mahanadi,419.52,1368.83,21.43,26.5,27.5,29.2
2019-01-30,Mundali_Barrage_Cuttack,Mahanadi,412.62,1358.87,21.5,26.5,27.5,29.2
2019-01-31,Mundali_Barrage_Cuttack,Mahanadi,405.81,1344.35,21.44,26.5,27.5,29.2
2019-02-01,Mundali_Barrage_Cuttack,Mahanadi,561.22,1794.97,21.37,26.5,27.5,29.2
2019-02-02,Mundali_Barrage_Cuttack,Mahanadi,559.97,1326.77,21.41,26.5,27.5,29.2
2019-02-03,Mundali_Barrage_Cuttack,Mahanadi,522.61,1687.81,21.49,26.5,27.5,29.2
2019-02-04,Mundali_Barrage_Cuttack,Mahanadi,524.17,1489.43,21.51,26.5,27.5,29.2
2019-02-05,Mundali_Barrage_Cuttack,Mahanadi,534.39,1458.42,21.44,26.5,27.5,29.2
2019-02-06,Mundali_Barrage_Cuttack,Mahanadi,553.88,1390.82,21.44,26.5,27.5,29.2
2019-02-07,Mundali_Barrage_Cuttack,Mahanadi,599.17,1778.43,21.43,26.5,27.5,29.2
2019-02-08,Mundali_Barrage_Cuttack,Mahanadi,488.42,1241.5,21.48,26.5,27.5,29.2
2019-02-09,Mundali_Barrage_Cuttack,Mahanadi,511.61,1424.24,21.45,26.5,27.5,29.2
2019-02-10,Mundali_Barrage_Cuttack,Mahanadi,621.73,1589.8,21.38,26.5,27.5,29.2
2019-02-11,Mundali_Barrage_Cuttack,Mahanadi,578.81,2017.96,21.45,26.5,27.5,29.2
2019-02-12,Mundali_Barrage_Cuttack,Mahanadi,593.1,1647.66,21.47,26.5,27.5,29.2
2019-02-13,Mundali_Barrage_Cuttack,Mahanadi,474.47,1239.18,21.41,26.5,27.5,29.2
2019-02-14,Mundali_Barrage_Cuttack,Mahanadi,422.86,1477.37,21.46,26.5,27.5,29.2
2019-02-15,Mundali_Barrage_Cuttack,Mahanadi,593.8,1461.82,21.5,26.5,27.5,29.2
2019-02-16,Mundali_Barrage_Cuttack,Mahanadi,408.02,1421.2,21.46,26.5,27.5,29.2
2019-02-17,Mundali_Barrage_Cuttack,Mahanadi,517.02,1517.95,21.45,26.5,27.5,29.2
2019-02-18,Mundali_Barrage_Cuttack,Mahanadi,664.67,1918.85,21.38,26.5,27.5,29.2
2019-02-19,Mundali_Barrage_Cuttack,Mahanadi,582.96,1516.21,21.41,26.5,27.5,29.2
2019-02-20,Mundali_Barrage_Cuttack,Mahanadi,482.38,1403.22,21.38,26.5,27.5,29.2
2019-02-21,Mundali_Barrage_Cuttack,Mahanadi,407.99,1262.33,21.41,26.5,27.5,29.2
2019-02-22,Mundali_Barrage_Cuttack,Mahanadi,465.66,1462.37,21.45,26.5,27.5,29.2
2019-02-23,Mundali_Barrage_Cuttack,Mahanadi,443.81,1404.66,21.42,26.5,27.5,29.2
2019-02-24,Mundali_Barrage_Cuttack,Mahanadi,478.14,1374.39,21.5,26.5,27.5,29.2
2019-02-25,Mundali_Barrage_Cuttack,Mahanadi,645.9,2353.63,21.58,26.5,27.5,29.2
2019-02-26,Mundali_Barrage_Cuttack,Mahanadi,580.44,1559.74,21.51,26.5,27.5,29.2
2019-02-27,Mundali_Barrage_Cuttack,Mahanadi,406.57,1480.2,21.48,26.5,27.5,29.2
2019-02-28,Mundali_Barrage_Cuttack,Mahanadi,472.32,1441.65,21.5,26.5,27.5,29.2
2019-03-01,Mundali_Barrage_Cuttack,Mahanadi,716.13,2016.07,21.57,26.5,27.5,29.2
2019-03-02,Mundali_Barrage_Cuttack,Mahanadi,446.23,1207.08,21.48,26.5,27.5,29.2
2019-03-03,Mundali_Barrage_Cuttack,Mahanadi,498.98,1538.29,21.47,26.5,27.5,29.2
2019-03-04,Mundali_Barrage_Cuttack,Mahanadi,496.05,1429.36,21.48,26.5,27.5,29.2
2019-03-05,Mundali_Barrage_Cuttack,Mahanadi,499.21,1283.35,21.36,26.5,27.5,29.2
2019-03-06,Mundali_Barrage_Cuttack,Mahanadi,532.76,1626.11,21.48,26.5,27.5,29.2
2019-03-07,Mundali_Barrage_Cuttack,Mahanadi,504.74,1688.37,21.49,26.5,27.5,29.2
2019-03-08,Mundali_Barrage_Cuttack,Mahanadi,430.23,1151.5,21.47,26.5,27.5,29.2
2019-03-09,Mundali_Barrage_Cuttack,Mahanadi,848.28,2456.47,21.54,26.5,27.5,29.2
2019-03-10,Mundali_Barrage_Cuttack,Mahanadi,519.64,1388.29,21.45,26.5,27.5,29.2
2019-03-11,Mundali_Barrage_Cuttack,Mahanadi,483.33,1483.72,21.34,26.5,27.5,29.2
2019-03-12,Mundali_Barrage_Cuttack,Mahanadi,519.93,1763.5,21.45,26.5,27.5,29.2
2019-03-13,Mundali_Barrage_Cuttack,Mahanadi,461.55,1452.38,21.42,26.5,27.5,29.2
2019-03-14,Mundali_Barrage_Cuttack,Mahanadi,570.16,1454.6,21.35,26.5,27.5,29.2
2019-03-15,Mundali_Barrage_Cuttack,Mahanadi,499.71,1760.58,21.44,26.5,27.5,29.2
2019-03-16,Mundali_Barrage_Cuttack,Mahanadi,408.32,1294.41,21.43,26.5,27.5,29.2
2019-03-17,Mundali_Barrage_Cuttack,Mahanadi,493.66,1413.41,21.49,26.5,27.5,29.2
2019-03-18,Mundali_Barrage_Cuttack,Mahanadi,429.82,1289.1,21.53,26.5,27.5,29.2
2019-03-19,Mundali_Barrage_Cuttack,Mahanadi,436.77,1375.46,21.53,26.5,27.5,29.2
2019-03-20,Mundali_Barrage_Cuttack,Mahanadi,570.47,1349.8,21.42,26.5,27.5,29.2
2019-03-21,Mundali_Barrage_Cuttack,Mahanadi,607.31,1445.05,21.43,26.5,27.5,29.2
2019-03-22,Mundali_Barrage_Cuttack,Mahanadi,443.93,1288.2,21.42,26.5,27.5,29.2
2019-03-23,Mundali_Barrage_Cuttack,Mahanadi,502.11,1690.41,21.43,26.5,27.5,29.2
2019-03-24,Mundali_Barrage_Cuttack,Mahanadi,591.59,1768.59,21.49,26.5,27.5,29.2
2019-03-25,Mundali_Barrage_Cuttack,Mahanadi,546.77,1394.36,21.62,26.5,27.5,29.2
2019-03-26,Mundali_Barrage_Cuttack,Mahanadi,567.01,1465.79,21.52,26.5,27.5,29.2
2019-03-27,Mundali_Barrage_Cuttack,Mahanadi,417.8,1478.44,21.46,26.5,27.5,29.2
2019-03-28,Mundali_Barrage_Cuttack,Mahanadi,570.58,1630.53,21.54,26.5,27.5,29.2
2019-03-29,Mundali_Barrage_Cuttack,Mahanadi,502.79,1332.99,21.57,26.5,27.5,29.2
2019-03-30,Mundali_Barrage_Cuttack,Mahanadi,568.26,1716.49,21.61,26.5,27.5,29.2
2019-03-31,Mundali_Barrage_Cuttack,Mahanadi,507.19,1411.33,21.57,26.5,27.5,29.2
2019-04-01,Mundali_Barrage_Cuttack,Mahanadi,476.23,1413.09,21.6,26.5,27.5,29.2
2019-04-02,Mundali_Barrage_Cuttack,Mahanadi,577.84,1365.96,21.46,26.5,27.5,29.2
2019-04-03,Mundali_Barrage_Cuttack,Mahanadi,577.75,1748.52,21.33,26.5,27.5,29.2
2019-04-04,Mundali_Barrage_Cuttack,Mahanadi,466.55,1540.38,21.31,26.5,27.5,29.2
2019-04-05,Mundali_Barrage_Cuttack,Mahanadi,423.97,1394.66,21.37,26.5,27.5,29.2
2019-04-06,Mundali_Barrage_Cuttack,Mahanadi,438.15,1496.88,21.49,26.5,27.5,29.2
2019-04-07,Mundali_Barrage_Cuttack,Mahanadi,441.71,1292.48,21.37,26.5,27.5,29.2
2019-04-08,Mundali_Barrage_Cuttack,Mahanadi,539.85,1577.9,21.52,26.5,27.5,29.2
2019-04-09,Mundali_Barrage_Cuttack,Mahanadi,553.68,1613.68,21.58,26.5,27.5,29.2
2019-04-10,Mundali_Barrage_Cuttack,Mahanadi,557.4,1642.83,21.54,26.5,27.5,29.2
2019-04-11,Mundali_Barrage_Cuttack,Mahanadi,522.98,1507.79,21.58,26.5,27.5,29.2
2019-04-12,Mundali_Barrage_Cuttack,Mahanadi,443.69,1051.35,21.52,26.5,27.5,29.2
2019-04-13,Mundali_Barrage_Cuttack,Mahanadi,539.5,1689.31,21.52,26.5,27.5,29.2
2019-04-14,Mundali_Barrage_Cuttack,Mahanadi,654.11,1808.97,21.58,26.5,27.5,29.2
2019-04-15,Mundali_Barrage_Cuttack,Mahanadi,596.85,1640.43,21.58,26.5,27.5,29.2
2019-04-16,Mundali_Barrage_Cuttack,Mahanadi,466.04,1238.1,21.51,26.5,27.5,29.2
2019-04-17,Mundali_Barrage_Cuttack,Mahanadi,527.2,1563.03,21.44,26.5,27.5,29.2
2019-04-18,Mundali_Barrage_Cuttack,Mahanadi,529.74,1483.77,21.32,26.5,27.5,29.2
2019-04-19,Mundali_Barrage_Cuttack,Mahanadi,575.13,1575.39,21.36,26.5,27.5,29.2
2019-04-20,Mundali_Barrage_Cuttack,Mahanadi,434.15,1287.77,21.45,26.5,27.5,29.2
2019-04-21,Mundali_Barrage_Cuttack,Mahanadi,574.5,1483.88,21.45,26.5,27.5,29.2
2019-04-22,Mundali_Barrage_Cuttack,Mahanadi,543.34,1537.08,21.44,26.5,27.5,29.2
2019-04-23,Mundali_Barrage_Cuttack,Mahanadi,433.62,1546.11,21.41,26.5,27.5,29.2
2019-04-24,Mundali_Barrage_Cuttack,Mahanadi,590.85,1732.59,21.43,26.5,27.5,29.2
2019-04-25,Mundali_Barrage_Cuttack,Mahanadi,438.16,1452.92,21.49,26.5,27.5,29.2
2019-04-26,Mundali_Barrage_Cuttack,Mahanadi,520.15,1581.79,21.48,26.5,27.5,29.2
2019-04-27,Mundali_Barrage_Cuttack,Mahanadi,476.59,1504.25,21.41,26.5,27.5,29.2
2019-04-28,Mundali_Barrage_Cuttack,Mahanadi,601.6,1592.9,21.42,26.5,27.5,29.2
2019-04-29,Mundali_Barrage_Cuttack,Mahanadi,514.73,1471.04,21.47,26.5,27.5,29.2
2019-04-30,Mundali_Barrage_Cuttack,Mahanadi,508.74,1201.04,21.42,26.5,27.5,29.2
2019-05-01,Mundali_Barrage_Cuttack,Mahanadi,8903.89,21584.35,23.94,26.5,27.5,29.2
2019-05-02,Mundali_Barrage_Cuttack,Mahanadi,469.56,1266.07,23.05,26.5,27.5,29.2
2019-05-03,Mundali_Barrage_Cuttack,Mahanadi,586.53,1734.11,22.43,26.5,27.5,29.2
2019-05-04,Mundali_Barrage_Cuttack,Mahanadi,419.14,1152.65,22.02,26.5,27.5,29.2
2019-05-05,Mundali_Barrage_Cuttack,Mahanadi,583.1,1595.78,21.89,26.5,27.5,29.2
2019-05-06,Mundali_Barrage_Cuttack,Mahanadi,504.07,1526.93,21.69,26.5,27.5,29.2
2019-05-07,Mundali_Barrage_Cuttack,Mahanadi,508.29,1581.41,21.6,26.5,27.5,29.2
2019-05-08,Mundali_Barrage_Cuttack,Mahanadi,518.74,1427.19,21.61,26.5,27.5,29.2
2019-05-09,Mundali_Barrage_Cuttack,Mahanadi,422.68,1128.64,21.4,26.5,27.5,29.2
2019-05-10,Mundali_Barrage_Cuttack,Mahanadi,510.19,1352.43,21.37,26.5,27.5,29.2
2019-05-11,Mundali_Barrage_Cuttack,Mahanadi,505.36,1100.15,21.43,26.5,27.5,29.2
2019-05-12,Mundali_Barrage_Cuttack,Mahanadi,554.38,1884.62,21.5,26.5,27.5,29.2
2019-05-13,Mundali_Barrage_Cuttack,Mahanadi,22458.92,43657.98,26.55,26.5,27.5,29.2
2019-05-14,Mundali_Barrage_Cuttack,Mahanadi,470.63,1466.9,24.76,26.5,27.5,29.2
2019-05-15,Mundali_Barrage_Cuttack,Mahanadi,439.86,1359.36,23.65,26.5,27.5,29.2
2019-05-16,Mundali_Barrage_Cuttack,Mahanadi,502.84,1530.18,22.92,26.5,27.5,29.2
2019-05-17,Mundali_Barrage_Cuttack,Mahanadi,453.03,1386.63,22.38,26.5,27.5,29.2
2019-05-18,Mundali_Barrage_Cuttack,Mahanadi,571.78,1574.51,22.11,26.5,27.5,29.2
2019-05-19,Mundali_Barrage_Cuttack,Mahanadi,557.02,1816.49,21.97,26.5,27.5,29.2
2019-05-20,Mundali_Barrage_Cuttack,Mahanadi,536.13,1254.36,21.73,26.5,27.5,29.2
2019-05-21,Mundali_Barrage_Cuttack,Mahanadi,525.91,1322.49,21.65,26.5,27.5,29.2
2019-05-22,Mundali_Barrage_Cuttack,Mahanadi,567.39,1405.33,21.54,26.5,27.5,29.2
2019-05-23,Mundali_Barrage_Cuttack,Mahanadi,481.28,1161.76,21.5,26.5,27.5,29.2
2019-05-24,Mundali_Barrage_Cuttack,Mahanadi,565.61,1520.66,21.4,26.5,27.5,29.2
2019-05-25,Mundali_Barrage_Cuttack,Mahanadi,500.25,1525.84,21.34,26.5,27.5,29.2
2019-05-26,Mundali_Barrage_Cuttack,Mahanadi,602.06,1575.85,21.36,26.5,27.5,29.2
2019-05-27,Mundali_Barrage_Cuttack,Mahanadi,530.29,1515.74,21.43,26.5,27.5,29.2
2019-05-28,Mundali_Barrage_Cuttack,Mahanadi,400.26,1154.72,21.35,26.5,27.5,29.2
2019-05-29,Mundali_Barrage_Cuttack,Mahanadi,517.99,1581.65,21.34,26.5,27.5,29.2
2019-05-30,Mundali_Barrage_Cuttack,Mahanadi,538.49,1677.47,21.43,26.5,27.5,29.2
2019-05-31,Mundali_Barrage_Cuttack,Mahanadi,490.4,1643.86,21.46,26.5,27.5,29.2
2019-06-01,Mundali_Barrage_Cuttack,Mahanadi,2182.04,8074.89,22.45,26.5,27.5,29.2
2019-06-02,Mundali_Barrage_Cuttack,Mahanadi,628.75,1904.42,22.19,26.5,27.5,29.2
2019-06-03,Mundali_Barrage_Cuttack,Mahanadi,1898.72,6989.89,22.62,26.5,27.5,29.2
2019-06-04,Mundali_Barrage_Cuttack,Mahanadi,1285.47,4910.92,22.69,26.5,27.5,29.2
2019-06-05,Mundali_Barrage_Cuttack,Mahanadi,1211.92,3871.92,22.67,26.5,27.5,29.2
2019-06-06,Mundali_Barrage_Cuttack,Mahanadi,868.01,2868.25,22.47,26.5,27.5,29.2
2019-06-07,Mundali_Barrage_Cuttack,Mahanadi,2163.03,8377.7,23.04,26.5,27.5,29.2
2019-06-08,Mundali_Barrage_Cuttack,Mahanadi,1466.51,5404.63,23.1,26.5,27.5,29.2
2019-06-09,Mundali_Barrage_Cuttack,Mahanadi,24117.83,46533.63,27.9,26.5,27.5,29.2
2019-06-10,Mundali_Barrage_Cuttack,Mahanadi,6176.18,15143.67,27.47,26.5,27.5,29.2
2019-06-11,Mundali_Barrage_Cuttack,Mahanadi,7410.46,15409.32,26.99,26.5,27.5,29.2
2019-06-12,Mundali_Barrage_Cuttack,Mahanadi,649.37,2232.1,25.19,26.5,27.5,29.2
2019-06-13,Mundali_Barrage_Cuttack,Mahanadi,27307.16,53189.89,30.15,26.5,27.5,29.2
2019-06-14,Mundali_Barrage_Cuttack,Mahanadi,703.94,1850.26,27.11,26.5,27.5,29.2
2019-06-15,Mundali_Barrage_Cuttack,Mahanadi,8700.85,19975.86,27.46,26.5,27.5,29.2
2019-06-16,Mundali_Barrage_Cuttack,Mahanadi,2145.98,7812.34,26.23,26.5,27.5,29.2
2019-06-17,Mundali_Barrage_Cuttack,Mahanadi,1210.35,4369.82,24.95,26.5,27.5,29.2
2019-06-18,Mundali_Barrage_Cuttack,Mahanadi,6633.06,17032.56,25.66,26.5,27.5,29.2
2019-06-19,Mundali_Barrage_Cuttack,Mahanadi,749.29,2336.91,24.14,26.5,27.5,29.2
2019-06-20,Mundali_Barrage_Cuttack,Mahanadi,1443.63,5426.46,23.73,26.5,27.5,29.2
2019-06-21,Mundali_Barrage_Cuttack,Mahanadi,1936.78,7222.76,23.78,26.5,27.5,29.2
2019-06-22,Mundali_Barrage_Cuttack,Mahanadi,2203.73,8306.87,23.87,26.5,27.5,29.2
2019-06-23,Mundali_Barrage_Cuttack,Mahanadi,1539.56,5660.48,23.68,26.5,27.5,29.2
2019-06-24,Mundali_Barrage_Cuttack,Mahanadi,2250.53,8417.33,24.0,26.5,27.5,29.2
2019-06-25,Mundali_Barrage_Cuttack,Mahanadi,1538.24,5682.8,23.72,26.5,27.5,29.2
2019-06-26,Mundali_Barrage_Cuttack,Mahanadi,1535.22,5599.56,23.48,26.5,27.5,29.2
2019-06-27,Mundali_Barrage_Cuttack,Mahanadi,1069.91,3420.49,23.08,26.5,27.5,29.2
2019-06-28,Mundali_Barrage_Cuttack,Mahanadi,564.33,1871.85,22.62,26.5,27.5,29.2
2019-06-29,Mundali_Barrage_Cuttack,Mahanadi,616.37,1557.81,22.22,26.5,27.5,29.2
2019-06-30,Mundali_Barrage_Cuttack,Mahanadi,1231.28,4416.55,22.34,26.5,27.5,29.2
2019-07-01,Mundali_Barrage_Cuttack,Mahanadi,1140.25,3711.95,22.3,26.5,27.5,29.2
2019-07-02,Mundali_Barrage_Cuttack,Mahanadi,23461.49,44039.24,27.05,26.5,27.5,29.2
2019-07-03,Mundali_Barrage_Cuttack,Mahanadi,502.19,1788.63,25.16,26.5,27.5,29.2
2019-07-04,Mundali_Barrage_Cuttack,Mahanadi,1501.21,5268.35,24.43,26.5,27.5,29.2
2019-07-05,Mundali_Barrage_Cuttack,Mahanadi,2179.58,8408.21,24.32,26.5,27.5,29.2
2019-07-06,Mundali_Barrage_Cuttack,Mahanadi,1383.41,4716.14,23.71,26.5,27.5,29.2
2019-07-07,Mundali_Barrage_Cuttack,Mahanadi,759.22,2051.05,22.96,26.5,27.5,29.2
2019-07-08,Mundali_Barrage_Cuttack,Mahanadi,1763.26,6288.0,23.09,26.5,27.5,29.2
2019-07-09,Mundali_Barrage_Cuttack,Mahanadi,1817.97,6868.6,23.22,26.5,27.5,29.2
2019-07-10,Mundali_Barrage_Cuttack,Mahanadi,513.71,1578.16,22.56,26.5,27.5,29.2
2019-07-11,Mundali_Barrage_Cuttack,Mahanadi,775.92,2294.44,22.22,26.5,27.5,29.2
2019-07-12,Mundali_Barrage_Cuttack,Mahanadi,2269.99,8409.14,22.85,26.5,27.5,29.2
2019-07-13,Mundali_Barrage_Cuttack,Mahanadi,1219.55,4426.25,22.79,26.5,27.5,29.2
2019-07-14,Mundali_Barrage_Cuttack,Mahanadi,33703.43,67068.99,30.2,26.5,27.5,29.2
2019-07-15,Mundali_Barrage_Cuttack,Mahanadi,788.13,2755.41,27.37,26.5,27.5,29.2
2019-07-16,Mundali_Barrage_Cuttack,Mahanadi,883.76,3164.1,25.51,26.5,27.5,29.2
2019-07-17,Mundali_Barrage_Cuttack,Mahanadi,545.02,2013.44,24.16,26.5,27.5,29.2
2019-07-18,Mundali_Barrage_Cuttack,Mahanadi,6469.45,15902.1,25.01,26.5,27.5,29.2
2019-07-19,Mundali_Barrage_Cuttack,Mahanadi,896.17,3176.51,24.14,26.5,27.5,29.2
2019-07-20,Mundali_Barrage_Cuttack,Mahanadi,1893.23,7131.46,23.99,26.5,27.5,29.2
2019-07-21,Mundali_Barrage_Cuttack,Mahanadi,727.97,2164.3,23.25,26.5,27.5,29.2
2019-07-22,Mundali_Barrage_Cuttack,Mahanadi,1326.14,4706.5,23.01,26.5,27.5,29.2
2019-07-23,Mundali_Barrage_Cuttack,Mahanadi,577.78,1835.82,22.52,26.5,27.5,29.2
2019-07-24,Mundali_Barrage_Cuttack,Mahanadi,7851.86,18326.82,24.37,26.5,27.5,29.2
2019-07-25,Mundali_Barrage_Cuttack,Mahanadi,532.06,1718.76,23.39,26.5,27.5,29.2
2019-07-26,Mundali_Barrage_Cuttack,Mahanadi,737.65,2666.07,22.91,26.5,27.5,29.2
2019-07-27,Mundali_Barrage_Cuttack,Mahanadi,1255.36,4197.79,22.65,26.5,27.5,29.2
2019-07-28,Mundali_Barrage_Cuttack,Mahanadi,1076.57,3687.52,22.4,26.5,27.5,29.2
2019-07-29,Mundali_Barrage_Cuttack,Mahanadi,22722.09,41387.41,26.87,26.5,27.5,29.2
2019-07-30,Mundali_Barrage_Cuttack,Mahanadi,1610.96,5743.11,25.52,26.5,27.5,29.2
2019-07-31,Mundali_Barrage_Cuttack,Mahanadi,576.23,1805.24,24.16,26.5,27.5,29.2
2019-08-01,Mundali_Barrage_Cuttack,Mahanadi,1025.8,3746.82,23.58,26.5,27.5,29.2
2019-08-02,Mundali_Barrage_Cuttack,Mahanadi,951.07,3170.47,23.01,26.5,27.5,29.2
2019-08-03,Mundali_Barrage_Cuttack,Mahanadi,880.47,3051.6,22.68,26.5,27.5,29.2
2019-08-04,Mundali_Barrage_Cuttack,Mahanadi,549.72,1803.82,22.28,26.5,27.5,29.2
2019-08-05,Mundali_Barrage_Cuttack,Mahanadi,1006.5,3521.75,22.29,26.5,27.5,29.2
2019-08-06,Mundali_Barrage_Cuttack,Mahanadi,11090.4,22863.12,24.53,26.5,27.5,29.2
2019-08-07,Mundali_Barrage_Cuttack,Mahanadi,610.2,2144.94,23.59,26.5,27.5,29.2
2019-08-08,Mundali_Barrage_Cuttack,Mahanadi,459.04,1441.36,22.83,26.5,27.5,29.2
2019-08-09,Mundali_Barrage_Cuttack,Mahanadi,587.19,1798.96,22.5,26.5,27.5,29.2
2019-08-10,Mundali_Barrage_Cuttack,Mahanadi,1889.44,6974.25,22.85,26.5,27.5,29.2
2019-08-11,Mundali_Barrage_Cuttack,Mahanadi,9286.02,17788.15,24.25,26.5,27.5,29.2
2019-08-12,Mundali_Barrage_Cuttack,Mahanadi,24197.82,45796.01,28.54,26.5,27.5,29.2
2019-08-13,Mundali_Barrage_Cuttack,Mahanadi,1162.37,3738.41,26.37,26.5,27.5,29.2
2019-08-14,Mundali_Barrage_Cuttack,Mahanadi,20985.84,43603.74,29.8,26.5,27.5,29.2
2019-08-15,Mundali_Barrage_Cuttack,Mahanadi,858.78,3201.99,27.12,26.5,27.5,29.2
2019-08-16,Mundali_Barrage_Cuttack,Mahanadi,1555.46,5412.25,25.63,26.5,27.5,29.2
2019-08-17,Mundali_Barrage_Cuttack,Mahanadi,1368.3,4913.54,24.6,26.5,27.5,29.2
2019-08-18,Mundali_Barrage_Cuttack,Mahanadi,685.65,2142.3,23.56,26.5,27.5,29.2
2019-08-19,Mundali_Barrage_Cuttack,Mahanadi,10223.37,20023.27,25.02,26.5,27.5,29.2
2019-08-20,Mundali_Barrage_Cuttack,Mahanadi,685.71,2152.19,23.83,26.5,27.5,29.2
2019-08-21,Mundali_Barrage_Cuttack,Mahanadi,1345.1,4652.16,23.39,26.5,27.5,29.2
2019-08-22,Mundali_Barrage_Cuttack,Mahanadi,29542.61,57931.42,29.49,26.5,27.5,29.2
2019-08-23,Mundali_Barrage_Cuttack,Mahanadi,1754.97,6113.08,27.32,26.5,27.5,29.2
2019-08-24,Mundali_Barrage_Cuttack,Mahanadi,891.8,3114.65,25.44,26.5,27.5,29.2
2019-08-25,Mundali_Barrage_Cuttack,Mahanadi,1985.56,7076.27,24.89,26.5,27.5,29.2
2019-08-26,Mundali_Barrage_Cuttack,Mahanadi,1798.29,6545.21,24.34,26.5,27.5,29.2
2019-08-27,Mundali_Barrage_Cuttack,Mahanadi,1657.66,6157.63,23.95,26.5,27.5,29.2
2019-08-28,Mundali_Barrage_Cuttack,Mahanadi,1199.19,4135.63,23.48,26.5,27.5,29.2
2019-08-29,Mundali_Barrage_Cuttack,Mahanadi,1669.39,6368.52,23.29,26.5,27.5,29.2
2019-08-30,Mundali_Barrage_Cuttack,Mahanadi,1841.97,6514.35,23.34,26.5,27.5,29.2
2019-08-31,Mundali_Barrage_Cuttack,Mahanadi,1718.19,6671.78,23.4,26.5,27.5,29.2
2019-09-01,Mundali_Barrage_Cuttack,Mahanadi,24180.73,44833.68,27.87,26.5,27.5,29.2
2019-09-02,Mundali_Barrage_Cuttack,Mahanadi,989.86,3098.42,25.79,26.5,27.5,29.2
2019-09-03,Mundali_Barrage_Cuttack,Mahanadi,18650.93,39987.66,28.98,26.5,27.5,29.2
2019-09-04,Mundali_Barrage_Cuttack,Mahanadi,767.07,2559.75,26.35,26.5,27.5,29.2
2019-09-05,Mundali_Barrage_Cuttack,Mahanadi,1476.02,5531.23,25.19,26.5,27.5,29.2
2019-09-06,Mundali_Barrage_Cuttack,Mahanadi,492.69,1503.6,23.85,26.5,27.5,29.2
2019-09-07,Mundali_Barrage_Cuttack,Mahanadi,909.01,3380.29,23.24,26.5,27.5,29.2
2019-09-08,Mundali_Barrage_Cuttack,Mahanadi,1295.07,4414.12,22.93,26.5,27.5,29.2
2019-09-09,Mundali_Barrage_Cuttack,Mahanadi,1140.58,3517.81,22.75,26.5,27.5,29.2
2019-09-10,Mundali_Barrage_Cuttack,Mahanadi,953.2,3033.44,22.5,26.5,27.5,29.2
2019-09-11,Mundali_Barrage_Cuttack,Mahanadi,704.61,2025.86,22.23,26.5,27.5,29.2
2019-09-12,Mundali_Barrage_Cuttack,Mahanadi,672.7,2366.12,22.13,26.5,27.5,29.2
2019-09-13,Mundali_Barrage_Cuttack,Mahanadi,22681.07,45263.86,27.2,26.5,27.5,29.2
2019-09-14,Mundali_Barrage_Cuttack,Mahanadi,1109.52,4004.0,25.46,26.5,27.5,29.2
2019-09-15,Mundali_Barrage_Cuttack,Mahanadi,758.57,2434.95,24.15,26.5,27.5,29.2
2019-09-16,Mundali_Barrage_Cuttack,Mahanadi,716.23,2166.0,23.23,26.5,27.5,29.2
2019-09-17,Mundali_Barrage_Cuttack,Mahanadi,2235.87,7970.42,23.49,26.5,27.5,29.2
2019-09-18,Mundali_Barrage_Cuttack,Mahanadi,1048.36,3823.89,22.99,26.5,27.5,29.2
2019-09-19,Mundali_Barrage_Cuttack,Mahanadi,541.73,1413.35,22.59,26.5,27.5,29.2
2019-09-20,Mundali_Barrage_Cuttack,Mahanadi,842.32,2510.21,22.3,26.5,27.5,29.2
2019-09-21,Mundali_Barrage_Cuttack,Mahanadi,2339.7,8704.17,22.95,26.5,27.5,29.2
2019-09-22,Mundali_Barrage_Cuttack,Mahanadi,5635.64,13289.31,23.92,26.5,27.5,29.2
2019-09-23,Mundali_Barrage_Cuttack,Mahanadi,1806.77,6591.73,23.75,26.5,27.5,29.2
2019-09-24,Mundali_Barrage_Cuttack,Mahanadi,1402.3,4952.85,23.39,26.5,27.5,29.2
2019-09-25,Mundali_Barrage_Cuttack,Mahanadi,1852.55,6884.43,23.46,26.5,27.5,29.2
2019-09-26,Mundali_Barrage_Cuttack,Mahanadi,653.36,2346.7,22.84,26.5,27.5,29.2
2019-09-27,Mundali_Barrage_Cuttack,Mahanadi,7241.18,17660.68,24.44,26.5,27.5,29.2
2019-09-28,Mundali_Barrage_Cuttack,Mahanadi,426.78,1579.46,23.37,26.5,27.5,29.2
2019-09-29,Mundali_Barrage_Cuttack,Mahanadi,649.34,1725.38,22.72,26.5,27.5,29.2
2019-09-30,Mundali_Barrage_Cuttack,Mahanadi,1978.21,7282.32,23.06,26.5,27.5,29.2
2019-10-01,Mundali_Barrage_Cuttack,Mahanadi,587.23,1815.25,22.41,26.5,27.5,29.2
2019-10-02,Mundali_Barrage_Cuttack,Mahanadi,548.42,1611.21,22.1,26.5,27.5,29.2
2019-10-03,Mundali_Barrage_Cuttack,Mahanadi,627.87,1919.23,21.98,26.5,27.5,29.2
2019-10-04,Mundali_Barrage_Cuttack,Mahanadi,538.28,1662.14,21.78,26.5,27.5,29.2
2019-10-05,Mundali_Barrage_Cuttack,Mahanadi,607.38,1747.38,21.63,26.5,27.5,29.2
2019-10-06,Mundali_Barrage_Cuttack,Mahanadi,478.43,1420.11,21.57,26.5,27.5,29.2
2019-10-07,Mundali_Barrage_Cuttack,Mahanadi,445.66,1610.89,21.48,26.5,27.5,29.2
2019-10-08,Mundali_Barrage_Cuttack,Mahanadi,29996.88,56518.35,28.03,26.5,27.5,29.2
2019-10-09,Mundali_Barrage_Cuttack,Mahanadi,404.33,1439.53,25.68,26.5,27.5,29.2
2019-10-10,Mundali_Barrage_Cuttack,Mahanadi,517.22,1578.11,24.25,26.5,27.5,29.2
2019-10-11,Mundali_Barrage_Cuttack,Mahanadi,410.12,1296.9,23.27,26.5,27.5,29.2
2019-10-12,Mundali_Barrage_Cuttack,Mahanadi,510.68,1307.18,22.64,26.5,27.5,29.2
2019-10-13,Mundali_Barrage_Cuttack,Mahanadi,21303.05,46355.26,27.81,26.5,27.5,29.2
2019-10-14,Mundali_Barrage_Cuttack,Mahanadi,539.84,1690.62,25.61,26.5,27.5,29.2
2019-10-15,Mundali_Barrage_Cuttack,Mahanadi,406.63,1294.61,24.04,26.5,27.5,29.2
2019-10-16,Mundali_Barrage_Cuttack,Mahanadi,415.32,1219.2,23.19,26.5,27.5,29.2
2019-10-17,Mundali_Barrage_Cuttack,Mahanadi,454.53,1337.14,22.62,26.5,27.5,29.2
2019-10-18,Mundali_Barrage_Cuttack,Mahanadi,512.84,1554.92,22.15,26.5,27.5,29.2
2019-10-19,Mundali_Barrage_Cuttack,Mahanadi,402.43,1656.23,21.92,26.5,27.5,29.2
2019-10-20,Mundali_Barrage_Cuttack,Mahanadi,583.64,1760.5,21.75,26.5,27.5,29.2
2019-10-21,Mundali_Barrage_Cuttack,Mahanadi,519.54,1450.33,21.68,26.5,27.5,29.2
2019-10-22,Mundali_Barrage_Cuttack,Mahanadi,463.82,1380.48,21.65,26.5,27.5,29.2
2019-10-23,Mundali_Barrage_Cuttack,Mahanadi,400.81,1135.39,21.52,26.5,27.5,29.2
2019-10-24,Mundali_Barrage_Cuttack,Mahanadi,561.18,1605.29,21.62,26.5,27.5,29.2
2019-10-25,Mundali_Barrage_Cuttack,Mahanadi,9773.65,21805.9,24.12,26.5,27.5,29.2
2019-10-26,Mundali_Barrage_Cuttack,Mahanadi,641.89,1869.17,23.23,26.5,27.5,29.2
2019-10-27,Mundali_Barrage_Cuttack,Mahanadi,521.74,1656.51,22.66,26.5,27.5,29.2
2019-10-28,Mundali_Barrage_Cuttack,Mahanadi,446.29,1346.91,22.13,26.5,27.5,29.2
2019-10-29,Mundali_Barrage_Cuttack,Mahanadi,579.57,1596.19,21.89,26.5,27.5,29.2
2019-10-30,Mundali_Barrage_Cuttack,Mahanadi,458.26,1108.31,21.64,26.5,27.5,29.2
2019-10-31,Mundali_Barrage_Cuttack,Mahanadi,560.44,1822.53,21.63,26.5,27.5,29.2
2019-11-01,Mundali_Barrage_Cuttack,Mahanadi,524.57,1513.1,21.56,26.5,27.5,29.2
2019-11-02,Mundali_Barrage_Cuttack,Mahanadi,439.16,1364.47,21.51,26.5,27.5,29.2
2019-11-03,Mundali_Barrage_Cuttack,Mahanadi,596.58,1561.74,21.44,26.5,27.5,29.2
2019-11-04,Mundali_Barrage_Cuttack,Mahanadi,25332.01,45845.13,26.73,26.5,27.5,29.2
2019-11-05,Mundali_Barrage_Cuttack,Mahanadi,538.4,1406.09,24.9,26.5,27.5,29.2
2019-11-06,Mundali_Barrage_Cuttack,Mahanadi,480.12,1093.02,23.64,26.5,27.5,29.2
2019-11-07,Mundali_Barrage_Cuttack,Mahanadi,495.92,1372.83,22.9,26.5,27.5,29.2
2019-11-08,Mundali_Barrage_Cuttack,Mahanadi,541.88,1520.35,22.43,26.5,27.5,29.2
2019-11-09,Mundali_Barrage_Cuttack,Mahanadi,570.59,1790.84,22.05,26.5,27.5,29.2
2019-11-10,Mundali_Barrage_Cuttack,Mahanadi,595.82,1808.32,21.91,26.5,27.5,29.2
2019-11-11,Mundali_Barrage_Cuttack,Mahanadi,489.06,1443.46,21.68,26.5,27.5,29.2
2019-11-12,Mundali_Barrage_Cuttack,Mahanadi,519.43,1169.87,21.54,26.5,27.5,29.2
2019-11-13,Mundali_Barrage_Cuttack,Mahanadi,493.56,1351.73,21.4,26.5,27.5,29.2
2019-11-14,Mundali_Barrage_Cuttack,Mahanadi,616.08,1757.6,21.48,26.5,27.5,29.2
2019-11-15,Mundali_Barrage_Cuttack,Mahanadi,597.73,1366.72,21.46,26.5,27.5,29.2
2019-11-16,Mundali_Barrage_Cuttack,Mahanadi,495.41,1521.07,21.56,26.5,27.5,29.2
2019-11-17,Mundali_Barrage_Cuttack,Mahanadi,534.41,1692.57,21.62,26.5,27.5,29.2
2019-11-18,Mundali_Barrage_Cuttack,Mahanadi,458.76,1464.34,21.61,26.5,27.5,29.2
2019-11-19,Mundali_Barrage_Cuttack,Mahanadi,579.65,1758.57,21.62,26.5,27.5,29.2
2019-11-20,Mundali_Barrage_Cuttack,Mahanadi,24704.48,46425.05,26.94,26.5,27.5,29.2
2019-11-21,Mundali_Barrage_Cuttack,Mahanadi,501.72,1482.36,25.0,26.5,27.5,29.2
2019-11-22,Mundali_Barrage_Cuttack,Mahanadi,509.3,1265.63,23.76,26.5,27.5,29.2
2019-11-23,Mundali_Barrage_Cuttack,Mahanadi,687.51,2277.23,23.11,26.5,27.5,29.2
2019-11-24,Mundali_Barrage_Cuttack,Mahanadi,563.01,1726.67,22.5,26.5,27.5,29.2
2019-11-25,Mundali_Barrage_Cuttack,Mahanadi,499.72,1484.03,22.06,26.5,27.5,29.2
2019-11-26,Mundali_Barrage_Cuttack,Mahanadi,27822.62,53696.18,28.12,26.5,27.5,29.2
2019-11-27,Mundali_Barrage_Cuttack,Mahanadi,432.91,1266.06,25.84,26.5,27.5,29.2
2019-11-28,Mundali_Barrage_Cuttack,Mahanadi,587.72,1705.52,24.35,26.5,27.5,29.2
2019-11-29,Mundali_Barrage_Cuttack,Mahanadi,640.17,1802.52,23.26,26.5,27.5,29.2
2019-11-30,Mundali_Barrage_Cuttack,Mahanadi,437.23,1513.43,22.59,26.5,27.5,29.2
2019-12-01,Mundali_Barrage_Cuttack,Mahanadi,612.4,1644.86,22.3,26.5,27.5,29.2
2019-12-02,Mundali_Barrage_Cuttack,Mahanadi,417.3,1319.02,21.96,26.5,27.5,29.2
2019-12-03,Mundali_Barrage_Cuttack,Mahanadi,492.76,1458.51,21.84,26.5,27.5,29.2
2019-12-04,Mundali_Barrage_Cuttack,Mahanadi,426.09,1451.28,21.75,26.5,27.5,29.2
2019-12-05,Mundali_Barrage_Cuttack,Mahanadi,505.49,1325.86,21.63,26.5,27.5,29.2
2019-12-06,Mundali_Barrage_Cuttack,Mahanadi,531.17,1558.45,21.56,26.5,27.5,29.2
2019-12-07,Mundali_Barrage_Cuttack,Mahanadi,456.87,1465.0,21.63,26.5,27.5,29.2
2019-12-08,Mundali_Barrage_Cuttack,Mahanadi,519.27,1222.44,21.5,26.5,27.5,29.2
2019-12-09,Mundali_Barrage_Cuttack,Mahanadi,409.71,1461.43,21.53,26.5,27.5,29.2
2019-12-10,Mundali_Barrage_Cuttack,Mahanadi,534.15,1303.55,21.52,26.5,27.5,29.2
2019-12-11,Mundali_Barrage_Cuttack,Mahanadi,404.47,1319.84,21.55,26.5,27.5,29.2
2019-12-12,Mundali_Barrage_Cuttack,Mahanadi,461.37,1566.58,21.49,26.5,27.5,29.2
2019-12-13,Mundali_Barrage_Cuttack,Mahanadi,583.74,1567.85,21.54,26.5,27.5,29.2
2019-12-14,Mundali_Barrage_Cuttack,Mahanadi,443.88,1286.34,21.52,26.5,27.5,29.2
2019-12-15,Mundali_Barrage_Cuttack,Mahanadi,578.54,1899.02,21.47,26.5,27.5,29.2
2019-12-16,Mundali_Barrage_Cuttack,Mahanadi,464.37,1379.54,21.39,26.5,27.5,29.2
2019-12-17,Mundali_Barrage_Cuttack,Mahanadi,575.38,1700.47,21.44,26.5,27.5,29.2
2019-12-18,Mundali_Barrage_Cuttack,Mahanadi,439.17,1411.92,21.38,26.5,27.5,29.2
2019-12-19,Mundali_Barrage_Cuttack,Mahanadi,492.67,1607.04,21.45,26.5,27.5,29.2
2019-12-20,Mundali_Barrage_Cuttack,Mahanadi,550.26,1494.4,21.48,26.5,27.5,29.2
2019-12-21,Mundali_Barrage_Cuttack,Mahanadi,441.28,1227.36,21.45,26.5,27.5,29.2
2019-12-22,Mundali_Barrage_Cuttack,Mahanadi,575.67,1793.51,21.43,26.5,27.5,29.2
2019-12-23,Mundali_Barrage_Cuttack,Mahanadi,422.24,1359.63,21.41,26.5,27.5,29.2
2019-12-24,Mundali_Barrage_Cuttack,Mahanadi,522.05,1625.37,21.51,26.5,27.5,29.2
2019-12-25,Mundali_Barrage_Cuttack,Mahanadi,422.86,1244.62,21.44,26.5,27.5,29.2
2019-12-26,Mundali_Barrage_Cuttack,Mahanadi,568.59,1422.38,21.47,26.5,27.5,29.2
2019-12-27,Mundali_Barrage_Cuttack,Mahanadi,468.26,1421.9,21.48,26.5,27.5,29.2
2019-12-28,Mundali_Barrage_Cuttack,Mahanadi,560.23,1402.5,21.43,26.5,27.5,29.2
2019-12-29,Mundali_Barrage_Cuttack,Mahanadi,744.58,2438.28,21.62,26.5,27.5,29.2
2019-12-30,Mundali_Barrage_Cuttack,Mahanadi,510.53,1708.94,21.61,26.5,27.5,29.2
2019-12-31,Mundali_Barrage_Cuttack,Mahanadi,454.0,1522.15,21.54,26.5,27.5,29.2
2020-01-01,Mundali_Barrage_Cuttack,Mahanadi,461.77,1674.3,21.55,26.5,27.5,29.2
2020-01-02,Mundali_Barrage_Cuttack,Mahanadi,599.98,1294.17,21.4,26.5,27.5,29.2
2020-01-03,Mundali_Barrage_Cuttack,Mahanadi,568.52,1632.49,21.48,26.5,27.5,29.2
2020-01-04,Mundali_Barrage_Cuttack,Mahanadi,492.65,1588.5,21.4,26.5,27.5,29.2
2020-01-05,Mundali_Barrage_Cuttack,Mahanadi,846.44,2444.1,21.42,26.5,27.5,29.2
2020-01-06,Mundali_Barrage_Cuttack,Mahanadi,595.52,1441.73,21.52,26.5,27.5,29.2
2020-01-07,Mundali_Barrage_Cuttack,Mahanadi,405.21,1194.19,21.47,26.5,27.5,29.2
2020-01-08,Mundali_Barrage_Cuttack,Mahanadi,566.89,1498.99,21.55,26.5,27.5,29.2
2020-01-09,Mundali_Barrage_Cuttack,Mahanadi,485.84,1385.9,21.53,26.5,27.5,29.2
2020-01-10,Mundali_Barrage_Cuttack,Mahanadi,449.8,1312.42,21.51,26.5,27.5,29.2
2020-01-11,Mundali_Barrage_Cuttack,Mahanadi,428.66,1248.01,21.51,26.5,27.5,29.2
2020-01-12,Mundali_Barrage_Cuttack,Mahanadi,545.82,1417.8,21.4,26.5,27.5,29.2
2020-01-13,Mundali_Barrage_Cuttack,Mahanadi,596.63,1477.12,21.35,26.5,27.5,29.2
2020-01-14,Mundali_Barrage_Cuttack,Mahanadi,460.22,1394.42,21.32,26.5,27.5,29.2
2020-01-15,Mundali_Barrage_Cuttack,Mahanadi,475.74,1557.11,21.4,26.5,27.5,29.2
2020-01-16,Mundali_Barrage_Cuttack,Mahanadi,508.85,1475.38,21.4,26.5,27.5,29.2
2020-01-17,Mundali_Barrage_Cuttack,Mahanadi,411.08,1565.42,21.48,26.5,27.5,29.2
2020-01-18,Mundali_Barrage_Cuttack,Mahanadi,439.55,1283.95,21.5,26.5,27.5,29.2
2020-01-19,Mundali_Barrage_Cuttack,Mahanadi,517.33,1434.67,21.51,26.5,27.5,29.2
2020-01-20,Mundali_Barrage_Cuttack,Mahanadi,564.01,1650.77,21.54,26.5,27.5,29.2
2020-01-21,Mundali_Barrage_Cuttack,Mahanadi,557.8,1569.36,21.51,26.5,27.5,29.2
2020-01-22,Mundali_Barrage_Cuttack,Mahanadi,435.45,1415.44,21.59,26.5,27.5,29.2
2020-01-23,Mundali_Barrage_Cuttack,Mahanadi,416.64,1367.61,21.43,26.5,27.5,29.2
2020-01-24,Mundali_Barrage_Cuttack,Mahanadi,835.07,2721.09,21.68,26.5,27.5,29.2
2020-01-25,Mundali_Barrage_Cuttack,Mahanadi,499.21,1346.53,21.56,26.5,27.5,29.2
2020-01-26,Mundali_Barrage_Cuttack,Mahanadi,481.82,1138.56,21.4,26.5,27.5,29.2
2020-01-27,Mundali_Barrage_Cuttack,Mahanadi,477.26,1787.12,21.58,26.5,27.5,29.2
2020-01-28,Mundali_Barrage_Cuttack,Mahanadi,415.62,1236.49,21.57,26.5,27.5,29.2
2020-01-29,Mundali_Barrage_Cuttack,Mahanadi,547.64,1407.56,21.51,26.5,27.5,29.2
2020-01-30,Mundali_Barrage_Cuttack,Mahanadi,553.5,1515.05,21.46,26.5,27.5,29.2
2020-01-31,Mundali_Barrage_Cuttack,Mahanadi,544.61,1308.86,21.41,26.5,27.5,29.2
2020-02-01,Mundali_Barrage_Cuttack,Mahanadi,655.32,1945.78,21.36,26.5,27.5,29.2
2020-02-02,Mundali_Barrage_Cuttack,Mahanadi,539.53,1808.89,21.39,26.5,27.5,29.2
2020-02-03,Mundali_Barrage_Cuttack,Mahanadi,625.43,1745.93,21.38,26.5,27.5,29.2
2020-02-04,Mundali_Barrage_Cuttack,Mahanadi,542.53,1541.45,21.44,26.5,27.5,29.2
2020-02-05,Mundali_Barrage_Cuttack,Mahanadi,494.32,1535.22,21.52,26.5,27.5,29.2
2020-02-06,Mundali_Barrage_Cuttack,Mahanadi,412.12,1528.37,21.49,26.5,27.5,29.2
2020-02-07,Mundali_Barrage_Cuttack,Mahanadi,462.62,1517.31,21.47,26.5,27.5,29.2
2020-02-08,Mundali_Barrage_Cuttack,Mahanadi,567.38,1354.4,21.49,26.5,27.5,29.2
2020-02-09,Mundali_Barrage_Cuttack,Mahanadi,423.41,1417.43,21.38,26.5,27.5,29.2
2020-02-10,Mundali_Barrage_Cuttack,Mahanadi,412.8,1300.72,21.37,26.5,27.5,29.2
2020-02-11,Mundali_Barrage_Cuttack,Mahanadi,531.8,1646.98,21.53,26.5,27.5,29.2
2020-02-12,Mundali_Barrage_Cuttack,Mahanadi,475.6,1369.75,21.48,26.5,27.5,29.2
2020-02-13,Mundali_Barrage_Cuttack,Mahanadi,445.29,1477.99,21.48,26.5,27.5,29.2
2020-02-14,Mundali_Barrage_Cuttack,Mahanadi,528.55,1531.3,21.44,26.5,27.5,29.2
2020-02-15,Mundali_Barrage_Cuttack,Mahanadi,450.57,1628.43,21.4,26.5,27.5,29.2
2020-02-16,Mundali_Barrage_Cuttack,Mahanadi,487.3,1314.69,21.34,26.5,27.5,29.2
2020-02-17,Mundali_Barrage_Cuttack,Mahanadi,481.81,1252.05,21.34,26.5,27.5,29.2
2020-02-18,Mundali_Barrage_Cuttack,Mahanadi,581.1,1542.16,21.36,26.5,27.5,29.2
2020-02-19,Mundali_Barrage_Cuttack,Mahanadi,473.2,1412.63,21.33,26.5,27.5,29.2
2020-02-20,Mundali_Barrage_Cuttack,Mahanadi,455.28,1161.31,21.45,26.5,27.5,29.2
2020-02-21,Mundali_Barrage_Cuttack,Mahanadi,486.99,1370.34,21.42,26.5,27.5,29.2
2020-02-22,Mundali_Barrage_Cuttack,Mahanadi,498.88,1912.68,21.53,26.5,27.5,29.2
2020-02-23,Mundali_Barrage_Cuttack,Mahanadi,474.56,1592.26,21.57,26.5,27.5,29.2
2020-02-24,Mundali_Barrage_Cuttack,Mahanadi,587.07,1615.85,21.61,26.5,27.5,29.2
2020-02-25,Mundali_Barrage_Cuttack,Mahanadi,416.73,1200.77,21.47,26.5,27.5,29.2
2020-02-26,Mundali_Barrage_Cuttack,Mahanadi,512.15,1430.27,21.45,26.5,27.5,29.2
2020-02-27,Mundali_Barrage_Cuttack,Mahanadi,546.15,1444.93,21.35,26.5,27.5,29.2
2020-02-28,Mundali_Barrage_Cuttack,Mahanadi,425.53,1397.17,21.45,26.5,27.5,29.2
2020-02-29,Mundali_Barrage_Cuttack,Mahanadi,580.32,1660.28,21.47,26.5,27.5,29.2
2020-03-01,Mundali_Barrage_Cuttack,Mahanadi,578.37,1656.98,21.49,26.5,27.5,29.2
2020-03-02,Mundali_Barrage_Cuttack,Mahanadi,464.62,1337.47,21.45,26.5,27.5,29.2
2020-03-03,Mundali_Barrage_Cuttack,Mahanadi,517.84,1611.08,21.5,26.5,27.5,29.2
2020-03-04,Mundali_Barrage_Cuttack,Mahanadi,429.96,1166.96,21.44,26.5,27.5,29.2
2020-03-05,Mundali_Barrage_Cuttack,Mahanadi,532.43,1378.38,21.38,26.5,27.5,29.2
2020-03-06,Mundali_Barrage_Cuttack,Mahanadi,570.18,1477.56,21.4,26.5,27.5,29.2
2020-03-07,Mundali_Barrage_Cuttack,Mahanadi,504.92,1243.55,21.42,26.5,27.5,29.2
2020-03-08,Mundali_Barrage_Cuttack,Mahanadi,512.74,1273.8,21.35,26.5,27.5,29.2
2020-03-09,Mundali_Barrage_Cuttack,Mahanadi,407.02,1401.98,21.49,26.5,27.5,29.2
2020-03-10,Mundali_Barrage_Cuttack,Mahanadi,491.87,1141.08,21.44,26.5,27.5,29.2
2020-03-11,Mundali_Barrage_Cuttack,Mahanadi,436.1,1251.1,21.45,26.5,27.5,29.2
2020-03-12,Mundali_Barrage_Cuttack,Mahanadi,537.52,1524.44,21.34,26.5,27.5,29.2
2020-03-13,Mundali_Barrage_Cuttack,Mahanadi,586.77,1562.85,21.36,26.5,27.5,29.2
2020-03-14,Mundali_Barrage_Cuttack,Mahanadi,572.68,1310.08,21.41,26.5,27.5,29.2
2020-03-15,Mundali_Barrage_Cuttack,Mahanadi,479.54,1528.88,21.44,26.5,27.5,29.2
2020-03-16,Mundali_Barrage_Cuttack,Mahanadi,408.21,1299.15,21.4,26.5,27.5,29.2
2020-03-17,Mundali_Barrage_Cuttack,Mahanadi,446.56,1251.66,21.35,26.5,27.5,29.2
2020-03-18,Mundali_Barrage_Cuttack,Mahanadi,439.17,1317.45,21.35,26.5,27.5,29.2
2020-03-19,Mundali_Barrage_Cuttack,Mahanadi,449.25,1349.71,21.38,26.5,27.5,29.2
2020-03-20,Mundali_Barrage_Cuttack,Mahanadi,567.26,1307.42,21.35,26.5,27.5,29.2
2020-03-21,Mundali_Barrage_Cuttack,Mahanadi,515.15,1548.25,21.43,26.5,27.5,29.2
2020-03-22,Mundali_Barrage_Cuttack,Mahanadi,578.0,1512.15,21.44,26.5,27.5,29.2
2020-03-23,Mundali_Barrage_Cuttack,Mahanadi,575.86,1549.83,21.45,26.5,27.5,29.2
2020-03-24,Mundali_Barrage_Cuttack,Mahanadi,465.88,1346.42,21.43,26.5,27.5,29.2
2020-03-25,Mundali_Barrage_Cuttack,Mahanadi,506.78,1506.62,21.44,26.5,27.5,29.2
2020-03-26,Mundali_Barrage_Cuttack,Mahanadi,474.18,1336.06,21.39,26.5,27.5,29.2
2020-03-27,Mundali_Barrage_Cuttack,Mahanadi,575.52,1297.38,21.37,26.5,27.5,29.2
2020-03-28,Mundali_Barrage_Cuttack,Mahanadi,517.87,1408.86,21.35,26.5,27.5,29.2
2020-03-29,Mundali_Barrage_Cuttack,Mahanadi,509.25,1575.88,21.34,26.5,27.5,29.2
2020-03-30,Mundali_Barrage_Cuttack,Mahanadi,498.3,1397.68,21.33,26.5,27.5,29.2
2020-03-31,Mundali_Barrage_Cuttack,Mahanadi,463.91,1455.3,21.35,26.5,27.5,29.2
2020-04-01,Mundali_Barrage_Cuttack,Mahanadi,551.98,1956.49,21.37,26.5,27.5,29.2
2020-04-02,Mundali_Barrage_Cuttack,Mahanadi,477.01,1806.69,21.45,26.5,27.5,29.2
2020-04-03,Mundali_Barrage_Cuttack,Mahanadi,560.97,1781.77,21.43,26.5,27.5,29.2
2020-04-04,Mundali_Barrage_Cuttack,Mahanadi,472.3,1290.56,21.57,26.5,27.5,29.2
2020-04-05,Mundali_Barrage_Cuttack,Mahanadi,476.24,1510.71,21.55,26.5,27.5,29.2
2020-04-06,Mundali_Barrage_Cuttack,Mahanadi,401.04,1324.36,21.54,26.5,27.5,29.2
2020-04-07,Mundali_Barrage_Cuttack,Mahanadi,540.15,1486.16,21.57,26.5,27.5,29.2
2020-04-08,Mundali_Barrage_Cuttack,Mahanadi,566.99,1482.09,21.51,26.5,27.5,29.2
2020-04-09,Mundali_Barrage_Cuttack,Mahanadi,531.49,1549.06,21.61,26.5,27.5,29.2
2020-04-10,Mundali_Barrage_Cuttack,Mahanadi,597.38,1958.98,21.71,26.5,27.5,29.2
2020-04-11,Mundali_Barrage_Cuttack,Mahanadi,521.7,1541.85,21.62,26.5,27.5,29.2
2020-04-12,Mundali_Barrage_Cuttack,Mahanadi,514.34,1720.03,21.61,26.5,27.5,29.2
2020-04-13,Mundali_Barrage_Cuttack,Mahanadi,549.02,1491.31,21.48,26.5,27.5,29.2
2020-04-14,Mundali_Barrage_Cuttack,Mahanadi,412.23,985.51,21.44,26.5,27.5,29.2
2020-04-15,Mundali_Barrage_Cuttack,Mahanadi,408.93,1172.56,21.32,26.5,27.5,29.2
2020-04-16,Mundali_Barrage_Cuttack,Mahanadi,597.98,1610.34,21.31,26.5,27.5,29.2
2020-04-17,Mundali_Barrage_Cuttack,Mahanadi,597.46,1574.99,21.39,26.5,27.5,29.2
2020-04-18,Mundali_Barrage_Cuttack,Mahanadi,539.28,1479.18,21.36,26.5,27.5,29.2
2020-04-19,Mundali_Barrage_Cuttack,Mahanadi,561.8,1815.25,21.43,26.5,27.5,29.2
2020-04-20,Mundali_Barrage_Cuttack,Mahanadi,549.15,1595.86,21.43,26.5,27.5,29.2
2020-04-21,Mundali_Barrage_Cuttack,Mahanadi,491.96,1501.56,21.42,26.5,27.5,29.2
2020-04-22,Mundali_Barrage_Cuttack,Mahanadi,483.56,1475.04,21.52,26.5,27.5,29.2
2020-04-23,Mundali_Barrage_Cuttack,Mahanadi,476.37,1471.78,21.56,26.5,27.5,29.2
2020-04-24,Mundali_Barrage_Cuttack,Mahanadi,478.11,1625.45,21.46,26.5,27.5,29.2
2020-04-25,Mundali_Barrage_Cuttack,Mahanadi,584.44,1592.96,21.41,26.5,27.5,29.2
2020-04-26,Mundali_Barrage_Cuttack,Mahanadi,552.89,1542.86,21.52,26.5,27.5,29.2
2020-04-27,Mundali_Barrage_Cuttack,Mahanadi,524.95,1577.3,21.53,26.5,27.5,29.2
2020-04-28,Mundali_Barrage_Cuttack,Mahanadi,810.66,2482.65,21.63,26.5,27.5,29.2
2020-04-29,Mundali_Barrage_Cuttack,Mahanadi,472.52,1394.06,21.56,26.5,27.5,29.2
2020-04-30,Mundali_Barrage_Cuttack,Mahanadi,538.3,1576.73,21.44,26.5,27.5,29.2
2020-05-01,Mundali_Barrage_Cuttack,Mahanadi,592.94,1487.7,21.41,26.5,27.5,29.2
2020-05-02,Mundali_Barrage_Cuttack,Mahanadi,415.28,1102.08,21.4,26.5,27.5,29.2
2020-05-03,Mundali_Barrage_Cuttack,Mahanadi,448.69,1421.54,21.47,26.5,27.5,29.2
2020-05-04,Mundali_Barrage_Cuttack,Mahanadi,574.2,1618.27,21.49,26.5,27.5,29.2
2020-05-05,Mundali_Barrage_Cuttack,Mahanadi,28001.68,55122.74,27.94,26.5,27.5,29.2
2020-05-06,Mundali_Barrage_Cuttack,Mahanadi,595.96,1205.68,25.63,26.5,27.5,29.2
2020-05-07,Mundali_Barrage_Cuttack,Mahanadi,508.49,1558.1,24.23,26.5,27.5,29.2
2020-05-08,Mundali_Barrage_Cuttack,Mahanadi,9073.0,20420.5,25.51,26.5,27.5,29.2
2020-05-09,Mundali_Barrage_Cuttack,Mahanadi,559.74,1319.68,24.04,26.5,27.5,29.2
2020-05-10,Mundali_Barrage_Cuttack,Mahanadi,467.58,1215.71,23.05,26.5,27.5,29.2
2020-05-11,Mundali_Barrage_Cuttack,Mahanadi,446.81,1457.46,22.54,26.5,27.5,29.2
2020-05-12,Mundali_Barrage_Cuttack,Mahanadi,495.53,1592.34,22.05,26.5,27.5,29.2
2020-05-13,Mundali_Barrage_Cuttack,Mahanadi,546.13,1577.92,21.9,26.5,27.5,29.2
2020-05-14,Mundali_Barrage_Cuttack,Mahanadi,581.7,1796.92,21.76,26.5,27.5,29.2
2020-05-15,Mundali_Barrage_Cuttack,Mahanadi,619.05,1675.73,21.6,26.5,27.5,29.2
2020-05-16,Mundali_Barrage_Cuttack,Mahanadi,618.01,2029.93,21.63,26.5,27.5,29.2
2020-05-17,Mundali_Barrage_Cuttack,Mahanadi,422.48,1145.22,21.52,26.5,27.5,29.2
2020-05-18,Mundali_Barrage_Cuttack,Mahanadi,578.82,1548.77,21.53,26.5,27.5,29.2
2020-05-19,Mundali_Barrage_Cuttack,Mahanadi,554.9,1982.14,21.62,26.5,27.5,29.2
2020-05-20,Mundali_Barrage_Cuttack,Mahanadi,470.93,1709.45,21.68,26.5,27.5,29.2
2020-05-21,Mundali_Barrage_Cuttack,Mahanadi,22784.06,41040.2,26.26,26.5,27.5,29.2
2020-05-22,Mundali_Barrage_Cuttack,Mahanadi,450.54,1414.77,24.5,26.5,27.5,29.2
2020-05-23,Mundali_Barrage_Cuttack,Mahanadi,729.43,2073.48,23.6,26.5,27.5,29.2
2020-05-24,Mundali_Barrage_Cuttack,Mahanadi,498.35,1471.99,22.91,26.5,27.5,29.2
2020-05-25,Mundali_Barrage_Cuttack,Mahanadi,678.85,2195.2,22.44,26.5,27.5,29.2
2020-05-26,Mundali_Barrage_Cuttack,Mahanadi,410.07,1474.77,22.12,26.5,27.5,29.2
2020-05-27,Mundali_Barrage_Cuttack,Mahanadi,588.49,1350.08,21.98,26.5,27.5,29.2
2020-05-28,Mundali_Barrage_Cuttack,Mahanadi,512.76,1490.06,21.79,26.5,27.5,29.2
2020-05-29,Mundali_Barrage_Cuttack,Mahanadi,581.91,1295.38,21.63,26.5,27.5,29.2
2020-05-30,Mundali_Barrage_Cuttack,Mahanadi,428.17,1184.63,21.59,26.5,27.5,29.2
2020-05-31,Mundali_Barrage_Cuttack,Mahanadi,581.91,1730.49,21.64,26.5,27.5,29.2
2020-06-01,Mundali_Barrage_Cuttack,Mahanadi,888.08,3230.25,21.82,26.5,27.5,29.2
2020-06-02,Mundali_Barrage_Cuttack,Mahanadi,591.84,2245.69,21.83,26.5,27.5,29.2
2020-06-03,Mundali_Barrage_Cuttack,Mahanadi,1000.9,3178.97,21.97,26.5,27.5,29.2
2020-06-04,Mundali_Barrage_Cuttack,Mahanadi,737.88,2116.97,21.89,26.5,27.5,29.2
2020-06-05,Mundali_Barrage_Cuttack,Mahanadi,2226.86,8227.4,22.64,26.5,27.5,29.2
2020-06-06,Mundali_Barrage_Cuttack,Mahanadi,1118.1,3696.89,22.54,26.5,27.5,29.2
2020-06-07,Mundali_Barrage_Cuttack,Mahanadi,1682.9,6100.66,22.81,26.5,27.5,29.2
2020-06-08,Mundali_Barrage_Cuttack,Mahanadi,1319.73,4530.73,22.8,26.5,27.5,29.2
2020-06-09,Mundali_Barrage_Cuttack,Mahanadi,1455.28,5240.16,22.84,26.5,27.5,29.2
2020-06-10,Mundali_Barrage_Cuttack,Mahanadi,627.77,1572.84,22.42,26.5,27.5,29.2
2020-06-11,Mundali_Barrage_Cuttack,Mahanadi,9593.43,22257.45,24.65,26.5,27.5,29.2
2020-06-12,Mundali_Barrage_Cuttack,Mahanadi,794.8,2380.66,23.71,26.5,27.5,29.2
2020-06-13,Mundali_Barrage_Cuttack,Mahanadi,519.27,1347.74,23.0,26.5,27.5,29.2
2020-06-14,Mundali_Barrage_Cuttack,Mahanadi,769.62,2759.47,22.68,26.5,27.5,29.2
2020-06-15,Mundali_Barrage_Cuttack,Mahanadi,7553.61,17026.47,24.18,26.5,27.5,29.2
2020-06-16,Mundali_Barrage_Cuttack,Mahanadi,1543.08,5670.14,23.81,26.5,27.5,29.2
2020-06-17,Mundali_Barrage_Cuttack,Mahanadi,836.05,2967.74,23.28,26.5,27.5,29.2
2020-06-18,Mundali_Barrage_Cuttack,Mahanadi,26945.84,48654.32,28.18,26.5,27.5,29.2
2020-06-19,Mundali_Barrage_Cuttack,Mahanadi,1375.96,4945.11,26.32,26.5,27.5,29.2
2020-06-20,Mundali_Barrage_Cuttack,Mahanadi,1104.99,4151.23,24.94,26.5,27.5,29.2
2020-06-21,Mundali_Barrage_Cuttack,Mahanadi,1548.55,5565.98,24.29,26.5,27.5,29.2
2020-06-22,Mundali_Barrage_Cuttack,Mahanadi,1447.43,5407.74,23.76,26.5,27.5,29.2
2020-06-23,Mundali_Barrage_Cuttack,Mahanadi,457.21,1242.11,22.97,26.5,27.5,29.2
2020-06-24,Mundali_Barrage_Cuttack,Mahanadi,27270.23,55081.76,28.9,26.5,27.5,29.2
2020-06-25,Mundali_Barrage_Cuttack,Mahanadi,822.06,2406.28,26.42,26.5,27.5,29.2
2020-06-26,Mundali_Barrage_Cuttack,Mahanadi,6922.27,14990.23,26.31,26.5,27.5,29.2
2020-06-27,Mundali_Barrage_Cuttack,Mahanadi,745.96,2115.28,24.64,26.5,27.5,29.2
2020-06-28,Mundali_Barrage_Cuttack,Mahanadi,1393.15,5134.37,24.07,26.5,27.5,29.2
2020-06-29,Mundali_Barrage_Cuttack,Mahanadi,8535.44,19498.27,25.49,26.5,27.5,29.2
2020-06-30,Mundali_Barrage_Cuttack,Mahanadi,25671.96,47712.22,29.56,26.5,27.5,29.2
2020-07-01,Mundali_Barrage_Cuttack,Mahanadi,885.32,3320.27,26.9,26.5,27.5,29.2
2020-07-02,Mundali_Barrage_Cuttack,Mahanadi,720.91,2106.75,25.0,26.5,27.5,29.2
2020-07-03,Mundali_Barrage_Cuttack,Mahanadi,903.54,2951.47,24.01,26.5,27.5,29.2
2020-07-04,Mundali_Barrage_Cuttack,Mahanadi,2245.1,8293.25,24.05,26.5,27.5,29.2
2020-07-05,Mundali_Barrage_Cuttack,Mahanadi,5476.26,13312.99,24.64,26.5,27.5,29.2
2020-07-06,Mundali_Barrage_Cuttack,Mahanadi,507.89,1846.74,23.61,26.5,27.5,29.2
2020-07-07,Mundali_Barrage_Cuttack,Mahanadi,1421.02,4910.08,23.32,26.5,27.5,29.2
2020-07-08,Mundali_Barrage_Cuttack,Mahanadi,1198.83,4394.06,22.95,26.5,27.5,29.2
2020-07-09,Mundali_Barrage_Cuttack,Mahanadi,595.8,2016.29,22.54,26.5,27.5,29.2
2020-07-10,Mundali_Barrage_Cuttack,Mahanadi,874.9,2687.18,22.35,26.5,27.5,29.2
2020-07-11,Mundali_Barrage_Cuttack,Mahanadi,769.21,2621.96,22.21,26.5,27.5,29.2
2020-07-12,Mundali_Barrage_Cuttack,Mahanadi,865.11,3125.15,22.2,26.5,27.5,29.2
2020-07-13,Mundali_Barrage_Cuttack,Mahanadi,22713.29,43784.97,26.99,26.5,27.5,29.2
2020-07-14,Mundali_Barrage_Cuttack,Mahanadi,962.14,3453.72,25.3,26.5,27.5,29.2
2020-07-15,Mundali_Barrage_Cuttack,Mahanadi,1077.03,3799.4,24.26,26.5,27.5,29.2
2020-07-16,Mundali_Barrage_Cuttack,Mahanadi,593.0,1670.79,23.22,26.5,27.5,29.2
2020-07-17,Mundali_Barrage_Cuttack,Mahanadi,29142.96,57716.8,29.32,26.5,27.5,29.2
2020-07-18,Mundali_Barrage_Cuttack,Mahanadi,528.06,1712.08,26.59,26.5,27.5,29.2
2020-07-19,Mundali_Barrage_Cuttack,Mahanadi,625.64,2055.41,24.87,26.5,27.5,29.2
2020-07-20,Mundali_Barrage_Cuttack,Mahanadi,858.95,3198.04,24.03,26.5,27.5,29.2
2020-07-21,Mundali_Barrage_Cuttack,Mahanadi,1598.85,5758.31,23.73,26.5,27.5,29.2
2020-07-22,Mundali_Barrage_Cuttack,Mahanadi,1358.85,4925.8,23.48,26.5,27.5,29.2
2020-07-23,Mundali_Barrage_Cuttack,Mahanadi,1684.82,6282.25,23.37,26.5,27.5,29.2
2020-07-24,Mundali_Barrage_Cuttack,Mahanadi,966.17,3188.78,22.87,26.5,27.5,29.2
2020-07-25,Mundali_Barrage_Cuttack,Mahanadi,1221.9,4389.59,22.76,26.5,27.5,29.2
2020-07-26,Mundali_Barrage_Cuttack,Mahanadi,860.6,3138.6,22.56,26.5,27.5,29.2
2020-07-27,Mundali_Barrage_Cuttack,Mahanadi,982.75,2985.37,22.27,26.5,27.5,29.2
2020-07-28,Mundali_Barrage_Cuttack,Mahanadi,1332.47,4511.91,22.41,26.5,27.5,29.2
2020-07-29,Mundali_Barrage_Cuttack,Mahanadi,27759.49,49952.6,27.72,26.5,27.5,29.2
2020-07-30,Mundali_Barrage_Cuttack,Mahanadi,1877.83,6854.52,26.33,26.5,27.5,29.2
2020-07-31,Mundali_Barrage_Cuttack,Mahanadi,1248.79,4486.25,25.05,26.5,27.5,29.2
2020-08-01,Mundali_Barrage_Cuttack,Mahanadi,7654.73,16930.87,25.75,26.5,27.5,29.2
2020-08-02,Mundali_Barrage_Cuttack,Mahanadi,1067.92,3865.96,24.67,26.5,27.5,29.2
2020-08-03,Mundali_Barrage_Cuttack,Mahanadi,1008.26,3466.42,23.73,26.5,27.5,29.2
2020-08-04,Mundali_Barrage_Cuttack,Mahanadi,726.99,2140.78,23.07,26.5,27.5,29.2
2020-08-05,Mundali_Barrage_Cuttack,Mahanadi,620.19,1719.0,22.58,26.5,27.5,29.2
2020-08-06,Mundali_Barrage_Cuttack,Mahanadi,471.82,1635.43,22.25,26.5,27.5,29.2
2020-08-07,Mundali_Barrage_Cuttack,Mahanadi,1239.22,4132.69,22.42,26.5,27.5,29.2
2020-08-08,Mundali_Barrage_Cuttack,Mahanadi,19240.5,38842.31,26.64,26.5,27.5,29.2
2020-08-09,Mundali_Barrage_Cuttack,Mahanadi,817.06,2513.75,24.97,26.5,27.5,29.2
2020-08-10,Mundali_Barrage_Cuttack,Mahanadi,884.93,2927.3,23.91,26.5,27.5,29.2
2020-08-11,Mundali_Barrage_Cuttack,Mahanadi,1367.31,5244.68,23.6,26.5,27.5,29.2
2020-08-12,Mundali_Barrage_Cuttack,Mahanadi,1319.76,4794.99,23.31,26.5,27.5,29.2
2020-08-13,Mundali_Barrage_Cuttack,Mahanadi,6431.39,14383.92,24.3,26.5,27.5,29.2
2020-08-14,Mundali_Barrage_Cuttack,Mahanadi,467.99,1360.98,23.29,26.5,27.5,29.2
2020-08-15,Mundali_Barrage_Cuttack,Mahanadi,848.59,2602.2,22.74,26.5,27.5,29.2
2020-08-16,Mundali_Barrage_Cuttack,Mahanadi,1477.39,5166.76,22.72,26.5,27.5,29.2
2020-08-17,Mundali_Barrage_Cuttack,Mahanadi,1925.12,6814.89,22.9,26.5,27.5,29.2
2020-08-18,Mundali_Barrage_Cuttack,Mahanadi,627.03,2116.67,22.45,26.5,27.5,29.2
2020-08-19,Mundali_Barrage_Cuttack,Mahanadi,454.06,1217.38,22.02,26.5,27.5,29.2
2020-08-20,Mundali_Barrage_Cuttack,Mahanadi,1198.22,4142.64,22.21,26.5,27.5,29.2
2020-08-21,Mundali_Barrage_Cuttack,Mahanadi,2083.58,7418.31,22.69,26.5,27.5,29.2
2020-08-22,Mundali_Barrage_Cuttack,Mahanadi,563.47,1777.48,22.25,26.5,27.5,29.2
2020-08-23,Mundali_Barrage_Cuttack,Mahanadi,6473.22,15692.62,23.74,26.5,27.5,29.2
2020-08-24,Mundali_Barrage_Cuttack,Mahanadi,10155.29,22147.68,25.6,26.5,27.5,29.2
2020-08-25,Mundali_Barrage_Cuttack,Mahanadi,1039.41,3912.96,24.38,26.5,27.5,29.2
2020-08-26,Mundali_Barrage_Cuttack,Mahanadi,930.95,3187.84,23.58,26.5,27.5,29.2
2020-08-27,Mundali_Barrage_Cuttack,Mahanadi,824.95,2843.09,22.96,26.5,27.5,29.2
2020-08-28,Mundali_Barrage_Cuttack,Mahanadi,9989.71,19291.46,24.72,26.5,27.5,29.2
2020-08-29,Mundali_Barrage_Cuttack,Mahanadi,21764.87,43746.84,28.67,26.5,27.5,29.2
2020-08-30,Mundali_Barrage_Cuttack,Mahanadi,961.67,3424.98,26.49,26.5,27.5,29.2
2020-08-31,Mundali_Barrage_Cuttack,Mahanadi,1888.39,7166.32,25.46,26.5,27.5,29.2
2020-09-01,Mundali_Barrage_Cuttack,Mahanadi,976.1,3329.6,24.37,26.5,27.5,29.2
2020-09-02,Mundali_Barrage_Cuttack,Mahanadi,24366.37,43666.32,28.41,26.5,27.5,29.2
2020-09-03,Mundali_Barrage_Cuttack,Mahanadi,10757.0,23218.84,28.63,26.5,27.5,29.2
2020-09-04,Mundali_Barrage_Cuttack,Mahanadi,8262.43,16856.95,28.09,26.5,27.5,29.2
2020-09-05,Mundali_Barrage_Cuttack,Mahanadi,895.67,2755.13,25.9,26.5,27.5,29.2
2020-09-06,Mundali_Barrage_Cuttack,Mahanadi,479.78,1531.76,24.3,26.5,27.5,29.2
2020-09-07,Mundali_Barrage_Cuttack,Mahanadi,586.51,2155.49,23.32,26.5,27.5,29.2
2020-09-08,Mundali_Barrage_Cuttack,Mahanadi,793.25,2664.9,22.88,26.5,27.5,29.2
2020-09-09,Mundali_Barrage_Cuttack,Mahanadi,712.05,2674.89,22.59,26.5,27.5,29.2
2020-09-10,Mundali_Barrage_Cuttack,Mahanadi,578.74,2116.94,22.29,26.5,27.5,29.2
2020-09-11,Mundali_Barrage_Cuttack,Mahanadi,765.2,2080.97,22.02,26.5,27.5,29.2
2020-09-12,Mundali_Barrage_Cuttack,Mahanadi,788.75,2806.87,22.03,26.5,27.5,29.2
2020-09-13,Mundali_Barrage_Cuttack,Mahanadi,481.13,1873.6,21.88,26.5,27.5,29.2
2020-09-14,Mundali_Barrage_Cuttack,Mahanadi,1923.09,7225.01,22.53,26.5,27.5,29.2
2020-09-15,Mundali_Barrage_Cuttack,Mahanadi,1246.47,4441.58,22.57,26.5,27.5,29.2
2020-09-16,Mundali_Barrage_Cuttack,Mahanadi,21558.47,45656.06,27.57,26.5,27.5,29.2
2020-09-17,Mundali_Barrage_Cuttack,Mahanadi,578.93,1973.25,25.45,26.5,27.5,29.2
2020-09-18,Mundali_Barrage_Cuttack,Mahanadi,489.46,1714.39,24.02,26.5,27.5,29.2
2020-09-19,Mundali_Barrage_Cuttack,Mahanadi,676.47,2000.94,23.27,26.5,27.5,29.2
2020-09-20,Mundali_Barrage_Cuttack,Mahanadi,1186.81,4070.52,22.98,26.5,27.5,29.2
2020-09-21,Mundali_Barrage_Cuttack,Mahanadi,1568.03,6163.54,23.13,26.5,27.5,29.2
2020-09-22,Mundali_Barrage_Cuttack,Mahanadi,1062.63,3432.44,22.73,26.5,27.5,29.2
2020-09-23,Mundali_Barrage_Cuttack,Mahanadi,1176.04,3978.63,22.64,26.5,27.5,29.2
2020-09-24,Mundali_Barrage_Cuttack,Mahanadi,1736.42,6318.01,22.93,26.5,27.5,29.2
2020-09-25,Mundali_Barrage_Cuttack,Mahanadi,480.49,1491.66,22.41,26.5,27.5,29.2
2020-09-26,Mundali_Barrage_Cuttack,Mahanadi,763.49,2445.56,22.22,26.5,27.5,29.2
2020-09-27,Mundali_Barrage_Cuttack,Mahanadi,688.92,2234.66,22.1,26.5,27.5,29.2
2020-09-28,Mundali_Barrage_Cuttack,Mahanadi,758.99,2699.56,22.03,26.5,27.5,29.2
2020-09-29,Mundali_Barrage_Cuttack,Mahanadi,2048.13,7451.28,22.62,26.5,27.5,29.2
2020-09-30,Mundali_Barrage_Cuttack,Mahanadi,9079.62,20871.6,24.59,26.5,27.5,29.2
2020-10-01,Mundali_Barrage_Cuttack,Mahanadi,502.96,1611.81,23.48,26.5,27.5,29.2
2020-10-02,Mundali_Barrage_Cuttack,Mahanadi,529.68,1606.8,22.76,26.5,27.5,29.2
2020-10-03,Mundali_Barrage_Cuttack,Mahanadi,527.76,1629.38,22.32,26.5,27.5,29.2
2020-10-04,Mundali_Barrage_Cuttack,Mahanadi,589.42,1424.43,21.99,26.5,27.5,29.2
2020-10-05,Mundali_Barrage_Cuttack,Mahanadi,465.13,1496.16,21.79,26.5,27.5,29.2
2020-10-06,Mundali_Barrage_Cuttack,Mahanadi,574.27,1966.68,21.75,26.5,27.5,29.2
2020-10-07,Mundali_Barrage_Cuttack,Mahanadi,401.19,1231.6,21.64,26.5,27.5,29.2
2020-10-08,Mundali_Barrage_Cuttack,Mahanadi,580.41,1386.49,21.6,26.5,27.5,29.2
2020-10-09,Mundali_Barrage_Cuttack,Mahanadi,431.54,1479.83,21.56,26.5,27.5,29.2
2020-10-10,Mundali_Barrage_Cuttack,Mahanadi,603.97,1899.64,21.48,26.5,27.5,29.2
2020-10-11,Mundali_Barrage_Cuttack,Mahanadi,462.15,1211.02,21.54,26.5,27.5,29.2
2020-10-12,Mundali_Barrage_Cuttack,Mahanadi,523.63,1458.83,21.5,26.5,27.5,29.2
2020-10-13,Mundali_Barrage_Cuttack,Mahanadi,479.02,1450.53,21.51,26.5,27.5,29.2
2020-10-14,Mundali_Barrage_Cuttack,Mahanadi,416.79,1291.2,21.5,26.5,27.5,29.2
2020-10-15,Mundali_Barrage_Cuttack,Mahanadi,448.75,1480.82,21.39,26.5,27.5,29.2
2020-10-16,Mundali_Barrage_Cuttack,Mahanadi,558.74,1932.5,21.46,26.5,27.5,29.2
2020-10-17,Mundali_Barrage_Cuttack,Mahanadi,463.31,1314.41,21.47,26.5,27.5,29.2
2020-10-18,Mundali_Barrage_Cuttack,Mahanadi,642.62,2053.49,21.59,26.5,27.5,29.2
2020-10-19,Mundali_Barrage_Cuttack,Mahanadi,496.31,1356.8,21.54,26.5,27.5,29.2
2020-10-20,Mundali_Barrage_Cuttack,Mahanadi,570.31,1778.26,21.57,26.5,27.5,29.2
2020-10-21,Mundali_Barrage_Cuttack,Mahanadi,415.25,1275.01,21.63,26.5,27.5,29.2
2020-10-22,Mundali_Barrage_Cuttack,Mahanadi,548.28,1500.6,21.46,26.5,27.5,29.2
2020-10-23,Mundali_Barrage_Cuttack,Mahanadi,11226.81,23013.59,24.09,26.5,27.5,29.2
2020-10-24,Mundali_Barrage_Cuttack,Mahanadi,446.49,1302.75,23.06,26.5,27.5,29.2
2020-10-25,Mundali_Barrage_Cuttack,Mahanadi,462.83,1614.86,22.43,26.5,27.5,29.2
2020-10-26,Mundali_Barrage_Cuttack,Mahanadi,27933.33,49295.18,27.78,26.5,27.5,29.2
2020-10-27,Mundali_Barrage_Cuttack,Mahanadi,515.63,1613.5,25.59,26.5,27.5,29.2
2020-10-28,Mundali_Barrage_Cuttack,Mahanadi,583.4,2022.9,24.2,26.5,27.5,29.2
2020-10-29,Mundali_Barrage_Cuttack,Mahanadi,566.61,1730.38,23.42,26.5,27.5,29.2
2020-10-30,Mundali_Barrage_Cuttack,Mahanadi,581.02,1574.84,22.66,26.5,27.5,29.2
2020-10-31,Mundali_Barrage_Cuttack,Mahanadi,24538.46,44686.95,27.32,26.5,27.5,29.2
2020-11-01,Mundali_Barrage_Cuttack,Mahanadi,522.4,1461.05,25.19,26.5,27.5,29.2
2020-11-02,Mundali_Barrage_Cuttack,Mahanadi,685.48,1932.54,24.05,26.5,27.5,29.2
2020-11-03,Mundali_Barrage_Cuttack,Mahanadi,579.87,1710.49,23.34,26.5,27.5,29.2
2020-11-04,Mundali_Barrage_Cuttack,Mahanadi,412.45,1546.27,22.69,26.5,27.5,29.2
2020-11-05,Mundali_Barrage_Cuttack,Mahanadi,443.09,1135.3,22.23,26.5,27.5,29.2
2020-11-06,Mundali_Barrage_Cuttack,Mahanadi,551.94,1685.48,21.99,26.5,27.5,29.2
2020-11-07,Mundali_Barrage_Cuttack,Mahanadi,578.91,1749.11,21.87,26.5,27.5,29.2
2020-11-08,Mundali_Barrage_Cuttack,Mahanadi,509.84,1696.8,21.68,26.5,27.5,29.2
2020-11-09,Mundali_Barrage_Cuttack,Mahanadi,581.66,1296.62,21.54,26.5,27.5,29.2
2020-11-10,Mundali_Barrage_Cuttack,Mahanadi,477.69,1306.96,21.49,26.5,27.5,29.2
2020-11-11,Mundali_Barrage_Cuttack,Mahanadi,499.69,1843.39,21.5,26.5,27.5,29.2
2020-11-12,Mundali_Barrage_Cuttack,Mahanadi,472.56,1554.06,21.51,26.5,27.5,29.2
2020-11-13,Mundali_Barrage_Cuttack,Mahanadi,591.09,1488.91,21.49,26.5,27.5,29.2
2020-11-14,Mundali_Barrage_Cuttack,Mahanadi,593.85,1422.25,21.54,26.5,27.5,29.2
2020-11-15,Mundali_Barrage_Cuttack,Mahanadi,429.43,1325.57,21.48,26.5,27.5,29.2
2020-11-16,Mundali_Barrage_Cuttack,Mahanadi,409.11,1345.8,21.5,26.5,27.5,29.2
2020-11-17,Mundali_Barrage_Cuttack,Mahanadi,539.99,1573.92,21.52,26.5,27.5,29.2
2020-11-18,Mundali_Barrage_Cuttack,Mahanadi,576.52,1540.03,21.53,26.5,27.5,29.2
2020-11-19,Mundali_Barrage_Cuttack,Mahanadi,590.07,1518.98,21.51,26.5,27.5,29.2
2020-11-20,Mundali_Barrage_Cuttack,Mahanadi,536.36,1588.72,21.52,26.5,27.5,29.2
2020-11-21,Mundali_Barrage_Cuttack,Mahanadi,478.49,1403.24,21.49,26.5,27.5,29.2
2020-11-22,Mundali_Barrage_Cuttack,Mahanadi,466.42,1411.77,21.43,26.5,27.5,29.2
2020-11-23,Mundali_Barrage_Cuttack,Mahanadi,563.49,1552.83,21.37,26.5,27.5,29.2
2020-11-24,Mundali_Barrage_Cuttack,Mahanadi,440.8,1377.61,21.33,26.5,27.5,29.2
2020-11-25,Mundali_Barrage_Cuttack,Mahanadi,645.63,2187.74,21.48,26.5,27.5,29.2
2020-11-26,Mundali_Barrage_Cuttack,Mahanadi,421.34,1677.37,21.55,26.5,27.5,29.2
2020-11-27,Mundali_Barrage_Cuttack,Mahanadi,405.8,1505.18,21.53,26.5,27.5,29.2
2020-11-28,Mundali_Barrage_Cuttack,Mahanadi,544.46,1545.98,21.46,26.5,27.5,29.2
2020-11-29,Mundali_Barrage_Cuttack,Mahanadi,26341.58,51306.19,27.49,26.5,27.5,29.2
2020-11-30,Mundali_Barrage_Cuttack,Mahanadi,526.69,1636.58,25.43,26.5,27.5,29.2
2020-12-01,Mundali_Barrage_Cuttack,Mahanadi,532.5,1330.0,23.94,26.5,27.5,29.2
2020-12-02,Mundali_Barrage_Cuttack,Mahanadi,579.41,1557.7,23.08,26.5,27.5,29.2
2020-12-03,Mundali_Barrage_Cuttack,Mahanadi,598.78,1496.83,22.55,26.5,27.5,29.2
2020-12-04,Mundali_Barrage_Cuttack,Mahanadi,489.21,1268.49,22.1,26.5,27.5,29.2
2020-12-05,Mundali_Barrage_Cuttack,Mahanadi,598.48,2101.44,21.88,26.5,27.5,29.2
2020-12-06,Mundali_Barrage_Cuttack,Mahanadi,562.63,1385.77,21.68,26.5,27.5,29.2
2020-12-07,Mundali_Barrage_Cuttack,Mahanadi,576.28,1765.94,21.65,26.5,27.5,29.2
2020-12-08,Mundali_Barrage_Cuttack,Mahanadi,411.59,1367.95,21.63,26.5,27.5,29.2
2020-12-09,Mundali_Barrage_Cuttack,Mahanadi,524.26,1460.35,21.52,26.5,27.5,29.2
2020-12-10,Mundali_Barrage_Cuttack,Mahanadi,445.46,1383.31,21.4,26.5,27.5,29.2
2020-12-11,Mundali_Barrage_Cuttack,Mahanadi,562.49,1616.03,21.51,26.5,27.5,29.2
2020-12-12,Mundali_Barrage_Cuttack,Mahanadi,597.28,1877.38,21.54,26.5,27.5,29.2
2020-12-13,Mundali_Barrage_Cuttack,Mahanadi,512.04,1341.39,21.45,26.5,27.5,29.2
2020-12-14,Mundali_Barrage_Cuttack,Mahanadi,555.87,1576.22,21.47,26.5,27.5,29.2
2020-12-15,Mundali_Barrage_Cuttack,Mahanadi,566.01,1686.31,21.55,26.5,27.5,29.2
2020-12-16,Mundali_Barrage_Cuttack,Mahanadi,413.76,1423.94,21.5,26.5,27.5,29.2
2020-12-17,Mundali_Barrage_Cuttack,Mahanadi,572.52,1427.15,21.45,26.5,27.5,29.2
2020-12-18,Mundali_Barrage_Cuttack,Mahanadi,489.82,1642.72,21.41,26.5,27.5,29.2
2020-12-19,Mundali_Barrage_Cuttack,Mahanadi,593.29,1487.22,21.42,26.5,27.5,29.2
2020-12-20,Mundali_Barrage_Cuttack,Mahanadi,587.62,1653.79,21.46,26.5,27.5,29.2
2020-12-21,Mundali_Barrage_Cuttack,Mahanadi,439.93,1369.67,21.41,26.5,27.5,29.2
2020-12-22,Mundali_Barrage_Cuttack,Mahanadi,494.02,1497.08,21.42,26.5,27.5,29.2
2020-12-23,Mundali_Barrage_Cuttack,Mahanadi,564.52,1388.0,21.45,26.5,27.5,29.2
2020-12-24,Mundali_Barrage_Cuttack,Mahanadi,546.86,1430.15,21.53,26.5,27.5,29.2
2020-12-25,Mundali_Barrage_Cuttack,Mahanadi,710.66,1980.76,21.53,26.5,27.5,29.2
2020-12-26,Mundali_Barrage_Cuttack,Mahanadi,515.84,1822.28,21.61,26.5,27.5,29.2
2020-12-27,Mundali_Barrage_Cuttack,Mahanadi,528.09,1633.91,21.51,26.5,27.5,29.2
2020-12-28,Mundali_Barrage_Cuttack,Mahanadi,449.44,1469.41,21.47,26.5,27.5,29.2
2020-12-29,Mundali_Barrage_Cuttack,Mahanadi,581.03,1711.14,21.38,26.5,27.5,29.2
2020-12-30,Mundali_Barrage_Cuttack,Mahanadi,437.28,1422.23,21.39,26.5,27.5,29.2
2020-12-31,Mundali_Barrage_Cuttack,Mahanadi,416.63,1374.24,21.4,26.5,27.5,29.2
2021-01-01,Mundali_Barrage_Cuttack,Mahanadi,675.74,1705.36,21.45,26.5,27.5,29.2
2021-01-02,Mundali_Barrage_Cuttack,Mahanadi,467.72,1687.85,21.5,26.5,27.5,29.2
2021-01-03,Mundali_Barrage_Cuttack,Mahanadi,561.79,1717.92,21.54,26.5,27.5,29.2
2021-01-04,Mundali_Barrage_Cuttack,Mahanadi,537.08,1261.3,21.49,26.5,27.5,29.2
2021-01-05,Mundali_Barrage_Cuttack,Mahanadi,548.78,1233.95,21.44,26.5,27.5,29.2
2021-01-06,Mundali_Barrage_Cuttack,Mahanadi,560.39,1584.43,21.46,26.5,27.5,29.2
2021-01-07,Mundali_Barrage_Cuttack,Mahanadi,433.09,1175.44,21.46,26.5,27.5,29.2
2021-01-08,Mundali_Barrage_Cuttack,Mahanadi,580.72,1597.3,21.43,26.5,27.5,29.2
2021-01-09,Mundali_Barrage_Cuttack,Mahanadi,593.62,1728.46,21.46,26.5,27.5,29.2
2021-01-10,Mundali_Barrage_Cuttack,Mahanadi,570.15,1383.46,21.4,26.5,27.5,29.2
2021-01-11,Mundali_Barrage_Cuttack,Mahanadi,577.99,1932.71,21.38,26.5,27.5,29.2
2021-01-12,Mundali_Barrage_Cuttack,Mahanadi,418.58,1118.4,21.32,26.5,27.5,29.2
2021-01-13,Mundali_Barrage_Cuttack,Mahanadi,538.71,1774.71,21.45,26.5,27.5,29.2
2021-01-14,Mundali_Barrage_Cuttack,Mahanadi,431.85,1458.51,21.5,26.5,27.5,29.2
2021-01-15,Mundali_Barrage_Cuttack,Mahanadi,577.81,1693.96,21.5,26.5,27.5,29.2
2021-01-16,Mundali_Barrage_Cuttack,Mahanadi,606.75,1372.61,21.42,26.5,27.5,29.2
2021-01-17,Mundali_Barrage_Cuttack,Mahanadi,586.56,1617.71,21.45,26.5,27.5,29.2
2021-01-18,Mundali_Barrage_Cuttack,Mahanadi,559.39,1390.45,21.46,26.5,27.5,29.2
2021-01-19,Mundali_Barrage_Cuttack,Mahanadi,699.2,2392.42,21.55,26.5,27.5,29.2
2021-01-20,Mundali_Barrage_Cuttack,Mahanadi,546.8,1361.28,21.45,26.5,27.5,29.2
2021-01-21,Mundali_Barrage_Cuttack,Mahanadi,493.78,1569.02,21.43,26.5,27.5,29.2
2021-01-22,Mundali_Barrage_Cuttack,Mahanadi,560.53,1338.7,21.49,26.5,27.5,29.2
2021-01-23,Mundali_Barrage_Cuttack,Mahanadi,503.26,1159.69,21.4,26.5,27.5,29.2
2021-01-24,Mundali_Barrage_Cuttack,Mahanadi,569.63,1731.45,21.44,26.5,27.5,29.2
2021-01-25,Mundali_Barrage_Cuttack,Mahanadi,421.04,1391.06,21.57,26.5,27.5,29.2
2021-01-26,Mundali_Barrage_Cuttack,Mahanadi,504.63,1561.19,21.49,26.5,27.5,29.2
2021-01-27,Mundali_Barrage_Cuttack,Mahanadi,416.96,1604.79,21.58,26.5,27.5,29.2
2021-01-28,Mundali_Barrage_Cuttack,Mahanadi,621.84,1543.71,21.55,26.5,27.5,29.2
2021-01-29,Mundali_Barrage_Cuttack,Mahanadi,514.55,1471.06,21.49,26.5,27.5,29.2
2021-01-30,Mundali_Barrage_Cuttack,Mahanadi,416.91,1454.55,21.47,26.5,27.5,29.2
2021-01-31,Mundali_Barrage_Cuttack,Mahanadi,573.95,1731.78,21.51,26.5,27.5,29.2
2021-02-01,Mundali_Barrage_Cuttack,Mahanadi,406.58,1367.66,21.55,26.5,27.5,29.2
2021-02-02,Mundali_Barrage_Cuttack,Mahanadi,594.72,1740.45,21.6,26.5,27.5,29.2
2021-02-03,Mundali_Barrage_Cuttack,Mahanadi,584.07,1521.48,21.61,26.5,27.5,29.2
2021-02-04,Mundali_Barrage_Cuttack,Mahanadi,514.05,1384.55,21.52,26.5,27.5,29.2
2021-02-05,Mundali_Barrage_Cuttack,Mahanadi,474.79,1469.68,21.51,26.5,27.5,29.2
2021-02-06,Mundali_Barrage_Cuttack,Mahanadi,491.54,1322.65,21.48,26.5,27.5,29.2
2021-02-07,Mundali_Barrage_Cuttack,Mahanadi,580.89,1771.18,21.52,26.5,27.5,29.2
2021-02-08,Mundali_Barrage_Cuttack,Mahanadi,637.19,1867.26,21.46,26.5,27.5,29.2
2021-02-09,Mundali_Barrage_Cuttack,Mahanadi,592.1,1609.67,21.44,26.5,27.5,29.2
2021-02-10,Mundali_Barrage_Cuttack,Mahanadi,592.45,1685.17,21.44,26.5,27.5,29.2
2021-02-11,Mundali_Barrage_Cuttack,Mahanadi,586.73,1438.88,21.48,26.5,27.5,29.2
2021-02-12,Mundali_Barrage_Cuttack,Mahanadi,466.8,1464.22,21.52,26.5,27.5,29.2
2021-02-13,Mundali_Barrage_Cuttack,Mahanadi,470.51,1429.83,21.48,26.5,27.5,29.2
2021-02-14,Mundali_Barrage_Cuttack,Mahanadi,545.31,1543.61,21.5,26.5,27.5,29.2
2021-02-15,Mundali_Barrage_Cuttack,Mahanadi,565.74,1643.14,21.57,26.5,27.5,29.2
2021-02-16,Mundali_Barrage_Cuttack,Mahanadi,485.39,1472.11,21.56,26.5,27.5,29.2
2021-02-17,Mundali_Barrage_Cuttack,Mahanadi,479.67,1387.91,21.49,26.5,27.5,29.2
2021-02-18,Mundali_Barrage_Cuttack,Mahanadi,508.75,1326.2,21.42,26.5,27.5,29.2
2021-02-19,Mundali_Barrage_Cuttack,Mahanadi,505.48,1525.11,21.41,26.5,27.5,29.2
2021-02-20,Mundali_Barrage_Cuttack,Mahanadi,496.87,1277.83,21.41,26.5,27.5,29.2
2021-02-21,Mundali_Barrage_Cuttack,Mahanadi,464.92,1596.07,21.42,26.5,27.5,29.2
2021-02-22,Mundali_Barrage_Cuttack,Mahanadi,554.03,1603.06,21.37,26.5,27.5,29.2
2021-02-23,Mundali_Barrage_Cuttack,Mahanadi,448.69,1650.51,21.45,26.5,27.5,29.2
2021-02-24,Mundali_Barrage_Cuttack,Mahanadi,560.29,1673.14,21.53,26.5,27.5,29.2
2021-02-25,Mundali_Barrage_Cuttack,Mahanadi,591.71,1825.68,21.6,26.5,27.5,29.2
2021-02-26,Mundali_Barrage_Cuttack,Mahanadi,569.85,1720.66,21.62,26.5,27.5,29.2
2021-02-27,Mundali_Barrage_Cuttack,Mahanadi,446.83,1230.05,21.51,26.5,27.5,29.2
2021-02-28,Mundali_Barrage_Cuttack,Mahanadi,501.15,1463.97,21.49,26.5,27.5,29.2
2021-03-01,Mundali_Barrage_Cuttack,Mahanadi,527.04,1401.37,21.53,26.5,27.5,29.2
2021-03-02,Mundali_Barrage_Cuttack,Mahanadi,566.31,1765.65,21.58,26.5,27.5,29.2
2021-03-03,Mundali_Barrage_Cuttack,Mahanadi,458.89,1712.43,21.6,26.5,27.5,29.2
2021-03-04,Mundali_Barrage_Cuttack,Mahanadi,517.82,1474.86,21.55,26.5,27.5,29.2
2021-03-05,Mundali_Barrage_Cuttack,Mahanadi,594.38,1494.0,21.55,26.5,27.5,29.2
2021-03-06,Mundali_Barrage_Cuttack,Mahanadi,485.49,1346.82,21.59,26.5,27.5,29.2
2021-03-07,Mundali_Barrage_Cuttack,Mahanadi,553.71,1859.34,21.62,26.5,27.5,29.2
2021-03-08,Mundali_Barrage_Cuttack,Mahanadi,595.06,1486.82,21.67,26.5,27.5,29.2
2021-03-09,Mundali_Barrage_Cuttack,Mahanadi,461.05,1297.17,21.54,26.5,27.5,29.2
2021-03-10,Mundali_Barrage_Cuttack,Mahanadi,481.84,1345.76,21.47,26.5,27.5,29.2
2021-03-11,Mundali_Barrage_Cuttack,Mahanadi,863.22,2684.29,21.52,26.5,27.5,29.2
2021-03-12,Mundali_Barrage_Cuttack,Mahanadi,465.42,1368.7,21.47,26.5,27.5,29.2
2021-03-13,Mundali_Barrage_Cuttack,Mahanadi,506.61,1474.27,21.46,26.5,27.5,29.2
2021-03-14,Mundali_Barrage_Cuttack,Mahanadi,513.32,1379.03,21.53,26.5,27.5,29.2
2021-03-15,Mundali_Barrage_Cuttack,Mahanadi,476.3,1427.47,21.45,26.5,27.5,29.2
2021-03-16,Mundali_Barrage_Cuttack,Mahanadi,502.9,1706.66,21.46,26.5,27.5,29.2
2021-03-17,Mundali_Barrage_Cuttack,Mahanadi,626.2,1682.16,21.51,26.5,27.5,29.2
2021-03-18,Mundali_Barrage_Cuttack,Mahanadi,655.81,2038.14,21.53,26.5,27.5,29.2
2021-03-19,Mundali_Barrage_Cuttack,Mahanadi,476.37,1183.74,21.54,26.5,27.5,29.2
2021-03-20,Mundali_Barrage_Cuttack,Mahanadi,406.15,1448.58,21.51,26.5,27.5,29.2
2021-03-21,Mundali_Barrage_Cuttack,Mahanadi,519.28,1680.07,21.52,26.5,27.5,29.2
2021-03-22,Mundali_Barrage_Cuttack,Mahanadi,505.11,1481.99,21.45,26.5,27.5,29.2
2021-03-23,Mundali_Barrage_Cuttack,Mahanadi,522.35,1615.37,21.51,26.5,27.5,29.2
2021-03-24,Mundali_Barrage_Cuttack,Mahanadi,554.15,1351.45,21.51,26.5,27.5,29.2
2021-03-25,Mundali_Barrage_Cuttack,Mahanadi,480.85,1435.45,21.44,26.5,27.5,29.2
2021-03-26,Mundali_Barrage_Cuttack,Mahanadi,462.5,1406.17,21.35,26.5,27.5,29.2
2021-03-27,Mundali_Barrage_Cuttack,Mahanadi,537.12,1594.94,21.34,26.5,27.5,29.2
2021-03-28,Mundali_Barrage_Cuttack,Mahanadi,485.33,1543.59,21.28,26.5,27.5,29.2
2021-03-29,Mundali_Barrage_Cuttack,Mahanadi,556.48,1613.21,21.39,26.5,27.5,29.2
2021-03-30,Mundali_Barrage_Cuttack,Mahanadi,552.08,1729.95,21.41,26.5,27.5,29.2
2021-03-31,Mundali_Barrage_Cuttack,Mahanadi,477.35,1486.91,21.33,26.5,27.5,29.2
2021-04-01,Mundali_Barrage_Cuttack,Mahanadi,516.34,1570.29,21.24,26.5,27.5,29.2
2021-04-02,Mundali_Barrage_Cuttack,Mahanadi,571.27,1208.4,21.31,26.5,27.5,29.2
2021-04-03,Mundali_Barrage_Cuttack,Mahanadi,449.55,1450.55,21.22,26.5,27.5,29.2
2021-04-04,Mundali_Barrage_Cuttack,Mahanadi,549.22,1469.98,21.28,26.5,27.5,29.2
2021-04-05,Mundali_Barrage_Cuttack,Mahanadi,475.93,1231.2,21.23,26.5,27.5,29.2
2021-04-06,Mundali_Barrage_Cuttack,Mahanadi,558.7,1529.63,21.2,26.5,27.5,29.2
2021-04-07,Mundali_Barrage_Cuttack,Mahanadi,524.78,1597.45,21.25,26.5,27.5,29.2
2021-04-08,Mundali_Barrage_Cuttack,Mahanadi,532.22,1754.13,21.34,26.5,27.5,29.2
2021-04-09,Mundali_Barrage_Cuttack,Mahanadi,448.7,1407.08,21.42,26.5,27.5,29.2
2021-04-10,Mundali_Barrage_Cuttack,Mahanadi,521.83,1503.84,21.45,26.5,27.5,29.2
2021-04-11,Mundali_Barrage_Cuttack,Mahanadi,616.61,1796.94,21.57,26.5,27.5,29.2
2021-04-12,Mundali_Barrage_Cuttack,Mahanadi,569.78,1770.69,21.54,26.5,27.5,29.2
2021-04-13,Mundali_Barrage_Cuttack,Mahanadi,400.23,1414.67,21.42,26.5,27.5,29.2
2021-04-14,Mundali_Barrage_Cuttack,Mahanadi,519.09,1479.74,21.51,26.5,27.5,29.2
2021-04-15,Mundali_Barrage_Cuttack,Mahanadi,501.88,1450.81,21.58,26.5,27.5,29.2
2021-04-16,Mundali_Barrage_Cuttack,Mahanadi,578.1,1669.75,21.61,26.5,27.5,29.2
2021-04-17,Mundali_Barrage_Cuttack,Mahanadi,477.03,1420.79,21.52,26.5,27.5,29.2
2021-04-18,Mundali_Barrage_Cuttack,Mahanadi,560.85,1274.85,21.49,26.5,27.5,29.2
2021-04-19,Mundali_Barrage_Cuttack,Mahanadi,557.23,1663.15,21.45,26.5,27.5,29.2
2021-04-20,Mundali_Barrage_Cuttack,Mahanadi,522.05,1614.8,21.52,26.5,27.5,29.2
2021-04-21,Mundali_Barrage_Cuttack,Mahanadi,558.47,1470.24,21.41,26.5,27.5,29.2
2021-04-22,Mundali_Barrage_Cuttack,Mahanadi,531.82,1761.33,21.42,26.5,27.5,29.2
2021-04-23,Mundali_Barrage_Cuttack,Mahanadi,526.79,1523.24,21.42,26.5,27.5,29.2
2021-04-24,Mundali_Barrage_Cuttack,Mahanadi,666.84,1849.82,21.51,26.5,27.5,29.2
2021-04-25,Mundali_Barrage_Cuttack,Mahanadi,453.6,1161.49,21.41,26.5,27.5,29.2
2021-04-26,Mundali_Barrage_Cuttack,Mahanadi,551.16,1876.35,21.54,26.5,27.5,29.2
2021-04-27,Mundali_Barrage_Cuttack,Mahanadi,513.09,1470.75,21.51,26.5,27.5,29.2
2021-04-28,Mundali_Barrage_Cuttack,Mahanadi,598.14,1827.47,21.58,26.5,27.5,29.2
2021-04-29,Mundali_Barrage_Cuttack,Mahanadi,440.76,1201.16,21.55,26.5,27.5,29.2
2021-04-30,Mundali_Barrage_Cuttack,Mahanadi,578.94,1547.62,21.41,26.5,27.5,29.2
2021-05-01,Mundali_Barrage_Cuttack,Mahanadi,593.14,1692.52,21.39,26.5,27.5,29.2
2021-05-02,Mundali_Barrage_Cuttack,Mahanadi,551.02,1517.15,21.34,26.5,27.5,29.2
2021-05-03,Mundali_Barrage_Cuttack,Mahanadi,470.04,1499.63,21.45,26.5,27.5,29.2
2021-05-04,Mundali_Barrage_Cuttack,Mahanadi,495.2,1338.21,21.47,26.5,27.5,29.2
2021-05-05,Mundali_Barrage_Cuttack,Mahanadi,674.32,1939.7,21.6,26.5,27.5,29.2
2021-05-06,Mundali_Barrage_Cuttack,Mahanadi,596.36,1801.96,21.51,26.5,27.5,29.2
2021-05-07,Mundali_Barrage_Cuttack,Mahanadi,432.21,1474.99,21.53,26.5,27.5,29.2
2021-05-08,Mundali_Barrage_Cuttack,Mahanadi,534.35,1480.77,21.4,26.5,27.5,29.2
2021-05-09,Mundali_Barrage_Cuttack,Mahanadi,422.09,1106.0,21.37,26.5,27.5,29.2
2021-05-10,Mundali_Barrage_Cuttack,Mahanadi,469.82,1339.16,21.35,26.5,27.5,29.2
2021-05-11,Mundali_Barrage_Cuttack,Mahanadi,425.81,1390.54,21.42,26.5,27.5,29.2
2021-05-12,Mundali_Barrage_Cuttack,Mahanadi,479.35,1756.2,21.49,26.5,27.5,29.2
2021-05-13,Mundali_Barrage_Cuttack,Mahanadi,619.48,1614.89,21.45,26.5,27.5,29.2
2021-05-14,Mundali_Barrage_Cuttack,Mahanadi,595.16,1543.27,21.45,26.5,27.5,29.2
2021-05-15,Mundali_Barrage_Cuttack,Mahanadi,429.53,1415.07,21.43,26.5,27.5,29.2
2021-05-16,Mundali_Barrage_Cuttack,Mahanadi,599.18,1515.78,21.45,26.5,27.5,29.2
2021-05-17,Mundali_Barrage_Cuttack,Mahanadi,416.32,962.58,21.37,26.5,27.5,29.2
2021-05-18,Mundali_Barrage_Cuttack,Mahanadi,652.94,2107.77,21.47,26.5,27.5,29.2
2021-05-19,Mundali_Barrage_Cuttack,Mahanadi,506.95,1554.3,21.49,26.5,27.5,29.2
2021-05-20,Mundali_Barrage_Cuttack,Mahanadi,429.37,1304.2,21.44,26.5,27.5,29.2
2021-05-21,Mundali_Barrage_Cuttack,Mahanadi,798.43,2522.87,21.61,26.5,27.5,29.2
2021-05-22,Mundali_Barrage_Cuttack,Mahanadi,22822.03,43284.59,26.57,26.5,27.5,29.2
2021-05-23,Mundali_Barrage_Cuttack,Mahanadi,488.9,1602.52,24.79,26.5,27.5,29.2
2021-05-24,Mundali_Barrage_Cuttack,Mahanadi,478.25,1397.28,23.58,26.5,27.5,29.2
2021-05-25,Mundali_Barrage_Cuttack,Mahanadi,429.15,1445.3,22.76,26.5,27.5,29.2
2021-05-26,Mundali_Barrage_Cuttack,Mahanadi,413.48,1683.68,22.28,26.5,27.5,29.2
2021-05-27,Mundali_Barrage_Cuttack,Mahanadi,484.37,1617.75,21.98,26.5,27.5,29.2
2021-05-28,Mundali_Barrage_Cuttack,Mahanadi,465.13,1049.04,21.72,26.5,27.5,29.2
2021-05-29,Mundali_Barrage_Cuttack,Mahanadi,469.41,1407.59,21.61,26.5,27.5,29.2
2021-05-30,Mundali_Barrage_Cuttack,Mahanadi,577.9,1428.14,21.57,26.5,27.5,29.2
2021-05-31,Mundali_Barrage_Cuttack,Mahanadi,518.23,1522.3,21.57,26.5,27.5,29.2
2021-06-01,Mundali_Barrage_Cuttack,Mahanadi,575.54,1876.69,21.62,26.5,27.5,29.2
2021-06-02,Mundali_Barrage_Cuttack,Mahanadi,761.12,2687.86,21.73,26.5,27.5,29.2
2021-06-03,Mundali_Barrage_Cuttack,Mahanadi,1005.42,3241.31,21.77,26.5,27.5,29.2
2021-06-04,Mundali_Barrage_Cuttack,Mahanadi,845.19,2758.13,21.97,26.5,27.5,29.2
2021-06-05,Mundali_Barrage_Cuttack,Mahanadi,1811.48,6300.05,22.39,26.5,27.5,29.2
2021-06-06,Mundali_Barrage_Cuttack,Mahanadi,1183.25,3963.36,22.36,26.5,27.5,29.2
2021-06-07,Mundali_Barrage_Cuttack,Mahanadi,755.65,2658.68,22.19,26.5,27.5,29.2
2021-06-08,Mundali_Barrage_Cuttack,Mahanadi,988.95,3456.07,22.2,26.5,27.5,29.2
2021-06-09,Mundali_Barrage_Cuttack,Mahanadi,1311.54,4711.29,22.38,26.5,27.5,29.2
2021-06-10,Mundali_Barrage_Cuttack,Mahanadi,1427.77,5114.35,22.55,26.5,27.5,29.2
2021-06-11,Mundali_Barrage_Cuttack,Mahanadi,8779.12,18582.34,24.36,26.5,27.5,29.2
2021-06-12,Mundali_Barrage_Cuttack,Mahanadi,2263.3,8298.33,24.19,26.5,27.5,29.2
2021-06-13,Mundali_Barrage_Cuttack,Mahanadi,32189.31,62409.53,30.2,26.5,27.5,29.2
2021-06-14,Mundali_Barrage_Cuttack,Mahanadi,1132.55,4150.78,27.49,26.5,27.5,29.2
2021-06-15,Mundali_Barrage_Cuttack,Mahanadi,1449.24,5030.7,25.74,26.5,27.5,29.2
2021-06-16,Mundali_Barrage_Cuttack,Mahanadi,608.32,1752.42,24.27,26.5,27.5,29.2
2021-06-17,Mundali_Barrage_Cuttack,Mahanadi,524.44,1707.93,23.35,26.5,27.5,29.2
2021-06-18,Mundali_Barrage_Cuttack,Mahanadi,970.12,3340.01,23.0,26.5,27.5,29.2
2021-06-19,Mundali_Barrage_Cuttack,Mahanadi,6059.05,14333.03,24.02,26.5,27.5,29.2
2021-06-20,Mundali_Barrage_Cuttack,Mahanadi,946.96,2885.83,23.25,26.5,27.5,29.2
2021-06-21,Mundali_Barrage_Cuttack,Mahanadi,609.29,2084.98,22.7,26.5,27.5,29.2
2021-06-22,Mundali_Barrage_Cuttack,Mahanadi,1200.19,4297.47,22.75,26.5,27.5,29.2
2021-06-23,Mundali_Barrage_Cuttack,Mahanadi,556.29,1993.92,22.45,26.5,27.5,29.2
2021-06-24,Mundali_Barrage_Cuttack,Mahanadi,790.9,2543.02,22.25,26.5,27.5,29.2
2021-06-25,Mundali_Barrage_Cuttack,Mahanadi,693.28,1927.71,22.05,26.5,27.5,29.2
2021-06-26,Mundali_Barrage_Cuttack,Mahanadi,2260.63,8456.94,22.88,26.5,27.5,29.2
2021-06-27,Mundali_Barrage_Cuttack,Mahanadi,711.98,2406.04,22.48,26.5,27.5,29.2
2021-06-28,Mundali_Barrage_Cuttack,Mahanadi,493.6,1644.54,22.07,26.5,27.5,29.2
2021-06-29,Mundali_Barrage_Cuttack,Mahanadi,576.9,1930.94,21.84,26.5,27.5,29.2
2021-06-30,Mundali_Barrage_Cuttack,Mahanadi,797.74,2657.36,21.9,26.5,27.5,29.2
2021-07-01,Mundali_Barrage_Cuttack,Mahanadi,28752.88,55044.05,28.17,26.5,27.5,29.2
2021-07-02,Mundali_Barrage_Cuttack,Mahanadi,605.18,1582.85,25.89,26.5,27.5,29.2
2021-07-03,Mundali_Barrage_Cuttack,Mahanadi,1602.04,5740.06,24.86,26.5,27.5,29.2
2021-07-04,Mundali_Barrage_Cuttack,Mahanadi,1116.25,4046.04,24.01,26.5,27.5,29.2
2021-07-05,Mundali_Barrage_Cuttack,Mahanadi,556.53,1464.39,23.01,26.5,27.5,29.2
2021-07-06,Mundali_Barrage_Cuttack,Mahanadi,557.57,2114.81,22.51,26.5,27.5,29.2
2021-07-07,Mundali_Barrage_Cuttack,Mahanadi,9497.94,19509.91,24.24,26.5,27.5,29.2
2021-07-08,Mundali_Barrage_Cuttack,Mahanadi,720.38,2303.95,23.36,26.5,27.5,29.2
2021-07-09,Mundali_Barrage_Cuttack,Mahanadi,1203.32,3998.94,23.04,26.5,27.5,29.2
2021-07-10,Mundali_Barrage_Cuttack,Mahanadi,1503.12,5562.29,23.14,26.5,27.5,29.2
2021-07-11,Mundali_Barrage_Cuttack,Mahanadi,926.12,3123.53,22.8,26.5,27.5,29.2
2021-07-12,Mundali_Barrage_Cuttack,Mahanadi,1084.08,4090.73,22.64,26.5,27.5,29.2
2021-07-13,Mundali_Barrage_Cuttack,Mahanadi,1076.74,3710.15,22.53,26.5,27.5,29.2
2021-07-14,Mundali_Barrage_Cuttack,Mahanadi,1090.31,4163.69,22.51,26.5,27.5,29.2
2021-07-15,Mundali_Barrage_Cuttack,Mahanadi,8351.96,17632.57,24.11,26.5,27.5,29.2
2021-07-16,Mundali_Barrage_Cuttack,Mahanadi,748.86,2057.5,23.32,26.5,27.5,29.2
2021-07-17,Mundali_Barrage_Cuttack,Mahanadi,7442.56,16752.17,24.48,26.5,27.5,29.2
2021-07-18,Mundali_Barrage_Cuttack,Mahanadi,24661.85,45852.53,28.7,26.5,27.5,29.2
2021-07-19,Mundali_Barrage_Cuttack,Mahanadi,1072.86,3472.61,26.37,26.5,27.5,29.2
2021-07-20,Mundali_Barrage_Cuttack,Mahanadi,655.23,2460.6,24.8,26.5,27.5,29.2
2021-07-21,Mundali_Barrage_Cuttack,Mahanadi,441.54,1627.07,23.7,26.5,27.5,29.2
2021-07-22,Mundali_Barrage_Cuttack,Mahanadi,980.19,3826.95,23.32,26.5,27.5,29.2
2021-07-23,Mundali_Barrage_Cuttack,Mahanadi,2283.39,8459.89,23.57,26.5,27.5,29.2
2021-07-24,Mundali_Barrage_Cuttack,Mahanadi,583.35,2130.56,22.92,26.5,27.5,29.2
2021-07-25,Mundali_Barrage_Cuttack,Mahanadi,2093.63,7696.18,23.19,26.5,27.5,29.2
2021-07-26,Mundali_Barrage_Cuttack,Mahanadi,974.22,3107.7,22.79,26.5,27.5,29.2
2021-07-27,Mundali_Barrage_Cuttack,Mahanadi,567.21,1497.09,22.38,26.5,27.5,29.2
2021-07-28,Mundali_Barrage_Cuttack,Mahanadi,948.68,3304.72,22.34,26.5,27.5,29.2
2021-07-29,Mundali_Barrage_Cuttack,Mahanadi,593.5,1908.35,22.11,26.5,27.5,29.2
2021-07-30,Mundali_Barrage_Cuttack,Mahanadi,9162.35,19140.47,24.05,26.5,27.5,29.2
2021-07-31,Mundali_Barrage_Cuttack,Mahanadi,1063.22,4088.25,23.46,26.5,27.5,29.2
2021-08-01,Mundali_Barrage_Cuttack,Mahanadi,993.17,3545.43,23.06,26.5,27.5,29.2
2021-08-02,Mundali_Barrage_Cuttack,Mahanadi,1167.87,3939.28,22.76,26.5,27.5,29.2
2021-08-03,Mundali_Barrage_Cuttack,Mahanadi,1018.18,3417.28,22.53,26.5,27.5,29.2
2021-08-04,Mundali_Barrage_Cuttack,Mahanadi,24755.92,48142.0,27.75,26.5,27.5,29.2
2021-08-05,Mundali_Barrage_Cuttack,Mahanadi,709.76,2173.13,25.58,26.5,27.5,29.2
2021-08-06,Mundali_Barrage_Cuttack,Mahanadi,26541.02,52964.18,30.2,26.5,27.5,29.2
2021-08-07,Mundali_Barrage_Cuttack,Mahanadi,588.62,1992.27,27.16,26.5,27.5,29.2
2021-08-08,Mundali_Barrage_Cuttack,Mahanadi,8122.54,19150.44,27.3,26.5,27.5,29.2
2021-08-09,Mundali_Barrage_Cuttack,Mahanadi,962.32,3676.68,25.57,26.5,27.5,29.2
2021-08-10,Mundali_Barrage_Cuttack,Mahanadi,1454.93,5226.29,24.62,26.5,27.5,29.2
2021-08-11,Mundali_Barrage_Cuttack,Mahanadi,1389.55,4914.82,24.04,26.5,27.5,29.2
2021-08-12,Mundali_Barrage_Cuttack,Mahanadi,731.84,2184.87,23.22,26.5,27.5,29.2
2021-08-13,Mundali_Barrage_Cuttack,Mahanadi,814.66,2899.62,22.87,26.5,27.5,29.2
2021-08-14,Mundali_Barrage_Cuttack,Mahanadi,906.66,3330.79,22.57,26.5,27.5,29.2
2021-08-15,Mundali_Barrage_Cuttack,Mahanadi,776.88,2544.18,22.23,26.5,27.5,29.2
2021-08-16,Mundali_Barrage_Cuttack,Mahanadi,840.63,2899.19,22.23,26.5,27.5,29.2
2021-08-17,Mundali_Barrage_Cuttack,Mahanadi,989.83,3351.18,22.23,26.5,27.5,29.2
2021-08-18,Mundali_Barrage_Cuttack,Mahanadi,1033.13,3798.84,22.3,26.5,27.5,29.2
2021-08-19,Mundali_Barrage_Cuttack,Mahanadi,499.83,1903.05,22.02,26.5,27.5,29.2
2021-08-20,Mundali_Barrage_Cuttack,Mahanadi,1343.8,4744.23,22.37,26.5,27.5,29.2
2021-08-21,Mundali_Barrage_Cuttack,Mahanadi,1187.42,4316.62,22.39,26.5,27.5,29.2
2021-08-22,Mundali_Barrage_Cuttack,Mahanadi,470.97,1344.19,22.09,26.5,27.5,29.2
2021-08-23,Mundali_Barrage_Cuttack,Mahanadi,1195.02,4313.84,22.3,26.5,27.5,29.2
2021-08-24,Mundali_Barrage_Cuttack,Mahanadi,1061.03,3801.94,22.33,26.5,27.5,29.2
2021-08-25,Mundali_Barrage_Cuttack,Mahanadi,24692.02,46230.15,27.31,26.5,27.5,29.2
2021-08-26,Mundali_Barrage_Cuttack,Mahanadi,1505.4,4970.6,25.73,26.5,27.5,29.2
2021-08-27,Mundali_Barrage_Cuttack,Mahanadi,1939.1,6899.58,24.92,26.5,27.5,29.2
2021-08-28,Mundali_Barrage_Cuttack,Mahanadi,20945.28,49234.14,29.62,26.5,27.5,29.2
2021-08-29,Mundali_Barrage_Cuttack,Mahanadi,431.52,1718.76,26.76,26.5,27.5,29.2
2021-08-30,Mundali_Barrage_Cuttack,Mahanadi,7780.9,18996.14,27.16,26.5,27.5,29.2
2021-08-31,Mundali_Barrage_Cuttack,Mahanadi,600.15,1606.97,25.17,26.5,27.5,29.2
2021-09-01,Mundali_Barrage_Cuttack,Mahanadi,1272.15,4310.29,24.23,26.5,27.5,29.2
2021-09-02,Mundali_Barrage_Cuttack,Mahanadi,670.86,2021.8,23.37,26.5,27.5,29.2
2021-09-03,Mundali_Barrage_Cuttack,Mahanadi,6467.0,16773.49,24.62,26.5,27.5,29.2
2021-09-04,Mundali_Barrage_Cuttack,Mahanadi,1329.97,4869.23,23.94,26.5,27.5,29.2
2021-09-05,Mundali_Barrage_Cuttack,Mahanadi,888.54,2944.97,23.28,26.5,27.5,29.2
2021-09-06,Mundali_Barrage_Cuttack,Mahanadi,422.32,1391.65,22.65,26.5,27.5,29.2
2021-09-07,Mundali_Barrage_Cuttack,Mahanadi,1205.28,3957.43,22.48,26.5,27.5,29.2
2021-09-08,Mundali_Barrage_Cuttack,Mahanadi,1646.49,6226.35,22.74,26.5,27.5,29.2
2021-09-09,Mundali_Barrage_Cuttack,Mahanadi,1813.18,6395.72,22.95,26.5,27.5,29.2
2021-09-10,Mundali_Barrage_Cuttack,Mahanadi,951.21,3247.84,22.68,26.5,27.5,29.2
2021-09-11,Mundali_Barrage_Cuttack,Mahanadi,1643.55,6137.49,22.88,26.5,27.5,29.2
2021-09-12,Mundali_Barrage_Cuttack,Mahanadi,1660.88,6114.62,22.99,26.5,27.5,29.2
2021-09-13,Mundali_Barrage_Cuttack,Mahanadi,6177.77,14953.3,24.13,26.5,27.5,29.2
2021-09-14,Mundali_Barrage_Cuttack,Mahanadi,8142.71,18423.07,25.38,26.5,27.5,29.2
2021-09-15,Mundali_Barrage_Cuttack,Mahanadi,24561.48,50856.71,30.02,26.5,27.5,29.2
2021-09-16,Mundali_Barrage_Cuttack,Mahanadi,24654.3,43904.64,30.2,26.5,27.5,29.2
2021-09-17,Mundali_Barrage_Cuttack,Mahanadi,660.1,2408.11,27.27,26.5,27.5,29.2
2021-09-18,Mundali_Barrage_Cuttack,Mahanadi,1076.68,3797.98,25.48,26.5,27.5,29.2
2021-09-19,Mundali_Barrage_Cuttack,Mahanadi,1566.86,5293.86,24.61,26.5,27.5,29.2
2021-09-20,Mundali_Barrage_Cuttack,Mahanadi,5928.56,13496.01,25.06,26.5,27.5,29.2
2021-09-21,Mundali_Barrage_Cuttack,Mahanadi,1300.23,4662.62,24.2,26.5,27.5,29.2
2021-09-22,Mundali_Barrage_Cuttack,Mahanadi,821.24,2505.98,23.35,26.5,27.5,29.2
2021-09-23,Mundali_Barrage_Cuttack,Mahanadi,612.63,1468.94,22.59,26.5,27.5,29.2
2021-09-24,Mundali_Barrage_Cuttack,Mahanadi,1184.41,3933.18,22.52,26.5,27.5,29.2
2021-09-25,Mundali_Barrage_Cuttack,Mahanadi,9363.37,20650.99,24.46,26.5,27.5,29.2
2021-09-26,Mundali_Barrage_Cuttack,Mahanadi,1171.35,4034.89,23.73,26.5,27.5,29.2
2021-09-27,Mundali_Barrage_Cuttack,Mahanadi,915.59,3349.83,23.22,26.5,27.5,29.2
2021-09-28,Mundali_Barrage_Cuttack,Mahanadi,2289.16,8649.14,23.54,26.5,27.5,29.2
2021-09-29,Mundali_Barrage_Cuttack,Mahanadi,1138.91,4143.43,23.14,26.5,27.5,29.2
2021-09-30,Mundali_Barrage_Cuttack,Mahanadi,10078.97,21595.47,25.04,26.5,27.5,29.2
2021-10-01,Mundali_Barrage_Cuttack,Mahanadi,425.98,1419.47,23.8,26.5,27.5,29.2
2021-10-02,Mundali_Barrage_Cuttack,Mahanadi,668.39,2114.29,23.06,26.5,27.5,29.2
2021-10-03,Mundali_Barrage_Cuttack,Mahanadi,580.01,1370.97,22.56,26.5,27.5,29.2
2021-10-04,Mundali_Barrage_Cuttack,Mahanadi,523.6,1197.15,22.21,26.5,27.5,29.2
2021-10-05,Mundali_Barrage_Cuttack,Mahanadi,461.33,1623.53,21.86,26.5,27.5,29.2
2021-10-06,Mundali_Barrage_Cuttack,Mahanadi,485.63,1562.96,21.69,26.5,27.5,29.2
2021-10-07,Mundali_Barrage_Cuttack,Mahanadi,506.29,1430.39,21.57,26.5,27.5,29.2
2021-10-08,Mundali_Barrage_Cuttack,Mahanadi,576.98,1432.17,21.58,26.5,27.5,29.2
2021-10-09,Mundali_Barrage_Cuttack,Mahanadi,587.64,1270.66,21.46,26.5,27.5,29.2
2021-10-10,Mundali_Barrage_Cuttack,Mahanadi,507.82,1531.28,21.49,26.5,27.5,29.2
2021-10-11,Mundali_Barrage_Cuttack,Mahanadi,480.25,1254.8,21.44,26.5,27.5,29.2
2021-10-12,Mundali_Barrage_Cuttack,Mahanadi,409.51,1247.71,21.43,26.5,27.5,29.2
2021-10-13,Mundali_Barrage_Cuttack,Mahanadi,20247.45,37640.83,25.75,26.5,27.5,29.2
2021-10-14,Mundali_Barrage_Cuttack,Mahanadi,487.75,1407.21,24.31,26.5,27.5,29.2
2021-10-15,Mundali_Barrage_Cuttack,Mahanadi,429.74,1233.87,23.32,26.5,27.5,29.2
2021-10-16,Mundali_Barrage_Cuttack,Mahanadi,547.71,1097.51,22.56,26.5,27.5,29.2
2021-10-17,Mundali_Barrage_Cuttack,Mahanadi,570.29,1648.71,22.17,26.5,27.5,29.2
2021-10-18,Mundali_Barrage_Cuttack,Mahanadi,403.67,1582.41,21.94,26.5,27.5,29.2
2021-10-19,Mundali_Barrage_Cuttack,Mahanadi,524.37,1601.48,21.83,26.5,27.5,29.2
2021-10-20,Mundali_Barrage_Cuttack,Mahanadi,538.41,1572.98,21.76,26.5,27.5,29.2
2021-10-21,Mundali_Barrage_Cuttack,Mahanadi,480.48,1695.29,21.66,26.5,27.5,29.2
2021-10-22,Mundali_Barrage_Cuttack,Mahanadi,598.96,1510.56,21.53,26.5,27.5,29.2
2021-10-23,Mundali_Barrage_Cuttack,Mahanadi,739.15,1981.39,21.59,26.5,27.5,29.2
2021-10-24,Mundali_Barrage_Cuttack,Mahanadi,532.74,1373.25,21.56,26.5,27.5,29.2
2021-10-25,Mundali_Barrage_Cuttack,Mahanadi,575.23,1696.9,21.55,26.5,27.5,29.2
2021-10-26,Mundali_Barrage_Cuttack,Mahanadi,465.97,1399.81,21.47,26.5,27.5,29.2
2021-10-27,Mundali_Barrage_Cuttack,Mahanadi,453.97,1493.42,21.48,26.5,27.5,29.2
2021-10-28,Mundali_Barrage_Cuttack,Mahanadi,490.6,1523.68,21.5,26.5,27.5,29.2
2021-10-29,Mundali_Barrage_Cuttack,Mahanadi,542.18,1856.26,21.53,26.5,27.5,29.2
2021-10-30,Mundali_Barrage_Cuttack,Mahanadi,540.1,1615.4,21.48,26.5,27.5,29.2
2021-10-31,Mundali_Barrage_Cuttack,Mahanadi,590.06,1846.94,21.49,26.5,27.5,29.2
2021-11-01,Mundali_Barrage_Cuttack,Mahanadi,547.41,1598.77,21.6,26.5,27.5,29.2
2021-11-02,Mundali_Barrage_Cuttack,Mahanadi,576.33,1444.46,21.54,26.5,27.5,29.2
2021-11-03,Mundali_Barrage_Cuttack,Mahanadi,596.21,1781.59,21.56,26.5,27.5,29.2
2021-11-04,Mundali_Barrage_Cuttack,Mahanadi,427.71,1406.11,21.5,26.5,27.5,29.2
2021-11-05,Mundali_Barrage_Cuttack,Mahanadi,564.64,1427.8,21.5,26.5,27.5,29.2
2021-11-06,Mundali_Barrage_Cuttack,Mahanadi,26224.93,50660.16,27.29,26.5,27.5,29.2
2021-11-07,Mundali_Barrage_Cuttack,Mahanadi,416.45,1226.71,25.26,26.5,27.5,29.2
2021-11-08,Mundali_Barrage_Cuttack,Mahanadi,533.51,1604.19,23.95,26.5,27.5,29.2
2021-11-09,Mundali_Barrage_Cuttack,Mahanadi,566.16,1586.53,23.14,26.5,27.5,29.2
2021-11-10,Mundali_Barrage_Cuttack,Mahanadi,476.09,1442.72,22.53,26.5,27.5,29.2
2021-11-11,Mundali_Barrage_Cuttack,Mahanadi,24787.91,43808.35,27.08,26.5,27.5,29.2
2021-11-12,Mundali_Barrage_Cuttack,Mahanadi,447.96,1254.84,25.07,26.5,27.5,29.2
2021-11-13,Mundali_Barrage_Cuttack,Mahanadi,765.22,2096.24,23.9,26.5,27.5,29.2
2021-11-14,Mundali_Barrage_Cuttack,Mahanadi,470.56,1664.63,23.19,26.5,27.5,29.2
2021-11-15,Mundali_Barrage_Cuttack,Mahanadi,407.1,1169.22,22.56,26.5,27.5,29.2
2021-11-16,Mundali_Barrage_Cuttack,Mahanadi,408.34,1552.17,22.1,26.5,27.5,29.2
2021-11-17,Mundali_Barrage_Cuttack,Mahanadi,422.37,1234.56,21.76,26.5,27.5,29.2
2021-11-18,Mundali_Barrage_Cuttack,Mahanadi,21435.4,46326.1,27.15,26.5,27.5,29.2
2021-11-19,Mundali_Barrage_Cuttack,Mahanadi,21692.47,43772.96,30.2,26.5,27.5,29.2
2021-11-20,Mundali_Barrage_Cuttack,Mahanadi,29959.67,51328.5,30.2,26.5,27.5,29.2
2021-11-21,Mundali_Barrage_Cuttack,Mahanadi,24397.7,46248.05,30.2,26.5,27.5,29.2
2021-11-22,Mundali_Barrage_Cuttack,Mahanadi,544.74,1085.89,27.08,26.5,27.5,29.2
2021-11-23,Mundali_Barrage_Cuttack,Mahanadi,482.06,1081.84,25.07,26.5,27.5,29.2
2021-11-24,Mundali_Barrage_Cuttack,Mahanadi,549.75,1563.97,23.8,26.5,27.5,29.2
2021-11-25,Mundali_Barrage_Cuttack,Mahanadi,468.31,1574.9,22.94,26.5,27.5,29.2
2021-11-26,Mundali_Barrage_Cuttack,Mahanadi,460.94,1377.09,22.38,26.5,27.5,29.2
2021-11-27,Mundali_Barrage_Cuttack,Mahanadi,544.29,1672.23,22.0,26.5,27.5,29.2
2021-11-28,Mundali_Barrage_Cuttack,Mahanadi,29117.81,51659.56,27.7,26.5,27.5,29.2
2021-11-29,Mundali_Barrage_Cuttack,Mahanadi,463.79,1658.89,25.5,26.5,27.5,29.2
2021-11-30,Mundali_Barrage_Cuttack,Mahanadi,402.62,1481.97,24.05,26.5,27.5,29.2
2021-12-01,Mundali_Barrage_Cuttack,Mahanadi,534.17,1615.37,23.18,26.5,27.5,29.2
2021-12-02,Mundali_Barrage_Cuttack,Mahanadi,575.85,1507.5,22.68,26.5,27.5,29.2
2021-12-03,Mundali_Barrage_Cuttack,Mahanadi,596.72,1370.39,22.25,26.5,27.5,29.2
2021-12-04,Mundali_Barrage_Cuttack,Mahanadi,528.46,1745.0,22.02,26.5,27.5,29.2
2021-12-05,Mundali_Barrage_Cuttack,Mahanadi,435.74,1332.11,21.83,26.5,27.5,29.2
2021-12-06,Mundali_Barrage_Cuttack,Mahanadi,475.46,1227.61,21.73,26.5,27.5,29.2
2021-12-07,Mundali_Barrage_Cuttack,Mahanadi,575.43,1447.02,21.58,26.5,27.5,29.2
2021-12-08,Mundali_Barrage_Cuttack,Mahanadi,422.59,1566.91,21.48,26.5,27.5,29.2
2021-12-09,Mundali_Barrage_Cuttack,Mahanadi,764.58,2711.02,21.56,26.5,27.5,29.2
2021-12-10,Mundali_Barrage_Cuttack,Mahanadi,512.13,1578.5,21.57,26.5,27.5,29.2
2021-12-11,Mundali_Barrage_Cuttack,Mahanadi,534.14,1639.64,21.54,26.5,27.5,29.2
2021-12-12,Mundali_Barrage_Cuttack,Mahanadi,524.52,1466.04,21.49,26.5,27.5,29.2
2021-12-13,Mundali_Barrage_Cuttack,Mahanadi,514.38,1527.75,21.57,26.5,27.5,29.2
2021-12-14,Mundali_Barrage_Cuttack,Mahanadi,557.23,1397.14,21.49,26.5,27.5,29.2
2021-12-15,Mundali_Barrage_Cuttack,Mahanadi,410.78,1599.97,21.53,26.5,27.5,29.2
2021-12-16,Mundali_Barrage_Cuttack,Mahanadi,465.23,1323.07,21.49,26.5,27.5,29.2
2021-12-17,Mundali_Barrage_Cuttack,Mahanadi,419.86,1205.58,21.52,26.5,27.5,29.2
2021-12-18,Mundali_Barrage_Cuttack,Mahanadi,659.07,2028.83,21.58,26.5,27.5,29.2
2021-12-19,Mundali_Barrage_Cuttack,Mahanadi,462.93,1738.54,21.56,26.5,27.5,29.2
2021-12-20,Mundali_Barrage_Cuttack,Mahanadi,554.8,1419.9,21.55,26.5,27.5,29.2
2021-12-21,Mundali_Barrage_Cuttack,Mahanadi,438.51,1599.11,21.56,26.5,27.5,29.2
2021-12-22,Mundali_Barrage_Cuttack,Mahanadi,463.83,1449.39,21.49,26.5,27.5,29.2
2021-12-23,Mundali_Barrage_Cuttack,Mahanadi,459.94,1360.16,21.45,26.5,27.5,29.2
2021-12-24,Mundali_Barrage_Cuttack,Mahanadi,462.98,1140.61,21.47,26.5,27.5,29.2
2021-12-25,Mundali_Barrage_Cuttack,Mahanadi,404.13,1282.53,21.41,26.5,27.5,29.2
2021-12-26,Mundali_Barrage_Cuttack,Mahanadi,716.44,2243.82,21.48,26.5,27.5,29.2
2021-12-27,Mundali_Barrage_Cuttack,Mahanadi,491.48,1535.98,21.46,26.5,27.5,29.2
2021-12-28,Mundali_Barrage_Cuttack,Mahanadi,413.45,1273.3,21.54,26.5,27.5,29.2
2021-12-29,Mundali_Barrage_Cuttack,Mahanadi,566.21,1693.07,21.49,26.5,27.5,29.2
2021-12-30,Mundali_Barrage_Cuttack,Mahanadi,546.05,1488.45,21.45,26.5,27.5,29.2
2021-12-31,Mundali_Barrage_Cuttack,Mahanadi,416.04,1352.41,21.47,26.5,27.5,29.2
2022-01-01,Mundali_Barrage_Cuttack,Mahanadi,557.57,1553.62,21.58,26.5,27.5,29.2
2022-01-02,Mundali_Barrage_Cuttack,Mahanadi,417.94,1193.29,21.53,26.5,27.5,29.2
2022-01-03,Mundali_Barrage_Cuttack,Mahanadi,482.88,1616.13,21.54,26.5,27.5,29.2
2022-01-04,Mundali_Barrage_Cuttack,Mahanadi,537.01,1364.2,21.52,26.5,27.5,29.2
2022-01-05,Mundali_Barrage_Cuttack,Mahanadi,469.23,1402.24,21.44,26.5,27.5,29.2
2022-01-06,Mundali_Barrage_Cuttack,Mahanadi,640.94,1728.57,21.48,26.5,27.5,29.2
2022-01-07,Mundali_Barrage_Cuttack,Mahanadi,594.85,1548.09,21.49,26.5,27.5,29.2
2022-01-08,Mundali_Barrage_Cuttack,Mahanadi,584.36,1241.35,21.41,26.5,27.5,29.2
2022-01-09,Mundali_Barrage_Cuttack,Mahanadi,492.21,1510.5,21.48,26.5,27.5,29.2
2022-01-10,Mundali_Barrage_Cuttack,Mahanadi,411.85,1445.9,21.53,26.5,27.5,29.2
2022-01-11,Mundali_Barrage_Cuttack,Mahanadi,437.51,1389.98,21.49,26.5,27.5,29.2
2022-01-12,Mundali_Barrage_Cuttack,Mahanadi,483.94,1437.68,21.58,26.5,27.5,29.2
2022-01-13,Mundali_Barrage_Cuttack,Mahanadi,567.37,1320.65,21.51,26.5,27.5,29.2
2022-01-14,Mundali_Barrage_Cuttack,Mahanadi,565.38,1766.98,21.59,26.5,27.5,29.2
2022-01-15,Mundali_Barrage_Cuttack,Mahanadi,442.69,1246.92,21.54,26.5,27.5,29.2
2022-01-16,Mundali_Barrage_Cuttack,Mahanadi,489.43,1702.02,21.58,26.5,27.5,29.2
2022-01-17,Mundali_Barrage_Cuttack,Mahanadi,447.81,1253.32,21.45,26.5,27.5,29.2
2022-01-18,Mundali_Barrage_Cuttack,Mahanadi,519.6,1637.41,21.5,26.5,27.5,29.2
2022-01-19,Mundali_Barrage_Cuttack,Mahanadi,500.19,1304.13,21.36,26.5,27.5,29.2
2022-01-20,Mundali_Barrage_Cuttack,Mahanadi,477.68,1345.54,21.31,26.5,27.5,29.2
2022-01-21,Mundali_Barrage_Cuttack,Mahanadi,508.8,1363.55,21.47,26.5,27.5,29.2
2022-01-22,Mundali_Barrage_Cuttack,Mahanadi,664.03,1939.8,21.61,26.5,27.5,29.2
2022-01-23,Mundali_Barrage_Cuttack,Mahanadi,578.09,1690.21,21.61,26.5,27.5,29.2
2022-01-24,Mundali_Barrage_Cuttack,Mahanadi,591.28,1431.99,21.5,26.5,27.5,29.2
2022-01-25,Mundali_Barrage_Cuttack,Mahanadi,577.79,1576.94,21.46,26.5,27.5,29.2
2022-01-26,Mundali_Barrage_Cuttack,Mahanadi,512.33,1505.17,21.47,26.5,27.5,29.2
2022-01-27,Mundali_Barrage_Cuttack,Mahanadi,463.72,1385.84,21.44,26.5,27.5,29.2
2022-01-28,Mundali_Barrage_Cuttack,Mahanadi,464.57,1232.08,21.35,26.5,27.5,29.2
2022-01-29,Mundali_Barrage_Cuttack,Mahanadi,567.97,1738.63,21.46,26.5,27.5,29.2
2022-01-30,Mundali_Barrage_Cuttack,Mahanadi,527.2,1747.59,21.54,26.5,27.5,29.2
2022-01-31,Mundali_Barrage_Cuttack,Mahanadi,578.37,1687.67,21.56,26.5,27.5,29.2
2022-02-01,Mundali_Barrage_Cuttack,Mahanadi,475.67,1440.76,21.6,26.5,27.5,29.2
2022-02-02,Mundali_Barrage_Cuttack,Mahanadi,402.63,1458.36,21.6,26.5,27.5,29.2
2022-02-03,Mundali_Barrage_Cuttack,Mahanadi,433.03,1212.44,21.51,26.5,27.5,29.2
2022-02-04,Mundali_Barrage_Cuttack,Mahanadi,520.66,1253.36,21.4,26.5,27.5,29.2
2022-02-05,Mundali_Barrage_Cuttack,Mahanadi,617.9,1782.54,21.46,26.5,27.5,29.2
2022-02-06,Mundali_Barrage_Cuttack,Mahanadi,517.89,1650.69,21.39,26.5,27.5,29.2
2022-02-07,Mundali_Barrage_Cuttack,Mahanadi,497.92,1435.62,21.41,26.5,27.5,29.2
2022-02-08,Mundali_Barrage_Cuttack,Mahanadi,566.2,1413.37,21.43,26.5,27.5,29.2
2022-02-09,Mundali_Barrage_Cuttack,Mahanadi,519.48,1318.1,21.45,26.5,27.5,29.2
2022-02-10,Mundali_Barrage_Cuttack,Mahanadi,478.82,1170.16,21.49,26.5,27.5,29.2
2022-02-11,Mundali_Barrage_Cuttack,Mahanadi,474.99,1533.76,21.53,26.5,27.5,29.2
2022-02-12,Mundali_Barrage_Cuttack,Mahanadi,401.95,1520.71,21.42,26.5,27.5,29.2
2022-02-13,Mundali_Barrage_Cuttack,Mahanadi,490.55,1379.97,21.49,26.5,27.5,29.2
2022-02-14,Mundali_Barrage_Cuttack,Mahanadi,646.17,2106.03,21.59,26.5,27.5,29.2
2022-02-15,Mundali_Barrage_Cuttack,Mahanadi,465.8,1203.9,21.5,26.5,27.5,29.2
2022-02-16,Mundali_Barrage_Cuttack,Mahanadi,489.99,1467.64,21.42,26.5,27.5,29.2
2022-02-17,Mundali_Barrage_Cuttack,Mahanadi,532.74,1409.0,21.39,26.5,27.5,29.2
2022-02-18,Mundali_Barrage_Cuttack,Mahanadi,532.27,1482.29,21.24,26.5,27.5,29.2
2022-02-19,Mundali_Barrage_Cuttack,Mahanadi,425.63,1423.12,21.37,26.5,27.5,29.2
2022-02-20,Mundali_Barrage_Cuttack,Mahanadi,427.08,1531.1,21.38,26.5,27.5,29.2
2022-02-21,Mundali_Barrage_Cuttack,Mahanadi,513.67,1426.84,21.35,26.5,27.5,29.2
2022-02-22,Mundali_Barrage_Cuttack,Mahanadi,448.54,1566.46,21.4,26.5,27.5,29.2
2022-02-23,Mundali_Barrage_Cuttack,Mahanadi,487.25,1564.66,21.42,26.5,27.5,29.2
2022-02-24,Mundali_Barrage_Cuttack,Mahanadi,576.14,1468.73,21.46,26.5,27.5,29.2
2022-02-25,Mundali_Barrage_Cuttack,Mahanadi,589.64,1466.15,21.53,26.5,27.5,29.2
2022-02-26,Mundali_Barrage_Cuttack,Mahanadi,598.14,1627.26,21.55,26.5,27.5,29.2
2022-02-27,Mundali_Barrage_Cuttack,Mahanadi,507.47,1258.91,21.48,26.5,27.5,29.2
2022-02-28,Mundali_Barrage_Cuttack,Mahanadi,461.15,1361.21,21.54,26.5,27.5,29.2
2022-03-01,Mundali_Barrage_Cuttack,Mahanadi,576.45,1553.6,21.45,26.5,27.5,29.2
2022-03-02,Mundali_Barrage_Cuttack,Mahanadi,529.39,1637.92,21.47,26.5,27.5,29.2
2022-03-03,Mundali_Barrage_Cuttack,Mahanadi,597.91,1635.49,21.44,26.5,27.5,29.2
2022-03-04,Mundali_Barrage_Cuttack,Mahanadi,474.54,1323.58,21.51,26.5,27.5,29.2
2022-03-05,Mundali_Barrage_Cuttack,Mahanadi,960.82,3250.77,21.81,26.5,27.5,29.2
2022-03-06,Mundali_Barrage_Cuttack,Mahanadi,507.9,1433.98,21.63,26.5,27.5,29.2
2022-03-07,Mundali_Barrage_Cuttack,Mahanadi,537.66,1713.98,21.59,26.5,27.5,29.2
2022-03-08,Mundali_Barrage_Cuttack,Mahanadi,581.31,1489.75,21.6,26.5,27.5,29.2
2022-03-09,Mundali_Barrage_Cuttack,Mahanadi,543.46,1298.48,21.5,26.5,27.5,29.2
2022-03-10,Mundali_Barrage_Cuttack,Mahanadi,468.58,1377.88,21.44,26.5,27.5,29.2
2022-03-11,Mundali_Barrage_Cuttack,Mahanadi,655.35,2072.91,21.54,26.5,27.5,29.2
2022-03-12,Mundali_Barrage_Cuttack,Mahanadi,580.49,1454.87,21.48,26.5,27.5,29.2
2022-03-13,Mundali_Barrage_Cuttack,Mahanadi,503.8,1409.81,21.46,26.5,27.5,29.2
2022-03-14,Mundali_Barrage_Cuttack,Mahanadi,444.21,1079.91,21.39,26.5,27.5,29.2
2022-03-15,Mundali_Barrage_Cuttack,Mahanadi,542.52,1318.95,21.4,26.5,27.5,29.2
2022-03-16,Mundali_Barrage_Cuttack,Mahanadi,578.89,1706.87,21.39,26.5,27.5,29.2
2022-03-17,Mundali_Barrage_Cuttack,Mahanadi,681.08,2018.74,21.51,26.5,27.5,29.2
2022-03-18,Mundali_Barrage_Cuttack,Mahanadi,523.17,1667.07,21.45,26.5,27.5,29.2
2022-03-19,Mundali_Barrage_Cuttack,Mahanadi,492.68,1609.2,21.45,26.5,27.5,29.2
2022-03-20,Mundali_Barrage_Cuttack,Mahanadi,410.03,845.49,21.49,26.5,27.5,29.2
2022-03-21,Mundali_Barrage_Cuttack,Mahanadi,472.36,1669.28,21.54,26.5,27.5,29.2
2022-03-22,Mundali_Barrage_Cuttack,Mahanadi,831.37,2625.92,21.72,26.5,27.5,29.2
2022-03-23,Mundali_Barrage_Cuttack,Mahanadi,423.36,1203.87,21.58,26.5,27.5,29.2
2022-03-24,Mundali_Barrage_Cuttack,Mahanadi,586.44,1713.74,21.6,26.5,27.5,29.2
2022-03-25,Mundali_Barrage_Cuttack,Mahanadi,530.45,1310.53,21.53,26.5,27.5,29.2
2022-03-26,Mundali_Barrage_Cuttack,Mahanadi,489.64,1562.44,21.48,26.5,27.5,29.2
2022-03-27,Mundali_Barrage_Cuttack,Mahanadi,432.05,1519.61,21.53,26.5,27.5,29.2
2022-03-28,Mundali_Barrage_Cuttack,Mahanadi,576.46,1714.16,21.5,26.5,27.5,29.2
2022-03-29,Mundali_Barrage_Cuttack,Mahanadi,564.82,1703.8,21.53,26.5,27.5,29.2
2022-03-30,Mundali_Barrage_Cuttack,Mahanadi,565.81,1431.62,21.53,26.5,27.5,29.2
2022-03-31,Mundali_Barrage_Cuttack,Mahanadi,543.83,1684.4,21.56,26.5,27.5,29.2
2022-04-01,Mundali_Barrage_Cuttack,Mahanadi,467.79,1418.21,21.49,26.5,27.5,29.2
2022-04-02,Mundali_Barrage_Cuttack,Mahanadi,473.17,1515.03,21.52,26.5,27.5,29.2
2022-04-03,Mundali_Barrage_Cuttack,Mahanadi,782.49,2183.02,21.65,26.5,27.5,29.2
2022-04-04,Mundali_Barrage_Cuttack,Mahanadi,466.82,1266.38,21.56,26.5,27.5,29.2
2022-04-05,Mundali_Barrage_Cuttack,Mahanadi,528.54,1651.66,21.46,26.5,27.5,29.2
2022-04-06,Mundali_Barrage_Cuttack,Mahanadi,566.8,1658.3,21.48,26.5,27.5,29.2
2022-04-07,Mundali_Barrage_Cuttack,Mahanadi,441.55,1146.25,21.52,26.5,27.5,29.2
2022-04-08,Mundali_Barrage_Cuttack,Mahanadi,554.84,1501.98,21.63,26.5,27.5,29.2
2022-04-09,Mundali_Barrage_Cuttack,Mahanadi,582.6,1364.75,21.52,26.5,27.5,29.2
2022-04-10,Mundali_Barrage_Cuttack,Mahanadi,521.62,1328.14,21.59,26.5,27.5,29.2
2022-04-11,Mundali_Barrage_Cuttack,Mahanadi,497.32,1414.62,21.52,26.5,27.5,29.2
2022-04-12,Mundali_Barrage_Cuttack,Mahanadi,595.12,1635.92,21.52,26.5,27.5,29.2
2022-04-13,Mundali_Barrage_Cuttack,Mahanadi,460.77,1530.44,21.55,26.5,27.5,29.2
2022-04-14,Mundali_Barrage_Cuttack,Mahanadi,458.94,1713.52,21.59,26.5,27.5,29.2
2022-04-15,Mundali_Barrage_Cuttack,Mahanadi,496.23,1501.23,21.56,26.5,27.5,29.2
2022-04-16,Mundali_Barrage_Cuttack,Mahanadi,570.12,1532.84,21.6,26.5,27.5,29.2
2022-04-17,Mundali_Barrage_Cuttack,Mahanadi,476.29,1413.49,21.61,26.5,27.5,29.2
2022-04-18,Mundali_Barrage_Cuttack,Mahanadi,449.27,1210.86,21.53,26.5,27.5,29.2
2022-04-19,Mundali_Barrage_Cuttack,Mahanadi,538.33,1317.31,21.44,26.5,27.5,29.2
2022-04-20,Mundali_Barrage_Cuttack,Mahanadi,591.3,1671.36,21.5,26.5,27.5,29.2
2022-04-21,Mundali_Barrage_Cuttack,Mahanadi,524.74,1554.61,21.52,26.5,27.5,29.2
2022-04-22,Mundali_Barrage_Cuttack,Mahanadi,519.75,1455.5,21.53,26.5,27.5,29.2
2022-04-23,Mundali_Barrage_Cuttack,Mahanadi,505.68,1474.05,21.44,26.5,27.5,29.2
2022-04-24,Mundali_Barrage_Cuttack,Mahanadi,522.24,1466.01,21.46,26.5,27.5,29.2
2022-04-25,Mundali_Barrage_Cuttack,Mahanadi,624.95,1858.07,21.49,26.5,27.5,29.2
2022-04-26,Mundali_Barrage_Cuttack,Mahanadi,443.26,1455.79,21.47,26.5,27.5,29.2
2022-04-27,Mundali_Barrage_Cuttack,Mahanadi,676.41,2063.85,21.57,26.5,27.5,29.2
2022-04-28,Mundali_Barrage_Cuttack,Mahanadi,435.29,1482.89,21.61,26.5,27.5,29.2
2022-04-29,Mundali_Barrage_Cuttack,Mahanadi,418.31,1239.63,21.55,26.5,27.5,29.2
2022-04-30,Mundali_Barrage_Cuttack,Mahanadi,493.55,1550.71,21.41,26.5,27.5,29.2
2022-05-01,Mundali_Barrage_Cuttack,Mahanadi,541.3,1528.7,21.53,26.5,27.5,29.2
2022-05-02,Mundali_Barrage_Cuttack,Mahanadi,492.87,1594.82,21.5,26.5,27.5,29.2
2022-05-03,Mundali_Barrage_Cuttack,Mahanadi,26329.35,51533.05,27.5,26.5,27.5,29.2
2022-05-04,Mundali_Barrage_Cuttack,Mahanadi,465.58,1386.64,25.37,26.5,27.5,29.2
2022-05-05,Mundali_Barrage_Cuttack,Mahanadi,477.11,1578.65,23.98,26.5,27.5,29.2
2022-05-06,Mundali_Barrage_Cuttack,Mahanadi,593.41,1765.4,23.12,26.5,27.5,29.2
2022-05-07,Mundali_Barrage_Cuttack,Mahanadi,539.94,1533.59,22.52,26.5,27.5,29.2
2022-05-08,Mundali_Barrage_Cuttack,Mahanadi,507.1,1440.09,22.13,26.5,27.5,29.2
2022-05-09,Mundali_Barrage_Cuttack,Mahanadi,500.71,1551.03,21.91,26.5,27.5,29.2
2022-05-10,Mundali_Barrage_Cuttack,Mahanadi,500.01,1432.64,21.79,26.5,27.5,29.2
2022-05-11,Mundali_Barrage_Cuttack,Mahanadi,514.55,1596.52,21.73,26.5,27.5,29.2
2022-05-12,Mundali_Barrage_Cuttack,Mahanadi,500.68,1629.95,21.58,26.5,27.5,29.2
2022-05-13,Mundali_Barrage_Cuttack,Mahanadi,645.21,1839.02,21.55,26.5,27.5,29.2
2022-05-14,Mundali_Barrage_Cuttack,Mahanadi,477.62,1331.97,21.53,26.5,27.5,29.2
2022-05-15,Mundali_Barrage_Cuttack,Mahanadi,429.43,1258.86,21.51,26.5,27.5,29.2
2022-05-16,Mundali_Barrage_Cuttack,Mahanadi,497.54,1679.82,21.43,26.5,27.5,29.2
2022-05-17,Mundali_Barrage_Cuttack,Mahanadi,531.93,1212.29,21.37,26.5,27.5,29.2
2022-05-18,Mundali_Barrage_Cuttack,Mahanadi,581.63,1650.94,21.48,26.5,27.5,29.2
2022-05-19,Mundali_Barrage_Cuttack,Mahanadi,27168.75,46353.28,26.7,26.5,27.5,29.2
2022-05-20,Mundali_Barrage_Cuttack,Mahanadi,549.82,1247.27,24.87,26.5,27.5,29.2
2022-05-21,Mundali_Barrage_Cuttack,Mahanadi,549.16,1608.88,23.65,26.5,27.5,29.2
2022-05-22,Mundali_Barrage_Cuttack,Mahanadi,564.21,1525.67,22.96,26.5,27.5,29.2
2022-05-23,Mundali_Barrage_Cuttack,Mahanadi,438.5,1409.83,22.4,26.5,27.5,29.2
2022-05-24,Mundali_Barrage_Cuttack,Mahanadi,621.05,1584.01,22.1,26.5,27.5,29.2
2022-05-25,Mundali_Barrage_Cuttack,Mahanadi,586.98,1558.48,21.89,26.5,27.5,29.2
2022-05-26,Mundali_Barrage_Cuttack,Mahanadi,518.97,1584.17,21.79,26.5,27.5,29.2
2022-05-27,Mundali_Barrage_Cuttack,Mahanadi,628.96,1742.17,21.66,26.5,27.5,29.2
2022-05-28,Mundali_Barrage_Cuttack,Mahanadi,559.99,1587.18,21.62,26.5,27.5,29.2
2022-05-29,Mundali_Barrage_Cuttack,Mahanadi,566.15,1263.56,21.45,26.5,27.5,29.2
2022-05-30,Mundali_Barrage_Cuttack,Mahanadi,450.67,1452.79,21.51,26.5,27.5,29.2
2022-05-31,Mundali_Barrage_Cuttack,Mahanadi,645.04,1755.13,21.52,26.5,27.5,29.2
2022-06-01,Mundali_Barrage_Cuttack,Mahanadi,1176.49,4105.8,21.83,26.5,27.5,29.2
2022-06-02,Mundali_Barrage_Cuttack,Mahanadi,1999.6,7549.33,22.51,26.5,27.5,29.2
2022-06-03,Mundali_Barrage_Cuttack,Mahanadi,1865.48,6559.11,22.74,26.5,27.5,29.2
2022-06-04,Mundali_Barrage_Cuttack,Mahanadi,1259.82,4404.92,22.76,26.5,27.5,29.2
2022-06-05,Mundali_Barrage_Cuttack,Mahanadi,744.51,2431.67,22.44,26.5,27.5,29.2
2022-06-06,Mundali_Barrage_Cuttack,Mahanadi,1625.48,5987.64,22.68,26.5,27.5,29.2
2022-06-07,Mundali_Barrage_Cuttack,Mahanadi,1041.09,3659.34,22.54,26.5,27.5,29.2
2022-06-08,Mundali_Barrage_Cuttack,Mahanadi,1428.23,5290.4,22.73,26.5,27.5,29.2
2022-06-09,Mundali_Barrage_Cuttack,Mahanadi,739.99,2374.56,22.42,26.5,27.5,29.2
2022-06-10,Mundali_Barrage_Cuttack,Mahanadi,1727.82,6228.47,22.67,26.5,27.5,29.2
2022-06-11,Mundali_Barrage_Cuttack,Mahanadi,1803.28,6599.92,22.96,26.5,27.5,29.2
2022-06-12,Mundali_Barrage_Cuttack,Mahanadi,1014.32,3132.66,22.56,26.5,27.5,29.2
2022-06-13,Mundali_Barrage_Cuttack,Mahanadi,699.75,2265.08,22.29,26.5,27.5,29.2
2022-06-14,Mundali_Barrage_Cuttack,Mahanadi,9396.92,18897.91,24.07,26.5,27.5,29.2
2022-06-15,Mundali_Barrage_Cuttack,Mahanadi,1686.3,5979.26,23.72,26.5,27.5,29.2
2022-06-16,Mundali_Barrage_Cuttack,Mahanadi,1666.11,6527.22,23.55,26.5,27.5,29.2
2022-06-17,Mundali_Barrage_Cuttack,Mahanadi,1267.92,4639.45,23.24,26.5,27.5,29.2
2022-06-18,Mundali_Barrage_Cuttack,Mahanadi,1047.21,4147.2,22.91,26.5,27.5,29.2
2022-06-19,Mundali_Barrage_Cuttack,Mahanadi,1565.34,5841.85,23.03,26.5,27.5,29.2
2022-06-20,Mundali_Barrage_Cuttack,Mahanadi,854.93,2950.07,22.68,26.5,27.5,29.2
2022-06-21,Mundali_Barrage_Cuttack,Mahanadi,2088.42,7913.99,23.03,26.5,27.5,29.2
2022-06-22,Mundali_Barrage_Cuttack,Mahanadi,1118.8,3627.58,22.8,26.5,27.5,29.2
2022-06-23,Mundali_Barrage_Cuttack,Mahanadi,8788.97,17495.72,24.27,26.5,27.5,29.2
2022-06-24,Mundali_Barrage_Cuttack,Mahanadi,22040.11,39721.66,27.84,26.5,27.5,29.2
2022-06-25,Mundali_Barrage_Cuttack,Mahanadi,29244.66,58672.16,30.2,26.5,27.5,29.2
2022-06-26,Mundali_Barrage_Cuttack,Mahanadi,523.75,2043.08,27.14,26.5,27.5,29.2
2022-06-27,Mundali_Barrage_Cuttack,Mahanadi,25460.41,43424.44,30.03,26.5,27.5,29.2
2022-06-28,Mundali_Barrage_Cuttack,Mahanadi,28408.25,49416.12,30.2,26.5,27.5,29.2
2022-06-29,Mundali_Barrage_Cuttack,Mahanadi,561.72,1792.01,27.13,26.5,27.5,29.2
2022-06-30,Mundali_Barrage_Cuttack,Mahanadi,579.85,1782.13,25.17,26.5,27.5,29.2
2022-07-01,Mundali_Barrage_Cuttack,Mahanadi,1019.89,3559.33,24.19,26.5,27.5,29.2
2022-07-02,Mundali_Barrage_Cuttack,Mahanadi,787.5,2584.02,23.34,26.5,27.5,29.2
2022-07-03,Mundali_Barrage_Cuttack,Mahanadi,955.49,3424.69,22.9,26.5,27.5,29.2
2022-07-04,Mundali_Barrage_Cuttack,Mahanadi,643.13,2328.01,22.5,26.5,27.5,29.2
2022-07-05,Mundali_Barrage_Cuttack,Mahanadi,23511.8,48868.08,28.02,26.5,27.5,29.2
2022-07-06,Mundali_Barrage_Cuttack,Mahanadi,10881.24,21520.26,28.19,26.5,27.5,29.2
2022-07-07,Mundali_Barrage_Cuttack,Mahanadi,27932.08,53437.96,30.2,26.5,27.5,29.2
2022-07-08,Mundali_Barrage_Cuttack,Mahanadi,2165.03,8039.61,27.98,26.5,27.5,29.2
2022-07-09,Mundali_Barrage_Cuttack,Mahanadi,601.17,1836.8,25.73,26.5,27.5,29.2
2022-07-10,Mundali_Barrage_Cuttack,Mahanadi,1601.4,6101.52,24.79,26.5,27.5,29.2
2022-07-11,Mundali_Barrage_Cuttack,Mahanadi,502.31,1220.91,23.59,26.5,27.5,29.2
2022-07-12,Mundali_Barrage_Cuttack,Mahanadi,26106.83,54703.64,29.41,26.5,27.5,29.2
2022-07-13,Mundali_Barrage_Cuttack,Mahanadi,630.81,1887.1,26.69,26.5,27.5,29.2
2022-07-14,Mundali_Barrage_Cuttack,Mahanadi,25637.66,49543.51,30.2,26.5,27.5,29.2
2022-07-15,Mundali_Barrage_Cuttack,Mahanadi,926.65,3201.63,27.37,26.5,27.5,29.2
2022-07-16,Mundali_Barrage_Cuttack,Mahanadi,697.52,2470.4,25.43,26.5,27.5,29.2
2022-07-17,Mundali_Barrage_Cuttack,Mahanadi,6862.87,15789.79,25.75,26.5,27.5,29.2
2022-07-18,Mundali_Barrage_Cuttack,Mahanadi,22533.5,48693.64,30.16,26.5,27.5,29.2
2022-07-19,Mundali_Barrage_Cuttack,Mahanadi,1341.14,4544.63,27.55,26.5,27.5,29.2
2022-07-20,Mundali_Barrage_Cuttack,Mahanadi,819.48,3030.72,25.68,26.5,27.5,29.2
2022-07-21,Mundali_Barrage_Cuttack,Mahanadi,630.11,1966.19,24.19,26.5,27.5,29.2
2022-07-22,Mundali_Barrage_Cuttack,Mahanadi,678.68,2463.3,23.37,26.5,27.5,29.2
2022-07-23,Mundali_Barrage_Cuttack,Mahanadi,21916.61,42521.11,27.66,26.5,27.5,29.2
2022-07-24,Mundali_Barrage_Cuttack,Mahanadi,28467.12,56068.68,30.2,26.5,27.5,29.2
2022-07-25,Mundali_Barrage_Cuttack,Mahanadi,8152.03,18636.4,29.36,26.5,27.5,29.2
2022-07-26,Mundali_Barrage_Cuttack,Mahanadi,1117.27,3521.05,26.85,26.5,27.5,29.2
2022-07-27,Mundali_Barrage_Cuttack,Mahanadi,2141.28,7785.14,25.82,26.5,27.5,29.2
2022-07-28,Mundali_Barrage_Cuttack,Mahanadi,661.78,2004.97,24.28,26.5,27.5,29.2
2022-07-29,Mundali_Barrage_Cuttack,Mahanadi,6281.64,14496.71,24.95,26.5,27.5,29.2
2022-07-30,Mundali_Barrage_Cuttack,Mahanadi,725.61,2005.71,23.81,26.5,27.5,29.2
2022-07-31,Mundali_Barrage_Cuttack,Mahanadi,1251.24,4666.95,23.45,26.5,27.5,29.2
2022-08-01,Mundali_Barrage_Cuttack,Mahanadi,1142.24,3796.31,23.11,26.5,27.5,29.2
2022-08-02,Mundali_Barrage_Cuttack,Mahanadi,425.31,1339.88,22.45,26.5,27.5,29.2
2022-08-03,Mundali_Barrage_Cuttack,Mahanadi,582.34,1950.08,22.1,26.5,27.5,29.2
2022-08-04,Mundali_Barrage_Cuttack,Mahanadi,492.33,1132.69,21.78,26.5,27.5,29.2
2022-08-05,Mundali_Barrage_Cuttack,Mahanadi,846.9,2986.88,21.86,26.5,27.5,29.2
2022-08-06,Mundali_Barrage_Cuttack,Mahanadi,1473.58,5342.59,22.26,26.5,27.5,29.2
2022-08-07,Mundali_Barrage_Cuttack,Mahanadi,1118.46,3792.08,22.33,26.5,27.5,29.2
2022-08-08,Mundali_Barrage_Cuttack,Mahanadi,1070.95,3903.82,22.37,26.5,27.5,29.2
2022-08-09,Mundali_Barrage_Cuttack,Mahanadi,454.38,1177.96,22.05,26.5,27.5,29.2
2022-08-10,Mundali_Barrage_Cuttack,Mahanadi,1461.07,5044.59,22.34,26.5,27.5,29.2
2022-08-11,Mundali_Barrage_Cuttack,Mahanadi,1006.7,3122.15,22.31,26.5,27.5,29.2
2022-08-12,Mundali_Barrage_Cuttack,Mahanadi,934.42,3056.93,22.16,26.5,27.5,29.2
2022-08-13,Mundali_Barrage_Cuttack,Mahanadi,411.78,1356.69,21.9,26.5,27.5,29.2
2022-08-14,Mundali_Barrage_Cuttack,Mahanadi,539.14,1718.9,21.66,26.5,27.5,29.2
2022-08-15,Mundali_Barrage_Cuttack,Mahanadi,787.12,2569.59,21.62,26.5,27.5,29.2
2022-08-16,Mundali_Barrage_Cuttack,Mahanadi,1482.4,5500.63,22.04,26.5,27.5,29.2
2022-08-17,Mundali_Barrage_Cuttack,Mahanadi,791.15,2473.77,22.03,26.5,27.5,29.2
2022-08-18,Mundali_Barrage_Cuttack,Mahanadi,738.85,2218.06,21.92,26.5,27.5,29.2
2022-08-19,Mundali_Barrage_Cuttack,Mahanadi,1484.06,5564.66,22.24,26.5,27.5,29.2
2022-08-20,Mundali_Barrage_Cuttack,Mahanadi,1201.03,4075.35,22.37,26.5,27.5,29.2
2022-08-21,Mundali_Barrage_Cuttack,Mahanadi,1367.48,4918.31,22.61,26.5,27.5,29.2
2022-08-22,Mundali_Barrage_Cuttack,Mahanadi,806.79,2776.33,22.34,26.5,27.5,29.2
2022-08-23,Mundali_Barrage_Cuttack,Mahanadi,1182.53,4222.03,22.4,26.5,27.5,29.2
2022-08-24,Mundali_Barrage_Cuttack,Mahanadi,6647.92,14317.55,23.62,26.5,27.5,29.2
2022-08-25,Mundali_Barrage_Cuttack,Mahanadi,1575.41,6013.81,23.41,26.5,27.5,29.2
2022-08-26,Mundali_Barrage_Cuttack,Mahanadi,636.27,1859.84,22.79,26.5,27.5,29.2
2022-08-27,Mundali_Barrage_Cuttack,Mahanadi,1852.52,6556.63,23.0,26.5,27.5,29.2
2022-08-28,Mundali_Barrage_Cuttack,Mahanadi,1013.52,3398.91,22.73,26.5,27.5,29.2
2022-08-29,Mundali_Barrage_Cuttack,Mahanadi,1988.98,7297.33,23.07,26.5,27.5,29.2
2022-08-30,Mundali_Barrage_Cuttack,Mahanadi,8088.56,16668.87,24.34,26.5,27.5,29.2
2022-08-31,Mundali_Barrage_Cuttack,Mahanadi,1705.96,6129.94,24.0,26.5,27.5,29.2
2022-09-01,Mundali_Barrage_Cuttack,Mahanadi,1677.16,5999.12,23.75,26.5,27.5,29.2
2022-09-02,Mundali_Barrage_Cuttack,Mahanadi,1138.45,4029.62,23.23,26.5,27.5,29.2
2022-09-03,Mundali_Barrage_Cuttack,Mahanadi,1005.75,3346.78,22.88,26.5,27.5,29.2
2022-09-04,Mundali_Barrage_Cuttack,Mahanadi,573.37,1783.72,22.37,26.5,27.5,29.2
2022-09-05,Mundali_Barrage_Cuttack,Mahanadi,751.68,2555.33,22.17,26.5,27.5,29.2
2022-09-06,Mundali_Barrage_Cuttack,Mahanadi,734.79,2850.99,22.08,26.5,27.5,29.2
2022-09-07,Mundali_Barrage_Cuttack,Mahanadi,11083.01,22136.46,24.35,26.5,27.5,29.2
2022-09-08,Mundali_Barrage_Cuttack,Mahanadi,1455.58,5601.41,23.96,26.5,27.5,29.2
2022-09-09,Mundali_Barrage_Cuttack,Mahanadi,1022.3,3491.19,23.36,26.5,27.5,29.2
2022-09-10,Mundali_Barrage_Cuttack,Mahanadi,2311.32,8632.56,23.58,26.5,27.5,29.2
2022-09-11,Mundali_Barrage_Cuttack,Mahanadi,900.66,3095.28,23.03,26.5,27.5,29.2
2022-09-12,Mundali_Barrage_Cuttack,Mahanadi,1625.61,5716.49,23.06,26.5,27.5,29.2
2022-09-13,Mundali_Barrage_Cuttack,Mahanadi,692.44,1920.28,22.53,26.5,27.5,29.2
2022-09-14,Mundali_Barrage_Cuttack,Mahanadi,559.4,2025.99,22.25,26.5,27.5,29.2
2022-09-15,Mundali_Barrage_Cuttack,Mahanadi,974.58,3172.06,22.21,26.5,27.5,29.2
2022-09-16,Mundali_Barrage_Cuttack,Mahanadi,10212.26,19701.63,24.14,26.5,27.5,29.2
2022-09-17,Mundali_Barrage_Cuttack,Mahanadi,1276.93,4454.85,23.62,26.5,27.5,29.2
2022-09-18,Mundali_Barrage_Cuttack,Mahanadi,1741.14,6362.78,23.42,26.5,27.5,29.2
2022-09-19,Mundali_Barrage_Cuttack,Mahanadi,26813.48,49013.16,28.32,26.5,27.5,29.2
2022-09-20,Mundali_Barrage_Cuttack,Mahanadi,795.0,2312.92,26.01,26.5,27.5,29.2
2022-09-21,Mundali_Barrage_Cuttack,Mahanadi,709.91,2175.49,24.57,26.5,27.5,29.2
2022-09-22,Mundali_Barrage_Cuttack,Mahanadi,842.15,2703.88,23.64,26.5,27.5,29.2
2022-09-23,Mundali_Barrage_Cuttack,Mahanadi,1089.17,3948.71,23.14,26.5,27.5,29.2
2022-09-24,Mundali_Barrage_Cuttack,Mahanadi,1671.66,6141.33,23.22,26.5,27.5,29.2
2022-09-25,Mundali_Barrage_Cuttack,Mahanadi,23927.64,48758.22,28.39,26.5,27.5,29.2
2022-09-26,Mundali_Barrage_Cuttack,Mahanadi,931.83,3234.51,26.23,26.5,27.5,29.2
2022-09-27,Mundali_Barrage_Cuttack,Mahanadi,568.41,1722.82,24.57,26.5,27.5,29.2
2022-09-28,Mundali_Barrage_Cuttack,Mahanadi,9268.18,18213.86,25.43,26.5,27.5,29.2
2022-09-29,Mundali_Barrage_Cuttack,Mahanadi,1316.21,4785.13,24.46,26.5,27.5,29.2
2022-09-30,Mundali_Barrage_Cuttack,Mahanadi,1038.78,3579.18,23.64,26.5,27.5,29.2
2022-10-01,Mundali_Barrage_Cuttack,Mahanadi,21965.7,48812.86,28.8,26.5,27.5,29.2
2022-10-02,Mundali_Barrage_Cuttack,Mahanadi,564.99,1311.53,26.22,26.5,27.5,29.2
2022-10-03,Mundali_Barrage_Cuttack,Mahanadi,467.51,1453.98,24.54,26.5,27.5,29.2
2022-10-04,Mundali_Barrage_Cuttack,Mahanadi,29997.17,50096.77,29.08,26.5,27.5,29.2
2022-10-05,Mundali_Barrage_Cuttack,Mahanadi,592.76,1519.59,26.41,26.5,27.5,29.2
2022-10-06,Mundali_Barrage_Cuttack,Mahanadi,444.87,1259.74,24.66,26.5,27.5,29.2
2022-10-07,Mundali_Barrage_Cuttack,Mahanadi,569.78,1969.21,23.61,26.5,27.5,29.2
2022-10-08,Mundali_Barrage_Cuttack,Mahanadi,537.67,1500.51,22.88,26.5,27.5,29.2
2022-10-09,Mundali_Barrage_Cuttack,Mahanadi,527.74,1403.44,22.51,26.5,27.5,29.2
2022-10-10,Mundali_Barrage_Cuttack,Mahanadi,569.19,1711.65,22.19,26.5,27.5,29.2
2022-10-11,Mundali_Barrage_Cuttack,Mahanadi,557.27,1604.8,21.89,26.5,27.5,29.2
2022-10-12,Mundali_Barrage_Cuttack,Mahanadi,25275.38,44889.49,26.81,26.5,27.5,29.2
2022-10-13,Mundali_Barrage_Cuttack,Mahanadi,568.81,1611.63,24.96,26.5,27.5,29.2
2022-10-14,Mundali_Barrage_Cuttack,Mahanadi,464.57,1472.15,23.77,26.5,27.5,29.2
2022-10-15,Mundali_Barrage_Cuttack,Mahanadi,572.12,1458.14,22.88,26.5,27.5,29.2
2022-10-16,Mundali_Barrage_Cuttack,Mahanadi,591.62,1555.01,22.38,26.5,27.5,29.2
2022-10-17,Mundali_Barrage_Cuttack,Mahanadi,548.51,1695.3,22.03,26.5,27.5,29.2
2022-10-18,Mundali_Barrage_Cuttack,Mahanadi,575.43,1865.44,21.88,26.5,27.5,29.2
2022-10-19,Mundali_Barrage_Cuttack,Mahanadi,516.21,1620.88,21.7,26.5,27.5,29.2
2022-10-20,Mundali_Barrage_Cuttack,Mahanadi,517.83,1635.49,21.63,26.5,27.5,29.2
2022-10-21,Mundali_Barrage_Cuttack,Mahanadi,576.55,1610.81,21.43,26.5,27.5,29.2
2022-10-22,Mundali_Barrage_Cuttack,Mahanadi,536.25,1780.58,21.47,26.5,27.5,29.2
2022-10-23,Mundali_Barrage_Cuttack,Mahanadi,557.63,1567.4,21.42,26.5,27.5,29.2
2022-10-24,Mundali_Barrage_Cuttack,Mahanadi,599.18,1781.35,21.49,26.5,27.5,29.2
2022-10-25,Mundali_Barrage_Cuttack,Mahanadi,23830.29,49929.76,27.51,26.5,27.5,29.2
2022-10-26,Mundali_Barrage_Cuttack,Mahanadi,514.11,1610.61,25.44,26.5,27.5,29.2
2022-10-27,Mundali_Barrage_Cuttack,Mahanadi,454.3,1322.73,23.99,26.5,27.5,29.2
2022-10-28,Mundali_Barrage_Cuttack,Mahanadi,501.51,1575.11,23.01,26.5,27.5,29.2
2022-10-29,Mundali_Barrage_Cuttack,Mahanadi,410.69,989.0,22.42,26.5,27.5,29.2
2022-10-30,Mundali_Barrage_Cuttack,Mahanadi,509.03,1218.01,22.02,26.5,27.5,29.2
2022-10-31,Mundali_Barrage_Cuttack,Mahanadi,580.82,1639.48,21.79,26.5,27.5,29.2
2022-11-01,Mundali_Barrage_Cuttack,Mahanadi,584.93,1717.95,21.7,26.5,27.5,29.2
2022-11-02,Mundali_Barrage_Cuttack,Mahanadi,436.97,935.92,21.53,26.5,27.5,29.2
2022-11-03,Mundali_Barrage_Cuttack,Mahanadi,401.62,1013.9,21.41,26.5,27.5,29.2
2022-11-04,Mundali_Barrage_Cuttack,Mahanadi,533.96,1400.97,21.31,26.5,27.5,29.2
2022-11-05,Mundali_Barrage_Cuttack,Mahanadi,10271.49,21837.57,23.86,26.5,27.5,29.2
2022-11-06,Mundali_Barrage_Cuttack,Mahanadi,542.02,1510.16,23.07,26.5,27.5,29.2
2022-11-07,Mundali_Barrage_Cuttack,Mahanadi,583.42,1667.86,22.5,26.5,27.5,29.2
2022-11-08,Mundali_Barrage_Cuttack,Mahanadi,447.03,1492.83,22.13,26.5,27.5,29.2
2022-11-09,Mundali_Barrage_Cuttack,Mahanadi,504.36,1363.66,21.84,26.5,27.5,29.2
2022-11-10,Mundali_Barrage_Cuttack,Mahanadi,476.8,1270.54,21.79,26.5,27.5,29.2
2022-11-11,Mundali_Barrage_Cuttack,Mahanadi,478.49,1190.97,21.66,26.5,27.5,29.2
2022-11-12,Mundali_Barrage_Cuttack,Mahanadi,415.78,1300.61,21.53,26.5,27.5,29.2
2022-11-13,Mundali_Barrage_Cuttack,Mahanadi,565.39,1680.07,21.6,26.5,27.5,29.2
2022-11-14,Mundali_Barrage_Cuttack,Mahanadi,665.3,2008.99,21.6,26.5,27.5,29.2
2022-11-15,Mundali_Barrage_Cuttack,Mahanadi,479.85,1188.08,21.43,26.5,27.5,29.2
2022-11-16,Mundali_Barrage_Cuttack,Mahanadi,419.62,1153.03,21.34,26.5,27.5,29.2
2022-11-17,Mundali_Barrage_Cuttack,Mahanadi,414.94,1447.42,21.35,26.5,27.5,29.2
2022-11-18,Mundali_Barrage_Cuttack,Mahanadi,467.89,1458.4,21.34,26.5,27.5,29.2
2022-11-19,Mundali_Barrage_Cuttack,Mahanadi,599.32,1463.74,21.33,26.5,27.5,29.2
2022-11-20,Mundali_Barrage_Cuttack,Mahanadi,594.37,1579.64,21.31,26.5,27.5,29.2
2022-11-21,Mundali_Barrage_Cuttack,Mahanadi,447.93,1297.0,21.39,26.5,27.5,29.2
2022-11-22,Mundali_Barrage_Cuttack,Mahanadi,480.7,1489.23,21.4,26.5,27.5,29.2
2022-11-23,Mundali_Barrage_Cuttack,Mahanadi,582.91,1829.72,21.4,26.5,27.5,29.2
2022-11-24,Mundali_Barrage_Cuttack,Mahanadi,433.11,1660.78,21.39,26.5,27.5,29.2
2022-11-25,Mundali_Barrage_Cuttack,Mahanadi,477.08,1445.86,21.41,26.5,27.5,29.2
2022-11-26,Mundali_Barrage_Cuttack,Mahanadi,675.49,1954.03,21.58,26.5,27.5,29.2
2022-11-27,Mundali_Barrage_Cuttack,Mahanadi,453.86,1563.63,21.6,26.5,27.5,29.2
2022-11-28,Mundali_Barrage_Cuttack,Mahanadi,569.05,1648.53,21.58,26.5,27.5,29.2
2022-11-29,Mundali_Barrage_Cuttack,Mahanadi,537.07,1229.02,21.45,26.5,27.5,29.2
2022-11-30,Mundali_Barrage_Cuttack,Mahanadi,547.59,1609.14,21.54,26.5,27.5,29.2
2022-12-01,Mundali_Barrage_Cuttack,Mahanadi,458.29,1410.08,21.54,26.5,27.5,29.2
2022-12-02,Mundali_Barrage_Cuttack,Mahanadi,558.1,1431.35,21.44,26.5,27.5,29.2
2022-12-03,Mundali_Barrage_Cuttack,Mahanadi,611.22,1694.04,21.44,26.5,27.5,29.2
2022-12-04,Mundali_Barrage_Cuttack,Mahanadi,496.34,1319.72,21.48,26.5,27.5,29.2
2022-12-05,Mundali_Barrage_Cuttack,Mahanadi,443.81,1395.97,21.5,26.5,27.5,29.2
2022-12-06,Mundali_Barrage_Cuttack,Mahanadi,420.94,1414.68,21.41,26.5,27.5,29.2
2022-12-07,Mundali_Barrage_Cuttack,Mahanadi,484.03,1475.53,21.45,26.5,27.5,29.2
2022-12-08,Mundali_Barrage_Cuttack,Mahanadi,519.39,1586.15,21.45,26.5,27.5,29.2
2022-12-09,Mundali_Barrage_Cuttack,Mahanadi,499.11,1383.76,21.45,26.5,27.5,29.2
2022-12-10,Mundali_Barrage_Cuttack,Mahanadi,549.03,1329.9,21.37,26.5,27.5,29.2
2022-12-11,Mundali_Barrage_Cuttack,Mahanadi,423.73,1303.61,21.36,26.5,27.5,29.2
2022-12-12,Mundali_Barrage_Cuttack,Mahanadi,465.64,1363.68,21.42,26.5,27.5,29.2
2022-12-13,Mundali_Barrage_Cuttack,Mahanadi,555.97,1577.77,21.4,26.5,27.5,29.2
2022-12-14,Mundali_Barrage_Cuttack,Mahanadi,496.38,1671.53,21.43,26.5,27.5,29.2
2022-12-15,Mundali_Barrage_Cuttack,Mahanadi,438.61,1254.85,21.42,26.5,27.5,29.2
2022-12-16,Mundali_Barrage_Cuttack,Mahanadi,469.62,1521.94,21.38,26.5,27.5,29.2
2022-12-17,Mundali_Barrage_Cuttack,Mahanadi,551.42,1674.36,21.52,26.5,27.5,29.2
2022-12-18,Mundali_Barrage_Cuttack,Mahanadi,417.3,1453.0,21.52,26.5,27.5,29.2
2022-12-19,Mundali_Barrage_Cuttack,Mahanadi,798.51,2649.76,21.67,26.5,27.5,29.2
2022-12-20,Mundali_Barrage_Cuttack,Mahanadi,550.41,1474.18,21.58,26.5,27.5,29.2
2022-12-21,Mundali_Barrage_Cuttack,Mahanadi,414.18,1294.54,21.41,26.5,27.5,29.2
2022-12-22,Mundali_Barrage_Cuttack,Mahanadi,599.58,1827.71,21.43,26.5,27.5,29.2
2022-12-23,Mundali_Barrage_Cuttack,Mahanadi,538.68,1775.97,21.49,26.5,27.5,29.2
2022-12-24,Mundali_Barrage_Cuttack,Mahanadi,599.65,1696.86,21.49,26.5,27.5,29.2
2022-12-25,Mundali_Barrage_Cuttack,Mahanadi,476.39,1546.78,21.57,26.5,27.5,29.2
2022-12-26,Mundali_Barrage_Cuttack,Mahanadi,410.6,1537.44,21.49,26.5,27.5,29.2
2022-12-27,Mundali_Barrage_Cuttack,Mahanadi,434.55,1132.68,21.48,26.5,27.5,29.2
2022-12-28,Mundali_Barrage_Cuttack,Mahanadi,573.5,1675.96,21.53,26.5,27.5,29.2
2022-12-29,Mundali_Barrage_Cuttack,Mahanadi,504.97,1587.26,21.48,26.5,27.5,29.2
2022-12-30,Mundali_Barrage_Cuttack,Mahanadi,437.22,1237.28,21.41,26.5,27.5,29.2
2022-12-31,Mundali_Barrage_Cuttack,Mahanadi,534.84,1657.8,21.51,26.5,27.5,29.2
2023-01-01,Mundali_Barrage_Cuttack,Mahanadi,483.12,1040.75,21.46,26.5,27.5,29.2
2023-01-02,Mundali_Barrage_Cuttack,Mahanadi,517.76,1425.37,21.43,26.5,27.5,29.2
2023-01-03,Mundali_Barrage_Cuttack,Mahanadi,481.11,1314.83,21.38,26.5,27.5,29.2
2023-01-04,Mundali_Barrage_Cuttack,Mahanadi,578.5,1320.36,21.54,26.5,27.5,29.2
2023-01-05,Mundali_Barrage_Cuttack,Mahanadi,537.9,1544.09,21.58,26.5,27.5,29.2
2023-01-06,Mundali_Barrage_Cuttack,Mahanadi,429.23,1333.37,21.42,26.5,27.5,29.2
2023-01-07,Mundali_Barrage_Cuttack,Mahanadi,579.64,1696.53,21.37,26.5,27.5,29.2
2023-01-08,Mundali_Barrage_Cuttack,Mahanadi,536.93,1663.48,21.41,26.5,27.5,29.2
2023-01-09,Mundali_Barrage_Cuttack,Mahanadi,573.89,1615.48,21.44,26.5,27.5,29.2
2023-01-10,Mundali_Barrage_Cuttack,Mahanadi,415.12,1589.07,21.52,26.5,27.5,29.2
2023-01-11,Mundali_Barrage_Cuttack,Mahanadi,533.99,1589.89,21.51,26.5,27.5,29.2
2023-01-12,Mundali_Barrage_Cuttack,Mahanadi,570.43,1599.74,21.54,26.5,27.5,29.2
2023-01-13,Mundali_Barrage_Cuttack,Mahanadi,532.84,1297.46,21.51,26.5,27.5,29.2
2023-01-14,Mundali_Barrage_Cuttack,Mahanadi,485.65,1485.08,21.59,26.5,27.5,29.2
2023-01-15,Mundali_Barrage_Cuttack,Mahanadi,403.72,1428.98,21.46,26.5,27.5,29.2
2023-01-16,Mundali_Barrage_Cuttack,Mahanadi,584.65,1561.08,21.42,26.5,27.5,29.2
2023-01-17,Mundali_Barrage_Cuttack,Mahanadi,491.25,1613.5,21.43,26.5,27.5,29.2
2023-01-18,Mundali_Barrage_Cuttack,Mahanadi,476.13,1403.5,21.4,26.5,27.5,29.2
2023-01-19,Mundali_Barrage_Cuttack,Mahanadi,543.68,1592.33,21.37,26.5,27.5,29.2
2023-01-20,Mundali_Barrage_Cuttack,Mahanadi,537.42,1589.57,21.33,26.5,27.5,29.2
2023-01-21,Mundali_Barrage_Cuttack,Mahanadi,536.97,1189.99,21.32,26.5,27.5,29.2
2023-01-22,Mundali_Barrage_Cuttack,Mahanadi,523.83,1472.64,21.38,26.5,27.5,29.2
2023-01-23,Mundali_Barrage_Cuttack,Mahanadi,478.35,1301.59,21.38,26.5,27.5,29.2
2023-01-24,Mundali_Barrage_Cuttack,Mahanadi,510.63,1346.25,21.37,26.5,27.5,29.2
2023-01-25,Mundali_Barrage_Cuttack,Mahanadi,493.25,1470.26,21.32,26.5,27.5,29.2
2023-01-26,Mundali_Barrage_Cuttack,Mahanadi,455.59,963.83,21.3,26.5,27.5,29.2
2023-01-27,Mundali_Barrage_Cuttack,Mahanadi,472.11,1355.1,21.36,26.5,27.5,29.2
2023-01-28,Mundali_Barrage_Cuttack,Mahanadi,410.61,1441.26,21.45,26.5,27.5,29.2
2023-01-29,Mundali_Barrage_Cuttack,Mahanadi,499.71,1409.84,21.27,26.5,27.5,29.2
2023-01-30,Mundali_Barrage_Cuttack,Mahanadi,487.4,1432.55,21.2,26.5,27.5,29.2
2023-01-31,Mundali_Barrage_Cuttack,Mahanadi,505.7,1623.69,21.35,26.5,27.5,29.2
2023-02-01,Mundali_Barrage_Cuttack,Mahanadi,475.53,1148.84,21.29,26.5,27.5,29.2
2023-02-02,Mundali_Barrage_Cuttack,Mahanadi,507.31,1606.15,21.35,26.5,27.5,29.2
2023-02-03,Mundali_Barrage_Cuttack,Mahanadi,553.67,1603.32,21.43,26.5,27.5,29.2
2023-02-04,Mundali_Barrage_Cuttack,Mahanadi,594.2,1625.98,21.46,26.5,27.5,29.2
2023-02-05,Mundali_Barrage_Cuttack,Mahanadi,431.63,1377.26,21.41,26.5,27.5,29.2
2023-02-06,Mundali_Barrage_Cuttack,Mahanadi,596.7,1369.24,21.39,26.5,27.5,29.2
2023-02-07,Mundali_Barrage_Cuttack,Mahanadi,504.31,1253.85,21.45,26.5,27.5,29.2
2023-02-08,Mundali_Barrage_Cuttack,Mahanadi,542.95,1355.76,21.37,26.5,27.5,29.2
2023-02-09,Mundali_Barrage_Cuttack,Mahanadi,474.31,1290.06,21.37,26.5,27.5,29.2
2023-02-10,Mundali_Barrage_Cuttack,Mahanadi,552.39,1649.43,21.4,26.5,27.5,29.2
2023-02-11,Mundali_Barrage_Cuttack,Mahanadi,672.99,1935.41,21.57,26.5,27.5,29.2
2023-02-12,Mundali_Barrage_Cuttack,Mahanadi,477.91,1116.72,21.5,26.5,27.5,29.2
2023-02-13,Mundali_Barrage_Cuttack,Mahanadi,524.54,1516.48,21.45,26.5,27.5,29.2
2023-02-14,Mundali_Barrage_Cuttack,Mahanadi,455.07,1397.23,21.42,26.5,27.5,29.2
2023-02-15,Mundali_Barrage_Cuttack,Mahanadi,515.69,1359.12,21.41,26.5,27.5,29.2
2023-02-16,Mundali_Barrage_Cuttack,Mahanadi,581.97,1429.34,21.43,26.5,27.5,29.2
2023-02-17,Mundali_Barrage_Cuttack,Mahanadi,502.19,1345.21,21.42,26.5,27.5,29.2
2023-02-18,Mundali_Barrage_Cuttack,Mahanadi,583.77,1816.17,21.52,26.5,27.5,29.2
2023-02-19,Mundali_Barrage_Cuttack,Mahanadi,440.59,1314.72,21.52,26.5,27.5,29.2
2023-02-20,Mundali_Barrage_Cuttack,Mahanadi,589.3,1562.3,21.46,26.5,27.5,29.2
2023-02-21,Mundali_Barrage_Cuttack,Mahanadi,519.42,1595.49,21.43,26.5,27.5,29.2
2023-02-22,Mundali_Barrage_Cuttack,Mahanadi,525.38,1490.27,21.43,26.5,27.5,29.2
2023-02-23,Mundali_Barrage_Cuttack,Mahanadi,498.3,1401.8,21.46,26.5,27.5,29.2
2023-02-24,Mundali_Barrage_Cuttack,Mahanadi,508.21,1621.03,21.43,26.5,27.5,29.2
2023-02-25,Mundali_Barrage_Cuttack,Mahanadi,586.07,1733.19,21.44,26.5,27.5,29.2
2023-02-26,Mundali_Barrage_Cuttack,Mahanadi,499.68,1543.91,21.44,26.5,27.5,29.2
2023-02-27,Mundali_Barrage_Cuttack,Mahanadi,502.08,1754.34,21.45,26.5,27.5,29.2
2023-02-28,Mundali_Barrage_Cuttack,Mahanadi,452.25,1461.45,21.44,26.5,27.5,29.2
2023-03-01,Mundali_Barrage_Cuttack,Mahanadi,535.71,1414.57,21.48,26.5,27.5,29.2
2023-03-02,Mundali_Barrage_Cuttack,Mahanadi,508.76,1467.36,21.4,26.5,27.5,29.2
2023-03-03,Mundali_Barrage_Cuttack,Mahanadi,479.06,1430.73,21.42,26.5,27.5,29.2
2023-03-04,Mundali_Barrage_Cuttack,Mahanadi,554.94,1586.11,21.48,26.5,27.5,29.2
2023-03-05,Mundali_Barrage_Cuttack,Mahanadi,408.83,1120.83,21.4,26.5,27.5,29.2
2023-03-06,Mundali_Barrage_Cuttack,Mahanadi,412.92,1073.7,21.39,26.5,27.5,29.2
2023-03-07,Mundali_Barrage_Cuttack,Mahanadi,559.21,1559.42,21.42,26.5,27.5,29.2
2023-03-08,Mundali_Barrage_Cuttack,Mahanadi,441.81,1249.7,21.48,26.5,27.5,29.2
2023-03-09,Mundali_Barrage_Cuttack,Mahanadi,509.16,1641.02,21.57,26.5,27.5,29.2
2023-03-10,Mundali_Barrage_Cuttack,Mahanadi,541.0,1468.84,21.49,26.5,27.5,29.2
2023-03-11,Mundali_Barrage_Cuttack,Mahanadi,486.8,1322.03,21.43,26.5,27.5,29.2
2023-03-12,Mundali_Barrage_Cuttack,Mahanadi,545.69,1806.9,21.36,26.5,27.5,29.2
2023-03-13,Mundali_Barrage_Cuttack,Mahanadi,412.6,1220.84,21.4,26.5,27.5,29.2
2023-03-14,Mundali_Barrage_Cuttack,Mahanadi,520.76,1532.04,21.42,26.5,27.5,29.2
2023-03-15,Mundali_Barrage_Cuttack,Mahanadi,549.53,1683.25,21.47,26.5,27.5,29.2
2023-03-16,Mundali_Barrage_Cuttack,Mahanadi,431.02,1230.67,21.48,26.5,27.5,29.2
2023-03-17,Mundali_Barrage_Cuttack,Mahanadi,525.73,1446.78,21.5,26.5,27.5,29.2
2023-03-18,Mundali_Barrage_Cuttack,Mahanadi,443.43,1101.77,21.4,26.5,27.5,29.2
2023-03-19,Mundali_Barrage_Cuttack,Mahanadi,541.31,1551.43,21.45,26.5,27.5,29.2
2023-03-20,Mundali_Barrage_Cuttack,Mahanadi,506.13,1503.65,21.42,26.5,27.5,29.2
2023-03-21,Mundali_Barrage_Cuttack,Mahanadi,472.57,1243.52,21.37,26.5,27.5,29.2
2023-03-22,Mundali_Barrage_Cuttack,Mahanadi,574.29,1504.34,21.44,26.5,27.5,29.2
2023-03-23,Mundali_Barrage_Cuttack,Mahanadi,606.86,2190.0,21.56,26.5,27.5,29.2
2023-03-24,Mundali_Barrage_Cuttack,Mahanadi,516.43,1830.38,21.58,26.5,27.5,29.2
2023-03-25,Mundali_Barrage_Cuttack,Mahanadi,452.42,1524.29,21.49,26.5,27.5,29.2
2023-03-26,Mundali_Barrage_Cuttack,Mahanadi,447.76,1504.47,21.52,26.5,27.5,29.2
2023-03-27,Mundali_Barrage_Cuttack,Mahanadi,449.44,1513.85,21.53,26.5,27.5,29.2
2023-03-28,Mundali_Barrage_Cuttack,Mahanadi,471.72,1466.67,21.5,26.5,27.5,29.2
2023-03-29,Mundali_Barrage_Cuttack,Mahanadi,564.59,1739.61,21.38,26.5,27.5,29.2
2023-03-30,Mundali_Barrage_Cuttack,Mahanadi,455.91,1382.69,21.33,26.5,27.5,29.2
2023-03-31,Mundali_Barrage_Cuttack,Mahanadi,492.7,1534.3,21.38,26.5,27.5,29.2
2023-04-01,Mundali_Barrage_Cuttack,Mahanadi,580.18,1566.37,21.43,26.5,27.5,29.2
2023-04-02,Mundali_Barrage_Cuttack,Mahanadi,599.3,1644.04,21.47,26.5,27.5,29.2
2023-04-03,Mundali_Barrage_Cuttack,Mahanadi,482.86,1954.77,21.53,26.5,27.5,29.2
2023-04-04,Mundali_Barrage_Cuttack,Mahanadi,438.82,1462.87,21.52,26.5,27.5,29.2
2023-04-05,Mundali_Barrage_Cuttack,Mahanadi,432.74,1394.78,21.46,26.5,27.5,29.2
2023-04-06,Mundali_Barrage_Cuttack,Mahanadi,454.64,1613.4,21.52,26.5,27.5,29.2
2023-04-07,Mundali_Barrage_Cuttack,Mahanadi,464.38,1435.2,21.56,26.5,27.5,29.2
2023-04-08,Mundali_Barrage_Cuttack,Mahanadi,573.8,1622.67,21.56,26.5,27.5,29.2
2023-04-09,Mundali_Barrage_Cuttack,Mahanadi,404.03,1278.82,21.49,26.5,27.5,29.2
2023-04-10,Mundali_Barrage_Cuttack,Mahanadi,488.42,1422.62,21.52,26.5,27.5,29.2
2023-04-11,Mundali_Barrage_Cuttack,Mahanadi,569.94,1363.98,21.42,26.5,27.5,29.2
2023-04-12,Mundali_Barrage_Cuttack,Mahanadi,579.11,1761.17,21.44,26.5,27.5,29.2
2023-04-13,Mundali_Barrage_Cuttack,Mahanadi,482.73,1537.06,21.48,26.5,27.5,29.2
2023-04-14,Mundali_Barrage_Cuttack,Mahanadi,551.86,1515.04,21.43,26.5,27.5,29.2
2023-04-15,Mundali_Barrage_Cuttack,Mahanadi,911.71,2790.49,21.52,26.5,27.5,29.2
2023-04-16,Mundali_Barrage_Cuttack,Mahanadi,458.75,1340.61,21.51,26.5,27.5,29.2
2023-04-17,Mundali_Barrage_Cuttack,Mahanadi,469.33,1375.61,21.59,26.5,27.5,29.2
2023-04-18,Mundali_Barrage_Cuttack,Mahanadi,547.71,1365.78,21.57,26.5,27.5,29.2
2023-04-19,Mundali_Barrage_Cuttack,Mahanadi,482.9,1258.17,21.44,26.5,27.5,29.2
2023-04-20,Mundali_Barrage_Cuttack,Mahanadi,580.82,1341.96,21.45,26.5,27.5,29.2
2023-04-21,Mundali_Barrage_Cuttack,Mahanadi,465.53,1232.0,21.36,26.5,27.5,29.2
2023-04-22,Mundali_Barrage_Cuttack,Mahanadi,534.59,1147.5,21.39,26.5,27.5,29.2
2023-04-23,Mundali_Barrage_Cuttack,Mahanadi,489.82,1627.2,21.42,26.5,27.5,29.2
2023-04-24,Mundali_Barrage_Cuttack,Mahanadi,422.5,1236.34,21.48,26.5,27.5,29.2
2023-04-25,Mundali_Barrage_Cuttack,Mahanadi,414.68,1388.06,21.53,26.5,27.5,29.2
2023-04-26,Mundali_Barrage_Cuttack,Mahanadi,447.15,1477.62,21.46,26.5,27.5,29.2
2023-04-27,Mundali_Barrage_Cuttack,Mahanadi,575.78,1593.41,21.46,26.5,27.5,29.2
2023-04-28,Mundali_Barrage_Cuttack,Mahanadi,571.62,1394.47,21.42,26.5,27.5,29.2
2023-04-29,Mundali_Barrage_Cuttack,Mahanadi,503.21,1515.1,21.51,26.5,27.5,29.2
2023-04-30,Mundali_Barrage_Cuttack,Mahanadi,485.09,1351.12,21.45,26.5,27.5,29.2
2023-05-01,Mundali_Barrage_Cuttack,Mahanadi,582.58,1452.86,21.55,26.5,27.5,29.2
2023-05-02,Mundali_Barrage_Cuttack,Mahanadi,514.65,1592.94,21.57,26.5,27.5,29.2
2023-05-03,Mundali_Barrage_Cuttack,Mahanadi,583.98,1302.34,21.47,26.5,27.5,29.2
2023-05-04,Mundali_Barrage_Cuttack,Mahanadi,26908.86,55228.02,28.02,26.5,27.5,29.2
2023-05-05,Mundali_Barrage_Cuttack,Mahanadi,493.89,1590.07,25.77,26.5,27.5,29.2
2023-05-06,Mundali_Barrage_Cuttack,Mahanadi,498.67,1403.22,24.18,26.5,27.5,29.2
2023-05-07,Mundali_Barrage_Cuttack,Mahanadi,557.26,1776.4,23.22,26.5,27.5,29.2
2023-05-08,Mundali_Barrage_Cuttack,Mahanadi,501.44,1562.57,22.57,26.5,27.5,29.2
2023-05-09,Mundali_Barrage_Cuttack,Mahanadi,416.84,1122.8,22.15,26.5,27.5,29.2
2023-05-10,Mundali_Barrage_Cuttack,Mahanadi,413.41,1237.17,22.11,26.5,27.5,29.2
2023-05-11,Mundali_Barrage_Cuttack,Mahanadi,541.38,1633.45,21.95,26.5,27.5,29.2
2023-05-12,Mundali_Barrage_Cuttack,Mahanadi,481.91,1591.4,21.88,26.5,27.5,29.2
2023-05-13,Mundali_Barrage_Cuttack,Mahanadi,484.31,1516.77,21.74,26.5,27.5,29.2
2023-05-14,Mundali_Barrage_Cuttack,Mahanadi,496.18,1432.16,21.59,26.5,27.5,29.2
2023-05-15,Mundali_Barrage_Cuttack,Mahanadi,528.57,1567.54,21.6,26.5,27.5,29.2
2023-05-16,Mundali_Barrage_Cuttack,Mahanadi,491.68,1724.89,21.58,26.5,27.5,29.2
2023-05-17,Mundali_Barrage_Cuttack,Mahanadi,513.39,1206.0,21.55,26.5,27.5,29.2
2023-05-18,Mundali_Barrage_Cuttack,Mahanadi,492.42,1407.45,21.47,26.5,27.5,29.2
2023-05-19,Mundali_Barrage_Cuttack,Mahanadi,539.17,1818.26,21.56,26.5,27.5,29.2
2023-05-20,Mundali_Barrage_Cuttack,Mahanadi,437.14,1302.35,21.51,26.5,27.5,29.2
2023-05-21,Mundali_Barrage_Cuttack,Mahanadi,456.94,1209.17,21.52,26.5,27.5,29.2
2023-05-22,Mundali_Barrage_Cuttack,Mahanadi,409.97,1255.82,21.52,26.5,27.5,29.2
2023-05-23,Mundali_Barrage_Cuttack,Mahanadi,412.62,1317.65,21.47,26.5,27.5,29.2
2023-05-24,Mundali_Barrage_Cuttack,Mahanadi,435.6,1259.8,21.49,26.5,27.5,29.2
2023-05-25,Mundali_Barrage_Cuttack,Mahanadi,23605.26,48304.39,27.25,26.5,27.5,29.2
2023-05-26,Mundali_Barrage_Cuttack,Mahanadi,520.23,1630.37,25.24,26.5,27.5,29.2
2023-05-27,Mundali_Barrage_Cuttack,Mahanadi,415.58,1137.04,23.91,26.5,27.5,29.2
2023-05-28,Mundali_Barrage_Cuttack,Mahanadi,438.05,1705.55,23.03,26.5,27.5,29.2
2023-05-29,Mundali_Barrage_Cuttack,Mahanadi,449.71,1515.72,22.4,26.5,27.5,29.2
2023-05-30,Mundali_Barrage_Cuttack,Mahanadi,28332.0,52198.14,28.06,26.5,27.5,29.2
2023-05-31,Mundali_Barrage_Cuttack,Mahanadi,555.95,1667.14,25.85,26.5,27.5,29.2
2023-06-01,Mundali_Barrage_Cuttack,Mahanadi,775.75,2213.72,24.39,26.5,27.5,29.2
2023-06-02,Mundali_Barrage_Cuttack,Mahanadi,1133.93,3861.14,23.69,26.5,27.5,29.2
2023-06-03,Mundali_Barrage_Cuttack,Mahanadi,1446.47,4713.88,23.35,26.5,27.5,29.2
2023-06-04,Mundali_Barrage_Cuttack,Mahanadi,848.25,3103.85,22.85,26.5,27.5,29.2
2023-06-05,Mundali_Barrage_Cuttack,Mahanadi,517.29,1783.58,22.38,26.5,27.5,29.2
2023-06-06,Mundali_Barrage_Cuttack,Mahanadi,1888.31,6709.59,22.85,26.5,27.5,29.2
2023-06-07,Mundali_Barrage_Cuttack,Mahanadi,1777.99,6211.81,23.01,26.5,27.5,29.2
2023-06-08,Mundali_Barrage_Cuttack,Mahanadi,22220.42,43765.13,27.44,26.5,27.5,29.2
2023-06-09,Mundali_Barrage_Cuttack,Mahanadi,963.89,3418.05,25.65,26.5,27.5,29.2
2023-06-10,Mundali_Barrage_Cuttack,Mahanadi,586.6,1786.56,24.3,26.5,27.5,29.2
2023-06-11,Mundali_Barrage_Cuttack,Mahanadi,1555.33,5691.21,23.82,26.5,27.5,29.2
2023-06-12,Mundali_Barrage_Cuttack,Mahanadi,1692.23,6199.08,23.59,26.5,27.5,29.2
2023-06-13,Mundali_Barrage_Cuttack,Mahanadi,933.69,3284.93,23.06,26.5,27.5,29.2
2023-06-14,Mundali_Barrage_Cuttack,Mahanadi,716.06,2318.81,22.66,26.5,27.5,29.2
2023-06-15,Mundali_Barrage_Cuttack,Mahanadi,773.39,2613.93,22.39,26.5,27.5,29.2
2023-06-16,Mundali_Barrage_Cuttack,Mahanadi,1441.61,5203.71,22.54,26.5,27.5,29.2
2023-06-17,Mundali_Barrage_Cuttack,Mahanadi,17890.65,36743.32,26.5,26.5,27.5,29.2
2023-06-18,Mundali_Barrage_Cuttack,Mahanadi,1606.34,6029.28,25.42,26.5,27.5,29.2
2023-06-19,Mundali_Barrage_Cuttack,Mahanadi,8213.57,17277.19,25.93,26.5,27.5,29.2
2023-06-20,Mundali_Barrage_Cuttack,Mahanadi,1085.19,3772.62,24.73,26.5,27.5,29.2
2023-06-21,Mundali_Barrage_Cuttack,Mahanadi,816.53,2429.38,23.61,26.5,27.5,29.2
2023-06-22,Mundali_Barrage_Cuttack,Mahanadi,1036.1,3558.73,23.28,26.5,27.5,29.2
2023-06-23,Mundali_Barrage_Cuttack,Mahanadi,26666.6,50294.03,28.43,26.5,27.5,29.2
2023-06-24,Mundali_Barrage_Cuttack,Mahanadi,7981.04,16872.44,27.79,26.5,27.5,29.2
2023-06-25,Mundali_Barrage_Cuttack,Mahanadi,1396.43,4729.7,26.06,26.5,27.5,29.2
2023-06-26,Mundali_Barrage_Cuttack,Mahanadi,1610.87,6123.6,25.05,26.5,27.5,29.2
2023-06-27,Mundali_Barrage_Cuttack,Mahanadi,485.86,1687.19,23.81,26.5,27.5,29.2
2023-06-28,Mundali_Barrage_Cuttack,Mahanadi,575.08,1566.99,22.96,26.5,27.5,29.2
2023-06-29,Mundali_Barrage_Cuttack,Mahanadi,709.62,2044.41,22.53,26.5,27.5,29.2
2023-06-30,Mundali_Barrage_Cuttack,Mahanadi,9956.28,19972.57,24.42,26.5,27.5,29.2
2023-07-01,Mundali_Barrage_Cuttack,Mahanadi,1033.48,3517.15,23.69,26.5,27.5,29.2
2023-07-02,Mundali_Barrage_Cuttack,Mahanadi,28244.44,58447.57,29.92,26.5,27.5,29.2
2023-07-03,Mundali_Barrage_Cuttack,Mahanadi,6344.32,16242.12,28.87,26.5,27.5,29.2
2023-07-04,Mundali_Barrage_Cuttack,Mahanadi,24705.01,50916.32,30.2,26.5,27.5,29.2
2023-07-05,Mundali_Barrage_Cuttack,Mahanadi,735.19,2620.48,27.34,26.5,27.5,29.2
2023-07-06,Mundali_Barrage_Cuttack,Mahanadi,11084.73,22504.83,27.96,26.5,27.5,29.2
2023-07-07,Mundali_Barrage_Cuttack,Mahanadi,10243.51,20057.4,27.87,26.5,27.5,29.2
2023-07-08,Mundali_Barrage_Cuttack,Mahanadi,878.38,3232.26,25.94,26.5,27.5,29.2
2023-07-09,Mundali_Barrage_Cuttack,Mahanadi,2138.21,7985.04,25.19,26.5,27.5,29.2
2023-07-10,Mundali_Barrage_Cuttack,Mahanadi,27590.91,53480.09,30.09,26.5,27.5,29.2
2023-07-11,Mundali_Barrage_Cuttack,Mahanadi,602.65,2177.03,27.17,26.5,27.5,29.2
2023-07-12,Mundali_Barrage_Cuttack,Mahanadi,1213.05,3952.43,25.41,26.5,27.5,29.2
2023-07-13,Mundali_Barrage_Cuttack,Mahanadi,1331.8,5010.98,24.56,26.5,27.5,29.2
2023-07-14,Mundali_Barrage_Cuttack,Mahanadi,1296.92,4402.55,23.89,26.5,27.5,29.2
2023-07-15,Mundali_Barrage_Cuttack,Mahanadi,7864.63,19236.26,25.29,26.5,27.5,29.2
2023-07-16,Mundali_Barrage_Cuttack,Mahanadi,1183.64,4164.28,24.29,26.5,27.5,29.2
2023-07-17,Mundali_Barrage_Cuttack,Mahanadi,30502.41,61418.31,30.2,26.5,27.5,29.2
2023-07-18,Mundali_Barrage_Cuttack,Mahanadi,1273.84,4315.26,27.49,26.5,27.5,29.2
2023-07-19,Mundali_Barrage_Cuttack,Mahanadi,1180.26,3895.22,25.7,26.5,27.5,29.2
2023-07-20,Mundali_Barrage_Cuttack,Mahanadi,962.81,3322.13,24.42,26.5,27.5,29.2
2023-07-21,Mundali_Barrage_Cuttack,Mahanadi,905.11,2611.78,23.45,26.5,27.5,29.2
2023-07-22,Mundali_Barrage_Cuttack,Mahanadi,790.36,2735.12,22.93,26.5,27.5,29.2
2023-07-23,Mundali_Barrage_Cuttack,Mahanadi,536.67,1736.74,22.51,26.5,27.5,29.2
2023-07-24,Mundali_Barrage_Cuttack,Mahanadi,7978.04,19482.15,24.33,26.5,27.5,29.2
2023-07-25,Mundali_Barrage_Cuttack,Mahanadi,1547.76,5770.61,23.95,26.5,27.5,29.2
2023-07-26,Mundali_Barrage_Cuttack,Mahanadi,7203.02,19296.29,25.34,26.5,27.5,29.2
2023-07-27,Mundali_Barrage_Cuttack,Mahanadi,7718.96,16485.5,25.77,26.5,27.5,29.2
2023-07-28,Mundali_Barrage_Cuttack,Mahanadi,25941.99,44972.87,29.32,26.5,27.5,29.2
2023-07-29,Mundali_Barrage_Cuttack,Mahanadi,27355.89,61558.68,30.2,26.5,27.5,29.2
2023-07-30,Mundali_Barrage_Cuttack,Mahanadi,8309.65,18867.99,29.25,26.5,27.5,29.2
2023-07-31,Mundali_Barrage_Cuttack,Mahanadi,2215.36,8550.97,27.47,26.5,27.5,29.2
2023-08-01,Mundali_Barrage_Cuttack,Mahanadi,747.06,2537.16,25.55,26.5,27.5,29.2
2023-08-02,Mundali_Barrage_Cuttack,Mahanadi,974.4,3440.42,24.45,26.5,27.5,29.2
2023-08-03,Mundali_Barrage_Cuttack,Mahanadi,673.38,2122.14,23.53,26.5,27.5,29.2
2023-08-04,Mundali_Barrage_Cuttack,Mahanadi,1245.19,4273.19,23.05,26.5,27.5,29.2
2023-08-05,Mundali_Barrage_Cuttack,Mahanadi,1359.88,4906.68,23.03,26.5,27.5,29.2
2023-08-06,Mundali_Barrage_Cuttack,Mahanadi,1119.31,3964.53,22.84,26.5,27.5,29.2
2023-08-07,Mundali_Barrage_Cuttack,Mahanadi,966.53,3447.11,22.58,26.5,27.5,29.2
2023-08-08,Mundali_Barrage_Cuttack,Mahanadi,826.36,2694.98,22.39,26.5,27.5,29.2
2023-08-09,Mundali_Barrage_Cuttack,Mahanadi,723.73,2366.78,22.18,26.5,27.5,29.2
2023-08-10,Mundali_Barrage_Cuttack,Mahanadi,27610.97,49361.66,27.64,26.5,27.5,29.2
2023-08-11,Mundali_Barrage_Cuttack,Mahanadi,718.36,2272.22,25.52,26.5,27.5,29.2
2023-08-12,Mundali_Barrage_Cuttack,Mahanadi,1497.81,5633.35,24.51,26.5,27.5,29.2
2023-08-13,Mundali_Barrage_Cuttack,Mahanadi,18317.11,36578.15,27.67,26.5,27.5,29.2
2023-08-14,Mundali_Barrage_Cuttack,Mahanadi,6600.83,15715.9,27.28,26.5,27.5,29.2
2023-08-15,Mundali_Barrage_Cuttack,Mahanadi,494.04,1573.27,25.22,26.5,27.5,29.2
2023-08-16,Mundali_Barrage_Cuttack,Mahanadi,24757.63,44106.02,28.86,26.5,27.5,29.2
2023-08-17,Mundali_Barrage_Cuttack,Mahanadi,980.65,3360.27,26.51,26.5,27.5,29.2
2023-08-18,Mundali_Barrage_Cuttack,Mahanadi,7998.52,18890.99,26.96,26.5,27.5,29.2
2023-08-19,Mundali_Barrage_Cuttack,Mahanadi,10608.29,20953.41,27.4,26.5,27.5,29.2
2023-08-20,Mundali_Barrage_Cuttack,Mahanadi,18506.02,36986.3,29.67,26.5,27.5,29.2
2023-08-21,Mundali_Barrage_Cuttack,Mahanadi,1950.29,7127.25,27.56,26.5,27.5,29.2
2023-08-22,Mundali_Barrage_Cuttack,Mahanadi,1441.6,5445.8,25.92,26.5,27.5,29.2
2023-08-23,Mundali_Barrage_Cuttack,Mahanadi,904.43,2897.45,24.52,26.5,27.5,29.2
2023-08-24,Mundali_Barrage_Cuttack,Mahanadi,547.7,1848.44,23.44,26.5,27.5,29.2
2023-08-25,Mundali_Barrage_Cuttack,Mahanadi,1540.89,5486.55,23.37,26.5,27.5,29.2
2023-08-26,Mundali_Barrage_Cuttack,Mahanadi,829.39,2891.53,22.87,26.5,27.5,29.2
2023-08-27,Mundali_Barrage_Cuttack,Mahanadi,767.2,1980.24,22.45,26.5,27.5,29.2
2023-08-28,Mundali_Barrage_Cuttack,Mahanadi,572.32,1647.74,22.09,26.5,27.5,29.2
2023-08-29,Mundali_Barrage_Cuttack,Mahanadi,884.19,2556.96,22.02,26.5,27.5,29.2
2023-08-30,Mundali_Barrage_Cuttack,Mahanadi,1201.3,3984.42,22.14,26.5,27.5,29.2
2023-08-31,Mundali_Barrage_Cuttack,Mahanadi,586.74,1753.12,21.95,26.5,27.5,29.2
2023-09-01,Mundali_Barrage_Cuttack,Mahanadi,1112.58,3885.65,22.12,26.5,27.5,29.2
2023-09-02,Mundali_Barrage_Cuttack,Mahanadi,1109.85,3630.64,22.15,26.5,27.5,29.2
2023-09-03,Mundali_Barrage_Cuttack,Mahanadi,9330.76,17843.8,23.9,26.5,27.5,29.2
2023-09-04,Mundali_Barrage_Cuttack,Mahanadi,539.92,1629.68,23.03,26.5,27.5,29.2
2023-09-05,Mundali_Barrage_Cuttack,Mahanadi,1080.98,3729.11,22.86,26.5,27.5,29.2
2023-09-06,Mundali_Barrage_Cuttack,Mahanadi,907.22,3181.89,22.6,26.5,27.5,29.2
2023-09-07,Mundali_Barrage_Cuttack,Mahanadi,1174.28,4334.24,22.62,26.5,27.5,29.2
2023-09-08,Mundali_Barrage_Cuttack,Mahanadi,22649.3,46733.98,27.77,26.5,27.5,29.2
2023-09-09,Mundali_Barrage_Cuttack,Mahanadi,793.81,2967.54,25.77,26.5,27.5,29.2
2023-09-10,Mundali_Barrage_Cuttack,Mahanadi,2130.78,7960.65,25.19,26.5,27.5,29.2
2023-09-11,Mundali_Barrage_Cuttack,Mahanadi,10034.75,21615.81,26.4,26.5,27.5,29.2
2023-09-12,Mundali_Barrage_Cuttack,Mahanadi,963.13,3335.54,24.84,26.5,27.5,29.2
2023-09-13,Mundali_Barrage_Cuttack,Mahanadi,21788.92,41776.1,28.55,26.5,27.5,29.2
2023-09-14,Mundali_Barrage_Cuttack,Mahanadi,1041.09,3572.92,26.41,26.5,27.5,29.2
2023-09-15,Mundali_Barrage_Cuttack,Mahanadi,645.21,1908.39,24.6,26.5,27.5,29.2
2023-09-16,Mundali_Barrage_Cuttack,Mahanadi,1576.85,5483.34,24.03,26.5,27.5,29.2
2023-09-17,Mundali_Barrage_Cuttack,Mahanadi,633.87,2114.62,23.16,26.5,27.5,29.2
2023-09-18,Mundali_Barrage_Cuttack,Mahanadi,1669.6,6384.6,23.22,26.5,27.5,29.2
2023-09-19,Mundali_Barrage_Cuttack,Mahanadi,745.41,2347.52,22.6,26.5,27.5,29.2
2023-09-20,Mundali_Barrage_Cuttack,Mahanadi,1342.73,4384.13,22.68,26.5,27.5,29.2
2023-09-21,Mundali_Barrage_Cuttack,Mahanadi,1324.67,4750.34,22.57,26.5,27.5,29.2
2023-09-22,Mundali_Barrage_Cuttack,Mahanadi,1260.82,4506.11,22.63,26.5,27.5,29.2
2023-09-23,Mundali_Barrage_Cuttack,Mahanadi,1009.44,3314.33,22.47,26.5,27.5,29.2
2023-09-24,Mundali_Barrage_Cuttack,Mahanadi,1550.69,5519.13,22.68,26.5,27.5,29.2
2023-09-25,Mundali_Barrage_Cuttack,Mahanadi,1566.51,5582.36,22.75,26.5,27.5,29.2
2023-09-26,Mundali_Barrage_Cuttack,Mahanadi,642.56,1897.83,22.33,26.5,27.5,29.2
2023-09-27,Mundali_Barrage_Cuttack,Mahanadi,992.54,3440.47,22.23,26.5,27.5,29.2
2023-09-28,Mundali_Barrage_Cuttack,Mahanadi,6214.09,14834.23,23.61,26.5,27.5,29.2
2023-09-29,Mundali_Barrage_Cuttack,Mahanadi,1906.68,7401.3,23.74,26.5,27.5,29.2
2023-09-30,Mundali_Barrage_Cuttack,Mahanadi,832.0,2503.99,23.05,26.5,27.5,29.2
2023-10-01,Mundali_Barrage_Cuttack,Mahanadi,544.06,1457.8,22.5,26.5,27.5,29.2
2023-10-02,Mundali_Barrage_Cuttack,Mahanadi,497.37,1344.19,22.09,26.5,27.5,29.2
2023-10-03,Mundali_Barrage_Cuttack,Mahanadi,546.87,1288.95,21.86,26.5,27.5,29.2
2023-10-04,Mundali_Barrage_Cuttack,Mahanadi,462.0,1384.31,21.76,26.5,27.5,29.2
2023-10-05,Mundali_Barrage_Cuttack,Mahanadi,524.76,1379.13,21.63,26.5,27.5,29.2
2023-10-06,Mundali_Barrage_Cuttack,Mahanadi,480.21,1184.25,21.57,26.5,27.5,29.2
2023-10-07,Mundali_Barrage_Cuttack,Mahanadi,569.59,1482.76,21.48,26.5,27.5,29.2
2023-10-08,Mundali_Barrage_Cuttack,Mahanadi,436.98,1327.09,21.45,26.5,27.5,29.2
2023-10-09,Mundali_Barrage_Cuttack,Mahanadi,454.51,1309.51,21.3,26.5,27.5,29.2
2023-10-10,Mundali_Barrage_Cuttack,Mahanadi,7744.79,18687.17,23.68,26.5,27.5,29.2
2023-10-11,Mundali_Barrage_Cuttack,Mahanadi,463.24,1428.36,22.96,26.5,27.5,29.2
2023-10-12,Mundali_Barrage_Cuttack,Mahanadi,466.45,1188.51,22.36,26.5,27.5,29.2
2023-10-13,Mundali_Barrage_Cuttack,Mahanadi,532.66,1498.16,22.05,26.5,27.5,29.2
2023-10-14,Mundali_Barrage_Cuttack,Mahanadi,22679.08,44681.84,27.08,26.5,27.5,29.2
2023-10-15,Mundali_Barrage_Cuttack,Mahanadi,26364.76,52306.11,30.2,26.5,27.5,29.2
2023-10-16,Mundali_Barrage_Cuttack,Mahanadi,510.33,1400.39,27.04,26.5,27.5,29.2
2023-10-17,Mundali_Barrage_Cuttack,Mahanadi,503.26,1492.02,25.07,26.5,27.5,29.2
2023-10-18,Mundali_Barrage_Cuttack,Mahanadi,485.77,1793.8,23.82,26.5,27.5,29.2
2023-10-19,Mundali_Barrage_Cuttack,Mahanadi,713.71,2248.07,23.15,26.5,27.5,29.2
2023-10-20,Mundali_Barrage_Cuttack,Mahanadi,591.53,1623.71,22.6,26.5,27.5,29.2
2023-10-21,Mundali_Barrage_Cuttack,Mahanadi,446.4,1380.56,22.2,26.5,27.5,29.2
2023-10-22,Mundali_Barrage_Cuttack,Mahanadi,637.01,1253.3,21.95,26.5,27.5,29.2
2023-10-23,Mundali_Barrage_Cuttack,Mahanadi,489.83,1499.34,21.67,26.5,27.5,29.2
2023-10-24,Mundali_Barrage_Cuttack,Mahanadi,490.51,1500.26,21.58,26.5,27.5,29.2
2023-10-25,Mundali_Barrage_Cuttack,Mahanadi,519.77,1331.94,21.49,26.5,27.5,29.2
2023-10-26,Mundali_Barrage_Cuttack,Mahanadi,544.86,1823.65,21.51,26.5,27.5,29.2
2023-10-27,Mundali_Barrage_Cuttack,Mahanadi,797.29,2749.77,21.61,26.5,27.5,29.2
2023-10-28,Mundali_Barrage_Cuttack,Mahanadi,501.17,1491.8,21.5,26.5,27.5,29.2
2023-10-29,Mundali_Barrage_Cuttack,Mahanadi,582.28,1600.36,21.55,26.5,27.5,29.2
2023-10-30,Mundali_Barrage_Cuttack,Mahanadi,475.42,1408.5,21.46,26.5,27.5,29.2
2023-10-31,Mundali_Barrage_Cuttack,Mahanadi,550.42,1325.44,21.41,26.5,27.5,29.2
2023-11-01,Mundali_Barrage_Cuttack,Mahanadi,586.28,1632.93,21.5,26.5,27.5,29.2
2023-11-02,Mundali_Barrage_Cuttack,Mahanadi,427.36,1221.17,21.47,26.5,27.5,29.2
2023-11-03,Mundali_Barrage_Cuttack,Mahanadi,568.53,1807.07,21.47,26.5,27.5,29.2
2023-11-04,Mundali_Barrage_Cuttack,Mahanadi,21583.82,42136.63,26.33,26.5,27.5,29.2
2023-11-05,Mundali_Barrage_Cuttack,Mahanadi,537.78,1500.05,24.56,26.5,27.5,29.2
2023-11-06,Mundali_Barrage_Cuttack,Mahanadi,646.16,1943.7,23.52,26.5,27.5,29.2
2023-11-07,Mundali_Barrage_Cuttack,Mahanadi,435.79,1513.81,22.87,26.5,27.5,29.2
2023-11-08,Mundali_Barrage_Cuttack,Mahanadi,463.04,1538.21,22.41,26.5,27.5,29.2
2023-11-09,Mundali_Barrage_Cuttack,Mahanadi,586.78,1779.36,22.05,26.5,27.5,29.2
2023-11-10,Mundali_Barrage_Cuttack,Mahanadi,520.52,1624.96,21.86,26.5,27.5,29.2
2023-11-11,Mundali_Barrage_Cuttack,Mahanadi,400.63,1367.7,21.61,26.5,27.5,29.2
2023-11-12,Mundali_Barrage_Cuttack,Mahanadi,435.66,1404.84,21.58,26.5,27.5,29.2
2023-11-13,Mundali_Barrage_Cuttack,Mahanadi,495.58,1413.19,21.6,26.5,27.5,29.2
2023-11-14,Mundali_Barrage_Cuttack,Mahanadi,511.73,1528.15,21.51,26.5,27.5,29.2
2023-11-15,Mundali_Barrage_Cuttack,Mahanadi,495.81,1398.66,21.38,26.5,27.5,29.2
2023-11-16,Mundali_Barrage_Cuttack,Mahanadi,463.23,1464.21,21.46,26.5,27.5,29.2
2023-11-17,Mundali_Barrage_Cuttack,Mahanadi,523.79,1579.13,21.39,26.5,27.5,29.2
2023-11-18,Mundali_Barrage_Cuttack,Mahanadi,623.28,1690.58,21.49,26.5,27.5,29.2
2023-11-19,Mundali_Barrage_Cuttack,Mahanadi,598.07,1432.56,21.5,26.5,27.5,29.2
2023-11-20,Mundali_Barrage_Cuttack,Mahanadi,481.12,1242.83,21.39,26.5,27.5,29.2
2023-11-21,Mundali_Barrage_Cuttack,Mahanadi,552.09,1443.71,21.41,26.5,27.5,29.2
2023-11-22,Mundali_Barrage_Cuttack,Mahanadi,26691.42,45177.3,26.53,26.5,27.5,29.2
2023-11-23,Mundali_Barrage_Cuttack,Mahanadi,574.03,1616.0,24.73,26.5,27.5,29.2
2023-11-24,Mundali_Barrage_Cuttack,Mahanadi,522.19,1448.26,23.62,26.5,27.5,29.2
2023-11-25,Mundali_Barrage_Cuttack,Mahanadi,503.08,1607.77,22.87,26.5,27.5,29.2
2023-11-26,Mundali_Barrage_Cuttack,Mahanadi,537.72,1437.13,22.28,26.5,27.5,29.2
2023-11-27,Mundali_Barrage_Cuttack,Mahanadi,485.79,1750.9,22.02,26.5,27.5,29.2
2023-11-28,Mundali_Barrage_Cuttack,Mahanadi,512.67,1489.55,21.79,26.5,27.5,29.2
2023-11-29,Mundali_Barrage_Cuttack,Mahanadi,402.72,1396.91,21.65,26.5,27.5,29.2
2023-11-30,Mundali_Barrage_Cuttack,Mahanadi,460.81,1551.43,21.51,26.5,27.5,29.2
2023-12-01,Mundali_Barrage_Cuttack,Mahanadi,552.33,1673.58,21.51,26.5,27.5,29.2
2023-12-02,Mundali_Barrage_Cuttack,Mahanadi,408.05,1294.43,21.52,26.5,27.5,29.2
2023-12-03,Mundali_Barrage_Cuttack,Mahanadi,687.45,1868.48,21.58,26.5,27.5,29.2
2023-12-04,Mundali_Barrage_Cuttack,Mahanadi,583.61,1437.23,21.49,26.5,27.5,29.2
2023-12-05,Mundali_Barrage_Cuttack,Mahanadi,562.84,1498.85,21.46,26.5,27.5,29.2
2023-12-06,Mundali_Barrage_Cuttack,Mahanadi,500.74,1410.5,21.46,26.5,27.5,29.2
2023-12-07,Mundali_Barrage_Cuttack,Mahanadi,642.13,2097.99,21.56,26.5,27.5,29.2
2023-12-08,Mundali_Barrage_Cuttack,Mahanadi,587.11,1657.03,21.6,26.5,27.5,29.2
2023-12-09,Mundali_Barrage_Cuttack,Mahanadi,486.72,1483.32,21.52,26.5,27.5,29.2
2023-12-10,Mundali_Barrage_Cuttack,Mahanadi,638.75,2101.38,21.56,26.5,27.5,29.2
2023-12-11,Mundali_Barrage_Cuttack,Mahanadi,624.93,1912.52,21.67,26.5,27.5,29.2
2023-12-12,Mundali_Barrage_Cuttack,Mahanadi,444.67,1400.09,21.6,26.5,27.5,29.2
2023-12-13,Mundali_Barrage_Cuttack,Mahanadi,447.37,1463.67,21.53,26.5,27.5,29.2
2023-12-14,Mundali_Barrage_Cuttack,Mahanadi,577.5,1479.34,21.5,26.5,27.5,29.2
2023-12-15,Mundali_Barrage_Cuttack,Mahanadi,409.7,1460.09,21.4,26.5,27.5,29.2
2023-12-16,Mundali_Barrage_Cuttack,Mahanadi,516.84,1681.38,21.49,26.5,27.5,29.2
2023-12-17,Mundali_Barrage_Cuttack,Mahanadi,432.31,1395.77,21.43,26.5,27.5,29.2
2023-12-18,Mundali_Barrage_Cuttack,Mahanadi,430.97,1391.75,21.39,26.5,27.5,29.2
2023-12-19,Mundali_Barrage_Cuttack,Mahanadi,563.07,1639.45,21.46,26.5,27.5,29.2
2023-12-20,Mundali_Barrage_Cuttack,Mahanadi,533.17,1357.43,21.49,26.5,27.5,29.2
2023-12-21,Mundali_Barrage_Cuttack,Mahanadi,598.6,1498.1,21.45,26.5,27.5,29.2
2023-12-22,Mundali_Barrage_Cuttack,Mahanadi,457.78,1474.94,21.51,26.5,27.5,29.2
2023-12-23,Mundali_Barrage_Cuttack,Mahanadi,504.01,1432.75,21.5,26.5,27.5,29.2
2023-12-24,Mundali_Barrage_Cuttack,Mahanadi,466.75,1394.96,21.48,26.5,27.5,29.2
2023-12-25,Mundali_Barrage_Cuttack,Mahanadi,589.19,1685.56,21.49,26.5,27.5,29.2
2023-12-26,Mundali_Barrage_Cuttack,Mahanadi,467.36,1385.88,21.56,26.5,27.5,29.2
2023-12-27,Mundali_Barrage_Cuttack,Mahanadi,525.36,1561.19,21.53,26.5,27.5,29.2
2023-12-28,Mundali_Barrage_Cuttack,Mahanadi,538.42,1552.75,21.5,26.5,27.5,29.2
2023-12-29,Mundali_Barrage_Cuttack,Mahanadi,509.21,1475.6,21.47,26.5,27.5,29.2
2023-12-30,Mundali_Barrage_Cuttack,Mahanadi,579.99,1405.27,21.41,26.5,27.5,29.2
